SampleName,L.1,K.3,K.2,K.1.1,K.1.2,H.2,H.3,H.1,C.1,B.1,A.1,A.2,A.3,F.3,F.1,F.2,E.1,D.1
PAH_Individual7,0,0,0,0,0,0,0,0,0,0.175872469,0,0,0,0.774390244,0,0,0,0
PAH_Individual8,0,0,0,0,0,0,0,0,0,0,0,0,0,0,0.427843457,0,0,0
PAH_Individual11,0,0,0,0,0,0,0,0,0,0,0.330154455,0,0,0.600524476,0,0,0,0
PAH_Individual12,0,0,0,0,0,0,0,0.251213699,0,0,0.019035742,0,0.648524671,0.060737832,0,0,0,0
PAH_Individual26,0,0,0,0.105120427,0,0,0,0.165989278,0,0,0.057564263,0,0.086730122,0,0,0.582775869,0,0
PAH_Individual27,0,0,0,0,0,0,0,0,0,0,0.882169461,0,0,0,0,0,0,0
PAH_Individual54,0,0,0,0,0,0,0,0,0,0,0.723909513,0,0,0,0,0,0,0
PAH_Individual59,0,0,0,0,0,0,0,0,0,0,0.664137779,0,0,0,0,0,0,0
PAH_Individual74,0,0,0,0,0,0,0,0,0,0,0.356158232,0,0,0.590246505,0,0,0,0
PAH_Individual75,0,0,0,0.032828016,0,0,0,0.026141094,0,0.059725364,0.108096862,0,0.049284605,0.662571525,0.049060551,0,0,0
PAH_Individual94,0,0,0,0,0,0,0,0,0,0,0,0,0,0.897232392,0,0,0,0
PAH_Individual97,0,0,0,0,0,0,0,0,0,0,0,0,0,0.417516065,0,0,0,0
PAH_Individual105,0,0,0,0,0,0,0,0,0,0,0.558025723,0,0,0,0,0,0,0
PAH_Individual431,0.025027162,0,0,0,0,0,0,0,0,0,0,0,0.02801331,0.012944715,0,0.910778101,0,0
PAH_Individual437,0,0,0,0,0,0,0,0,0,0,0.740815314,0,0,0,0,0,0,0
PAH_Individual440,0,0,0,0,0,0,0,0,0,0,0,0,0,0.635439945,0,0.189258507,0,0
PAH_Individual446,0,0,0.054000403,0,0,0,0,0,0,0,0.098613084,0,0.278427843,0.44980404,0.08799934,0,0,0
PAH_Individual477,0,0,0,0.116208024,0,0.067894672,0,0,0,0,0,0,0.263175809,0.055499935,0,0,0,0
PAH_Individual482,0,0,0,0,0,0,0,0,0,0,0,0,0.581126561,0.375452208,0,0,0,0
PAH_Individual491,0,0,0,0,0,0,0,0,0,0,0,0,0,0.212670707,0,0,0,0
PAH_Individual501,0,0,0,0,0,0,0,0,0,0,0.632498732,0,0,0,0,0,0,0
PAH_Individual511,0,0,0,0,0,0,0,0,0,0,0,0,0,0.864175314,0,0,0,0
PAH_Individual518,0,0,0,0,0,0,0,0,0,0,0,0,0.011952828,0.871171771,0,0.093475756,0,0
PAH_Individual533,0,0,0.24458968,0,0,0,0,0,0,0,0.065434759,0,0,0,0,0.026294734,0,0
FDT01001cheek,0,0.010505466,0,0,0,0,0,0,0,0.510586758,0.192562987,0.016016002,0.02473234,0.092798491,0.017290653,0.010548175,0.012312276,0.028412175
FDT01002cheek,0,0,0,0,0.010799159,0,0,0,0,0,0.19806566,0.022053624,0.736660737,0,0.010275335,0.010459153,0,0.011686332
FDT01003cheek,0,0,0,0,0,0,0,0,0,0,0.914386101,0,0.030190017,0,0,0,0.028312573,0.027111309
FDT01004cheek,0.031712349,0,0,0.047836346,0,0,0,0,0,0,0.920451305,0,0,0,0,0,0,0
FDT01005cheek,0.644496881,0,0,0,0,0,0,0,0,0,0,0,0,0,0,0,0,0
FDT01006cheek,0.033487735,0,0,0,0,0,0,0,0,0,0.1218226,0,0.111107885,0.73358178,0,0,0,0
FDT01007cheek,0,0,0,0,0,0,0,0,0,0,0.800135672,0,0.023564245,0.032040223,0,0.102379456,0.022043541,0.019836863
FDT01008cheek,0,0,0,0,0,0,0,0,0,0,0.044454519,0,0.868395123,0.039381082,0,0.014358816,0.018744863,0.014665598
FDT01009cheek,0,0,0,0,0,0,0,0,0,0,0.967009448,0.019621966,0.013368586,0,0,0,0,0
FDT01010cheek,0,0,0.044902876,0,0,0,0,0,0,0,0.018433684,0,0.896037535,0,0,0.011516887,0.014979067,0.014129952
FDT01011cheek,0.02303216,0,0.09873461,0,0,0.165234032,0,0,0,0,0.358887636,0,0.030881354,0.323230209,0,0,0,0
FDT01012cheek,0,0,0,0,0,0.062461984,0,0,0,0,0.03446047,0.019435327,0.88364222,0,0,0,0,0
FDT01013cheek,0,0,0,0,0,0,0,0,0,0,0.017654313,0.015476484,0.966869202,0,0,0,0,0
FDT01014cheek,0,0,0.046979954,0,0,0,0,0,0,0,0.027995175,0.014461207,0.0189229,0,0,0,0,0
FDT01015cheek,0,0,0,0,0,0,0,0,0,0,0.024295887,0.017318409,0.916966422,0,0,0.010305557,0.015689808,0.015423918
FDT01016cheek,0,0,0.086749596,0.012157773,0,0.054629656,0,0,0,0,0.633620887,0,0.099116753,0,0,0,0.097926365,0.01579897
FDT01017cheek,0,0,0.707573546,0,0,0,0,0,0,0,0.257383538,0,0,0,0.014030145,0.011026649,0.009986121,0
FDT01018cheek,0,0,0,0,0,0,0,0,0,0.213209137,0.01037078,0.013544457,0.012134505,0.70370155,0,0,0,0
FDT01019cheek,0.026066514,0,0,0.536923351,0,0,0,0.0218282,0,0,0.37262117,0,0.042560764,0,0,0,0,0
FDT01020cheek,0,0,0,0,0,0.014278299,0,0,0,0.025574303,0.663229597,0.015101397,0.030812217,0.010504776,0.017455643,0,0,0.05715535
FDT01021cheek,0,0,0,0,0,0,0,0.455249874,0,0,0.531198699,0,0.013551428,0,0,0,0,0
FDT01022cheek,0.029187821,0.009647057,0,0.031012555,0,0,0,0,0,0,0.727042527,0,0,0.203110039,0,0,0,0
FDT01023cheek,0,0,0,0.081240662,0,0,0,0,0,0,0.332558344,0.015601626,0,0.570599368,0,0,0,0
FDT01024cheek,0,0,0,0,0,0,0,0,0,0,0.741303999,0.011462243,0.222806186,0,0,0,0,0
FDT01025cheek,0,0,0,0,0,0,0,0,0,0,0.04189984,0.017300869,0,0,0,0,0,0
FDT01026cheek,0,0,0,0,0,0,0,0,0,0,0.058312518,0.016661841,0,0.908905217,0,0,0,0.016120424
FDT01028cheek,0.039387704,0,0,0,0,0,0,0,0,0,0.367299679,0,0.593312617,0,0,0,0,0
FDT01029cheek,0,0,0,0,0,0,0,0,0,0,0.011032439,0.015573129,0.973394433,0,0,0,0,0
FDT01030cheek,0,0,0,0.011239,0,0,0,0,0,0,0,0.014342385,0.510038124,0.444113572,0,0,0,0
FDT01031cheek,0.034385824,0,0,0,0,0,0,0,0,0,0.965614176,0,0,0,0,0,0,0
FDT01032cheek,0,0,0,0,0,0,0,0,0,0,0.654627561,0,0.01362917,0.288009617,0.010187186,0,0.017600391,0.015946076
FDT01033cheek,0,0,0,0,0,0,0,0,0,0,0.89515983,0.01047569,0,0,0,0,0,0
FDT01035cheek,0,0,0.043003188,0,0,0,0,0,0,0,0.848910914,0.018681963,0.089403936,0,0,0,0,0
FDT01037cheek,0,0,0.105141072,0,0,0,0,0,0,0,0.82380324,0.019459214,0.010142746,0.030677522,0,0,0,0.010776206
FDT01038cheek,0.027043815,0,0,0,0,0,0,0,0,0,0.644856805,0,0.32809938,0,0,0,0,0
FDT01039cheek,0,0.026611468,0,0.01356297,0.023579435,0,0,0,0,0.009075269,0.042786044,0.064376339,0,0.733085187,0,0.020691856,0.037518376,0.028713054
FDT01040cheek,0.018973601,0,0,0.398858665,0,0,0,0,0,0,0.057504356,0,0.052198219,0.390523123,0,0.025202924,0.041963737,0.014775374
FDT01041cheek,0.058918955,0,0,0.131344986,0,0.016754861,0,0,0,0,0.467867986,0,0,0,0,0,0,0.325113213
FDT01042cheek,0,0,0,0,0,0,0,0,0,0.010246377,0.946851252,0.01981292,0.011508007,0.011581444,0,0,0,0
FDT01044cheek,0,0,0,0,0,0,0,0,0,0,0,0,0,0.983248379,0,0,0,0
FDT01045cheek,0,0,0,0,0,0,0,0,0,0,0.978840877,0.011067517,0.010091606,0,0,0,0,0
FDT01047cheek,0,0,0,0,0,0,0,0,0,0,0,0.016689208,0.686454085,0.266903475,0,0,0,0
FDT01048cheek,0,0,0,0,0,0,0,0,0,0,0.872583143,0.014856574,0.04622392,0.011761972,0,0,0,0.013933114
FDT01049cheek,0,0,0,0,0,0,0,0,0,0,0.909939134,0.029610397,0.023676384,0,0,0,0.019449515,0.017324569
FDT01050cheek,0,0,0,0,0,0,0,0,0,0,0,0.010620063,0,0,0,0,0,0
FDT01051cheek,0,0,0,0,0,0,0,0.010100344,0,0,0.06390611,0.016247335,0.90974621,0,0,0,0,0
FDT01052cheek,0.019061791,0,0.080660338,0,0,0.189119412,0,0.067150985,0,0,0.182219374,0,0.272631139,0.1336171,0,0.021102624,0.034437236,0
FDT01054cheek,0.038668947,0,0,0,0,0,0,0,0,0,0.11308293,0,0.746828844,0.101419279,0,0,0,0
FDT01055cheek,0.025040709,0,0.018394861,0.015782844,0,0.042511059,0,0,0,0,0.627884041,0,0.152068581,0.118317905,0,0,0,0
FDT01056cheek,0,0,0.135555598,0,0,0,0,0,0.075583365,0,0.186432458,0,0.046564271,0.405410801,0,0.114581753,0.017389429,0.018482325
FDT01057cheek,0,0,0,0,0,0,0,0,0,0,0.700765509,0,0.245726167,0.053508324,0,0,0,0
FDT01058cheek,0.049184167,0,0,0.112641099,0,0.285573878,0,0,0,0,0,0,0,0,0,0.064830209,0,0.021351054
FDT01059cheek,0,0,0,0.020945956,0.011465326,0.009217769,0,0,0.035446435,0,0.174156647,0.029305606,0.685699395,0,0.012365445,0.011261273,0.010136149,0
FDT01060cheek,0.045352832,0,0.047918656,0,0,0.027861619,0,0,0,0,0.582887725,0,0.162748416,0.133230752,0,0,0,0
FDT01061cheek,0.084137621,0,0.59045105,0,0,0,0,0,0,0,0.32541133,0,0,0,0,0,0,0
FDT01062cheek,0.037052579,0,0.199380371,0.037363013,0,0.082942181,0,0,0,0,0.435550623,0,0.207711232,0,0,0,0,0
FDT01063cheek,0,0,0,0,0,0,0,0,0,0,0.45417038,0.021984432,0.504270113,0,0,0,0,0
FDT01064cheek,0,0,0,0,0,0,0,0,0,0,0.370218923,0.01458322,0.559472801,0.048171048,0,0,0,0
FDT01065cheek,0.023271629,0,0.033425687,0,0,0,0,0,0,0,0.381626303,0,0.192910077,0.328454307,0,0.023937371,0.016374626,0
FDT01067cheek,0.043541025,0,0.115244868,0,0,0,0,0,0.149843808,0,0.273968696,0,0,0.194220491,0,0.223181112,0,0
FDT01068cheek,0.013580874,0,0.040588967,0,0,0.015668728,0.00969245,0,0.035821327,0,0.055785401,0,0.028113564,0.736013089,0,0.024723514,0.019183897,0.020828188
FDT01069cheek,0.017903141,0,0.033871168,0.02399452,0,0.047565582,0,0,0,0,0.185067021,0,0.540806983,0.079401624,0,0.017437192,0.031648204,0.022304567
FDT01070cheek,0,0,0,0,0,0,0,0,0,0,0.626657251,0,0,0,0,0,0,0
FDT01071cheek,0,0,0,0,0,0,0,0,0,0,0.45259568,0,0.35183679,0.19556753,0,0,0,0
FDT01072cheek,0.051987085,0,0.020379298,0.020936833,0,0,0,0,0,0,0.177746763,0,0.149661845,0.579288177,0,0,0,0
FDT01073cheek,0,0,0,0.056201426,0.009329925,0.010426378,0,0,0,0,0.747655163,0.021676799,0.102311031,0.012797135,0.009522407,0.009491506,0.010529265,0.010058965
FDT01074cheek,0.019354654,0,0.022773909,0,0,0.00890766,0.011367581,0,0,0,0.345398772,0,0.310640393,0.251660612,0,0,0,0.029896418
FDT01075cheek,0,0,0,0,0,0,0,0.009989974,0,0,0.123260433,0,0,0.866749593,0,0,0,0
FDT01076cheek,0.225181323,0,0.031887033,0,0,0,0,0,0,0,0.742931643,0,0,0,0,0,0,0
FDT01077cheek,0,0,0,0.091777273,0,0,0,0,0,0,0.121014399,0,0.733129356,0.054078972,0,0,0,0
FDT01078cheek,0.042532369,0,0,0,0,0,0,0,0,0,0.55704972,0,0.254830149,0.145587763,0,0,0,0
FDT01079cheek,0.077162065,0,0,0,0,0,0,0,0,0,0.780848746,0,0,0,0,0,0.016578262,0
FDT01080cheek,0,0,0.016477568,0,0,0,0,0,0,0,0.92619163,0,0.057330802,0,0,0,0,0
FDT01081cheek,0.073706404,0,0,0,0,0,0,0,0,0,0.469538251,0,0.456755346,0,0,0,0,0
FDT01082cheek,0,0,0.012496662,0,0,0,0,0,0,0,0.630037203,0,0.13358688,0.172404832,0,0.011663778,0.020184244,0.0196264
FDT01083cheek,0,0,0.010482375,0,0,0,0,0,0,0,0.968719049,0,0,0,0,0,0,0
FDT01085cheek,0.588557509,0,0,0,0,0,0,0,0,0,0.411442491,0,0,0,0,0,0,0
FDT01086cheek,0,0,0.020367748,0,0,0.013609996,0,0.015525496,0,0,0.865726319,0,0.035963572,0.013455426,0.011157224,0.009730174,0,0.014464047
FDT01087cheek,0.012927317,0,0.026083797,0.062175478,0.012725918,0.312580132,0,0,0,0,0.178608226,0,0.288164981,0.044750886,0,0.03522588,0.015261783,0.011495601
FDT01088cheek,0,0,0,0,0,0.053916374,0,0,0,0,0.019159541,0.018681076,0.544052502,0.315737519,0,0,0,0
FDT01089cheek,0.021944316,0,0,0.014521207,0,0.016306152,0,0,0,0,0.100712288,0,0.771465952,0.038614478,0,0,0.036435607,0
FDT01090cheek,0.031871068,0,0.009601056,0,0,0,0,0,0,0,0.457526083,0,0.144664209,0.110659482,0,0,0,0.245678103
FDT01091cheek,0.03645618,0,0.016474871,0,0,0.016009212,0,0,0,0,0.871375786,0,0.059683951,0,0,0,0,0
FDT01092cheek,0,0,0,0,0,0,0,0,0,0,0.294944791,0,0.306693723,0.398361487,0,0,0,0
FDT01094cheek,0.030159164,0,0.030250556,0,0,0,0,0,0,0,0.481976125,0,0.118731671,0.080264391,0,0.130477815,0,0.128140279
FDT01096cheek,0,0.016848239,0,0.035840391,0,0,0,0,0,0,0.331111782,0.016963359,0.018452998,0.013812913,0.012316849,0,0,0.3088863
FDT01097cheek,0.026576315,0,0.089132335,0.017878988,0,0,0,0,0,0,0.367543698,0,0.309259046,0.124373831,0,0,0,0.065235787
FDT01098cheek,0,0,0.009637817,0,0,0.014980266,0,0,0,0,0.881864124,0,0.029536289,0,0,0,0.037092775,0.026888729
FDT01099cheek,0.028952887,0,0.02211882,0,0,0.041300536,0,0,0,0,0.547757225,0,0.101006192,0.033776105,0,0.196802324,0,0.028285911
FDT01100cheek,0.038001514,0,0.013609531,0,0,0,0,0,0,0,0.208321976,0,0.371785073,0.368281906,0,0,0,0
FDT01101cheek,0,0.010082545,0.141129443,0.038353168,0,0.055188906,0,0,0,0,0.020607983,0,0.561665777,0,0,0,0.017759126,0.017416686
FDT01102cheek,0,0.037717178,0.010514333,0.029031609,0,0,0.026911519,0,0,0,0.074766532,0,0.068493287,0.565541741,0.027615534,0,0.043574829,0.057990682
FDT01103cheek,0,0.015742937,0,0,0,0,0.010507172,0,0,0,0.559708041,0,0.032538523,0.264469179,0,0.010613553,0.015545778,0.090874818
FDT01104cheek,0.021470823,0,0.018478024,0,0,0,0,0,0,0,0.040328498,0,0.080828806,0.838893849,0,0,0,0
FDT01105cheek,0,0,0,0.142770176,0,0,0,0,0,0,0.055587576,0,0.128236833,0.673405415,0,0,0,0
FDT01106cheek,0.028355409,0,0,0.163974661,0,0.435613432,0,0,0,0,0.222514341,0,0.149542156,0,0,0,0,0
FDT01107cheek,0.051240463,0,0,0.080215059,0,0.101348475,0,0,0,0,0,0,0.046201205,0.720994797,0,0,0,0
FDT01108cheek,0.054706919,0,0.122239575,0,0,0,0,0,0,0,0.823053506,0,0,0,0,0,0,0
FDT01110cheek,0.030367317,0.010631205,0,0.045899881,0,0,0,0,0,0,0.456056317,0,0.45704528,0,0,0,0,0
FDT01111cheek,0,0,0,0,0,0,0,0,0,0,0.635454383,0,0,0,0,0,0,0
FDT01112cheek,0,0,0,0,0,0,0,0,0,0,0,0,0,0.923363835,0,0,0,0
FDT01114cheek,0,0,0,0,0,0,0,0,0,0,0,0,0,0,0,0,0,0
FDT01115cheek,0,0,0,0,0,0,0,0,0,0,0.900687562,0,0,0,0,0,0,0
FDT01116cheek,0,0,0,0,0,0,0,0,0,0,0,0,0,0,0,0,0,0
FDT01117cheek,0,0.009957277,0,0,0,0,0,0,0,0,0.822786621,0,0.121754107,0,0,0.015437943,0.017932342,0.01213171
FDT01118cheek,0.021053415,0,0,0,0,0,0,0,0,0,0.30237414,0,0.093046987,0.556771033,0,0,0.026754425,0
FDT01119cheek,0.016356622,0,0.011031348,0.035263708,0,0,0,0,0,0,0.386893165,0,0.039366924,0.409705377,0,0,0.013974233,0.087408622
FDT01120cheek,0,0,0,0,0,0,0,0,0,0,0.319849442,0,0.60463995,0.075510608,0,0,0,0
FDT01121cheek,0,0.025661154,0,0,0.010505468,0,0,0,0.028835806,0,0.14338069,0,0,0.692558382,0.029989571,0.013473387,0.023529513,0.032066028
FDT01122cheek,0.032879344,0,0,0,0,0.200435186,0,0,0,0,0.420844157,0,0.345841313,0,0,0,0,0
FDT01123cheek,0.020560348,0,0,0.156898348,0,0,0,0,0,0,0.671978302,0,0.0878287,0.011882743,0,0.021375734,0.029475824,0
FDT01124cheek,0.094361314,0,0,0,0,0,0,0,0,0,0.905638686,0,0,0,0,0,0,0
FDT01125cheek,0.055248467,0,0.01292303,0,0,0.037515141,0,0,0,0,0.440432123,0,0.081735465,0.09944798,0,0.200473756,0.025930342,0.046293697
FDT01126cheek,0.01333623,0,0,0,0,0,0,0,0,0,0.851777437,0,0.038130043,0.09675629,0,0,0,0
FDT01127cheek,0.018150948,0,0,0,0,0.013689379,0,0,0,0,0.293930399,0,0.184309088,0.025215552,0,0.418675136,0,0.046029497
FDT01129cheek,0.016347527,0,0,0,0,0.299977659,0,0.011248338,0,0,0.0928069,0,0.393942824,0.05562462,0,0,0.022891785,0.02034631
FDT01130cheek,0.994565109,0,0,0,0,0,0,0,0,0,0,0,0,0,0,0,0,0
FDT01131cheek,0,0.014755777,0,0.022345541,0,0,0,0,0,0.108368747,0.024764069,0,0.091379106,0.017284233,0,0.674264751,0.022044855,0.02479292
FDT01132cheek,0.039344843,0.060969569,0.047756024,0.025901797,0,0.016105795,0,0,0,0,0.489401947,0,0.101693212,0,0,0,0,0.094116956
FDT01133cheek,0,0,0,0,0,0,0,0,0,0,0,0,0.156453406,0.843546594,0,0,0,0
FDT01134cheek,0.045443825,0,0,0,0,0,0,0,0,0,0.88123713,0,0.073319045,0,0,0,0,0
FDT01135cheek,0,0,0,0,0,0.107522677,0,0,0,0,0.210733428,0,0.681743895,0,0,0,0,0
FDT01136cheek,0,0,0,0,0,0,0,0,0,0,0.774347687,0,0.125962807,0.028239249,0,0.044211511,0,0.027238746
FDT01137cheek,0.08737403,0,0,0,0,0,0,0,0.120033981,0,0.792591989,0,0,0,0,0,0,0
FDT01138cheek,0,0,0.437874191,0.118093851,0,0,0,0,0,0,0.076193412,0,0.367838546,0,0,0,0,0
FDT01139cheek,0.028966043,0,0.034838794,0,0,0,0,0,0,0,0.329375144,0,0.551718611,0,0,0,0.017961389,0.037140018
FDT01140cheek,0,0,0,0,0,0.011065582,0,0,0,0,0.177006208,0,0.544720615,0.021379202,0,0.20885164,0.014164866,0.015890913
FDT01141cheek,0,0,0,0.021977512,0,0,0,0,0,0,0.066936022,0,0.876549203,0.013580488,0,0,0,0.020956775
FDT01142cheek,0,0,0,0.422479707,0,0.045696581,0,0,0,0,0.048486833,0,0.257585988,0.082957175,0,0.012497759,0.018971535,0
FDT01146cheek,0,0,0,0,0,0,0,0,0,0,0.794937327,0,0,0.205062673,0,0,0,0
FDT01147cheek,0.098719344,0,0,0.456552511,0,0,0,0,0,0,0.056931488,0,0.231567859,0,0.022814393,0,0.072850671,0
FDT01148cheek,0.152256252,0,0,0,0,0,0,0,0,0,0.847743748,0,0,0,0,0,0,0
FDT01149cheek,0,0,0,0,0,0,0,0,0,0,0.527232806,0,0,0.472767194,0,0,0,0
FDT01151cheek,0.124674527,0,0,0,0,0,0,0,0,0,0,0,0,0,0,0,0,0
FDT01152cheek,0.051583775,0,0.163715087,0,0,0,0,0,0,0,0.622543178,0,0.16215796,0,0,0,0,0
FDT01153cheek,0,0,0,0,0,0,0,0,0,0,0.122496415,0,0,0.877503585,0,0,0,0
FDT01154cheek,0.069122574,0,0.124651061,0,0,0,0,0,0,0,0,0,0.304332968,0,0,0,0,0
FDT01155cheek,0,0,0,0,0,0,0,0,0,0,0,0,0.200606369,0.690081155,0,0,0,0
FDT01156cheek,0,0,0.009076306,0.109428228,0.014006461,0,0,0,0,0.047374531,0.188038275,0,0.103698764,0.457393031,0,0.019497471,0.028068018,0.023418914
FDT01157cheek,0,0,0.832912372,0.011777081,0.011116827,0.017888216,0,0.027077701,0,0,0.027328844,0,0,0.024582698,0.016577525,0.015750808,0.014987928,0
FDT01158cheek,0.020506833,0,0.01455051,0,0,0.197263158,0,0,0,0,0.310433117,0,0.052679317,0.016296552,0,0,0.029362298,0.358908216
FDT01159cheek,0,0,0,0,0,0,0,0,0,0.02937077,0.855477182,0.01832587,0.036084524,0.026431664,0,0.012177549,0.010743979,0.011388461
FDT01160cheek,0,0,0,0,0,0.071688901,0,0,0,0,0.841159309,0.014964342,0.050818306,0.021369142,0,0,0,0
FDT01161cheek,0,0,0,0.083227295,0,0,0,0,0,0,0.021146148,0,0.1159171,0.699542502,0,0.01601825,0.039531209,0.024617496
FDT01162cheek,0,0,0.130753942,0.044458798,0,0,0,0.024447041,0,0,0.048482678,0,0,0.410326758,0,0.022470761,0.072645518,0.027281789
FDT01163cheek,0.018813543,0,0,0,0,0,0,0,0,0,0.71026076,0,0,0.205346215,0,0.023983116,0.020860073,0.020736293
FDT01164cheek,0,0,0,0,0,0,0,0,0,0,0.90661311,0,0,0,0,0,0,0
FDT01165cheek,0,0,0,0.135921484,0,0,0,0.370316602,0,0,0.03490093,0.019169129,0.042817696,0.330175854,0,0.016176711,0.030448661,0.020072933
FDT01166cheek,0,0,0,0,0,0,0,0,0,0,0.229085179,0,0,0.770914821,0,0,0,0
FDT01167cheek,0.037234722,0,0,0,0,0,0,0,0,0,0.088491571,0,0.018243375,0.75494661,0,0.02410026,0.041137183,0.035846279
FDT01168cheek,0.166658629,0,0,0,0,0,0,0,0,0,0,0,0,0.833341371,0,0,0,0
FDT01169cheek,0.061400902,0,0.013248355,0.063432903,0,0,0,0,0,0,0.138697947,0,0.218173196,0.369490953,0.135555744,0,0,0
FDT01170cheek,0,0,0,0.067443337,0,0.009869644,0,0,0,0,0.068951189,0,0.311922239,0.386859977,0,0.014646853,0.017696406,0.122610354
FDT01171cheek,0.024639251,0,0,0.010368859,0,0,0,0,0,0,0.055156523,0,0.044013336,0.865822032,0,0,0,0
FDT01172cheek,0.057094397,0,0,0,0,0,0,0,0,0,0.183987659,0,0.317825915,0.441092029,0,0,0,0
FDT01173cheek,0.030735368,0,0,0.087760245,0,0,0,0,0,0,0.166383705,0,0.431475914,0.283644766,0,0,0,0
FDT01174cheek,0,0.010628317,0.014284499,0.105776008,0.012108322,0.155254674,0,0,0,0,0.045622762,0.019214507,0.126488095,0.378710994,0,0.020007237,0,0
FDT01175cheek,0.044115039,0,0.078789585,0,0.01869359,0,0,0,0,0,0.295303795,0,0.464428002,0,0,0,0,0
FDT01176cheek,0.020614969,0,0.057808289,0.124088481,0,0,0,0.220894556,0,0,0.034587214,0,0,0.456798584,0,0,0.065404087,0.019803819
FDT01177cheek,0.026695867,0,0.200545431,0,0,0,0,0,0,0,0.392716807,0,0.033470307,0.312543309,0,0,0.034028281,0
FDT01178cheek,0.014844746,0.011166009,0.03453282,0.014494231,0.031654632,0.094535194,0,0,0,0,0.09393201,0,0,0.675832206,0,0.014494468,0,0.014513683
FDT01179cheek,0,0,0,0,0,0,0,0,0,0,0.232794721,0,0.059211392,0.707993887,0,0,0,0
FDT01180cheek,0.126542975,0,0,0,0,0,0,0,0,0,0.696818346,0,0.17663868,0,0,0,0,0
FDT01181cheek,0.03406516,0,0,0.016166211,0,0,0,0,0,0.076238436,0.03336222,0,0.64309104,0.197076934,0,0,0,0
FDT01182cheek,0,0,0,0,0,0.020741091,0,0.01049334,0,0,0.186153957,0.018597353,0.01011458,0.731088188,0,0.013474233,0,0.009337259
FDT01183cheek,0.067413678,0,0,0,0,0,0,0,0,0,0.932586322,0,0,0,0,0,0,0
FDT01184cheek,0.107503148,0,0,0,0,0,0,0,0,0,0,0,0.892496852,0,0,0,0,0
FDT01186cheek,0.069249723,0,0.322580827,0,0,0,0,0,0,0,0.342882907,0,0.040558723,0.22472782,0,0,0,0
FDT01187cheek,0.189000438,0,0,0,0.259215465,0,0,0,0,0,0.551784097,0,0,0,0,0,0,0
FDT01188cheek,0.020971526,0,0,0.01658749,0,0.124204038,0,0.021734594,0,0,0.630238116,0,0.038646998,0.076144095,0,0.022128371,0.028303323,0.021041449
FDT01190cheek,0.048277548,0,0,0,0,0,0,0,0,0,0.68979953,0,0.19327575,0.060704938,0,0.007942235,0,0
FDT0864cheek,0.018144482,0,0,0,0.010159233,0,0,0,0,0,0.023694423,0.02529467,0,0.894865823,0,0.015510698,0.01233067,0
FDT0865cheek,0.01928736,0,0,0.012146852,0,0,0,0,0,0,0.198664852,0,0.015031933,0.68045102,0,0.024233097,0.035487896,0.014696991
FDT0867cheek,0,0,0,0,0,0,0,0,0,0,0.921313381,0.024445787,0.054240832,0,0,0,0,0
FDT0868cheek,0,0.018288239,0,0.012144574,0,0,0,0,0,0,0.228018241,0.021338565,0.369546747,0.053532577,0.024394012,0.011737941,0.012215559,0.057190601
FDT0869cheek,0.087878059,0,0,0,0,0.078024638,0,0,0,0.341974723,0.104166,0,0.10757358,0.280383,0,0,0,0
FDT0870cheek,0,0.011664908,0,0.010194688,0.013540025,0,0,0,0,0.20211468,0.257970782,0.027109037,0,0.085912198,0.011625064,0.017437475,0.020537651,0.012952381
FDT0871cheek,0.06023212,0.01391858,0,0.023340869,0,0,0,0,0,0,0.824241676,0,0,0.035903761,0,0,0.042362994,0
FDT0872cheek,0.099658908,0,0.262982112,0,0,0,0,0,0,0,0.307459961,0,0,0.32989902,0,0,0,0
FDT0873cheek,0.164843289,0,0,0,0,0,0,0,0,0,0.835156711,0,0,0,0,0,0,0
FDT0875cheek,0.009133347,0.010486267,0.076372774,0.025177018,0,0,0,0.00961579,0,0,0.575901876,0,0.088991287,0.052019506,0.013726754,0.106543722,0.016324267,0.01570739
FDT0876cheek,0,0,0,0.150552072,0,0,0,0.023879162,0,0,0.8098561,0.013308063,0,0,0,0,0,0
FDT0881cheek,0,0,0.014973636,0.050982549,0.107845652,0,0,0,0,0,0.431630026,0,0,0.306237938,0,0.032670709,0.028995059,0.026664431
FDT0884cheek,0.336640165,0,0,0,0,0,0,0,0,0,0.663359835,0,0,0,0,0,0,0
FDT0886cheek,0,0,0.021572013,0,0,0,0.033958321,0,0,0,0.840010457,0.030241458,0.025706198,0,0,0.016282312,0.01780322,0.014426021
FDT0887cheek,0,0.011271026,0,0.009556964,0.021505291,0,0.013357178,0,0,0,0.050861205,0,0.010411104,0.814460472,0,0.016902425,0.021501771,0.030172564
FDT0888cheek,0.019868558,0.008833592,0.234487789,0,0,0.021815938,0,0,0,0,0.062023213,0,0.140256404,0.447743368,0,0.025768318,0.019112227,0.020090593
FDT0889cheek,0,0,0,0,0,0,0,0,0,0,0.355364633,0,0,0,0,0,0,0
FDT0890cheek,0,0,0,0,0,0,0,0,0,0,0,0,0,0,0,0,0,0
FDT0892cheek,0.020832125,0,0,0,0,0,0,0,0,0,0.343081934,0,0.275623033,0.332989665,0,0,0,0.027473243
FDT0893cheek,0,0,0.066810683,0.009598831,0.020588406,0,0,0,0,0,0.734566298,0,0.03999166,0,0,0.029418999,0.063199565,0.035825559
FDT0895cheek,0.029127493,0,0,0.025626418,0,0,0,0,0,0,0.309161796,0,0.391128481,0.185314386,0,0,0.059641425,0
FDT0896cheek,0.062868675,0,0,0,0,0,0,0,0.020477339,0,0.209180597,0,0.659185981,0.048287408,0,0,0,0
FDT0897cheek,0.080088539,0,0,0,0,0,0,0,0,0,0.686423772,0,0,0.233487689,0,0,0,0
FDT0898cheek,0.031524709,0,0.009395452,0.126316651,0,0,0,0,0,0,0.675986589,0,0.038697026,0.029059025,0,0.028496804,0.034103789,0.026419955
FDT0899cheek,0,0,0.106330635,0,0,0,0,0,0,0,0.097920252,0,0.230294529,0.493483178,0.011333081,0.019700864,0.019013886,0.021923575
FDT0900cheek,0.146340256,0,0,0,0,0,0,0,0,0,0.334662991,0,0,0,0,0.302687015,0,0
FDT0901cheek,0,0,0.118035545,0,0.014149828,0,0,0,0,0,0.079433077,0,0.042276249,0.660245514,0,0.018145696,0.049944048,0.017770041
FDT0902cheek,0,0,0,0,0.009386373,0,0,0.012648307,0,0,0.871311506,0.025475907,0.020087969,0.014875781,0,0.015638386,0.015295125,0.015280645
FDT0903cheek,0.180658818,0,0,0,0,0,0,0,0,0,0,0,0.682033752,0.137307429,0,0,0,0
FDT0904cheek,0.051458057,0,0.199449836,0,0,0,0,0,0,0,0.339717328,0,0.141276682,0.268098096,0,0,0,0
FDT0905cheek,0.084201859,0,0.022711841,0,0,0,0,0,0,0,0.743076808,0,0.133748564,0,0,0,0,0.016260928
FDT0906cheek,0.034867204,0,0.298861025,0,0,0,0,0,0,0,0.63400513,0,0.021022409,0,0,0,0,0.011244232
FDT0907cheek,0.090233521,0,0,0,0,0,0,0,0,0.205757695,0.498642848,0,0,0.205365936,0,0,0,0
FDT0909cheek,0.033221192,0.015726751,0.142729599,0,0,0,0,0,0,0,0.592081107,0,0.08633936,0.061487525,0,0,0.04223316,0.026181306
FDT0910cheek,0,0,0,0,0,0.012191046,0,0,0,0,0.370842636,0,0.075748484,0.470774681,0,0.017447221,0.027948234,0.025047699
FDT0911cheek,0.018909904,0.012441414,0,0.009076771,0.018989542,0,0,0,0,0,0.818292605,0,0.044781682,0,0,0.019839124,0.046689829,0.010979129
FDT0912cheek,0,0,0,0.02686751,0,0,0,0,0,0,0,0,0.327373337,0.645759154,0,0,0,0
FDT0914cheek,0.047633887,0,0,0,0,0,0,0,0,0,0.952366113,0,0,0,0,0,0,0
FDT0916cheek,0.093528277,0,0,0,0,0,0,0,0,0,0.828524545,0,0,0,0,0,0,0
FDT0917cheek,0.129295119,0,0,0,0,0,0,0,0,0,0,0,0.638496416,0.232208465,0,0,0,0
FDT0918cheek,0.250693189,0,0.031261729,0,0,0,0,0,0,0,0.259854364,0,0.458190717,0,0,0,0,0
FDT0919cheek,0,0,0.108173911,0.01348563,0,0,0,0.101559571,0,0,0.096952146,0,0.447566651,0.182549549,0.013815596,0.018939237,0.016957708,0
FDT0920cheek,0.035289094,0,0.008618271,0.009604415,0.014918193,0,0,0,0,0,0.038957893,0,0.800759209,0.008779119,0.012459552,0.020797937,0.028914165,0.020902153
FDT0921cheek,0.020762533,0,0,0.055166598,0,0.014155639,0,0,0.039217454,0,0.092375128,0,0.343601361,0.378070079,0,0.015925985,0.021097702,0.019627521
FDT0922cheek,0.022491262,0,0.013111172,0.020642017,0.019259771,0.231054848,0,0,0,0,0.578363763,0,0.064482373,0,0,0,0,0.050594794
FDT0923cheek,0,0,0,0,0,0,0,0,0,0,0,0,1,0,0,0,0,0
FDT0924cheek,0.035284223,0.014628527,0,0,0,0,0,0,0,0,0.08453086,0,0.045716074,0.775382554,0,0,0,0
FDT0925cheek,0.020613305,0,0,0,0.024912113,0,0,0,0,0,0.039799933,0,0.747506129,0.167168521,0,0,0,0
FDT0926cheek,0.059443908,0,0.029641216,0,0,0,0,0,0,0,0.41846594,0,0.492448937,0,0,0,0,0
FDT0929cheek,0,0,0,0,0,0,0,0,0,0,0.865204353,0,0.134795647,0,0,0,0,0
FDT0930cheek,0,0,0,0.014571456,0,0,0,0,0,0,0.923874518,0.02252707,0.016485762,0.022541195,0,0,0,0
FDT0931cheek,0.036915743,0,0.021726169,0,0,0,0,0,0,0,0.111164044,0,0.581542883,0.140202912,0,0.047550071,0,0.060898178
FDT0932cheek,0.158243336,0,0.083089847,0,0,0,0,0,0,0,0.758666817,0,0,0,0,0,0,0
FDT0934cheek,0.436118882,0,0.009558769,0,0,0,0,0,0,0,0,0,0,0.554322349,0,0,0,0
FDT0935cheek,0,0,0.008867747,0,0,0,0,0,0.017144929,0,0.671147199,0.016242145,0.185825819,0.037328692,0.011598333,0.014230382,0.021078541,0.016536214
FDT0936cheek,0.045699415,0,0,0,0,0,0,0,0,0,0.797423163,0,0.156877422,0,0,0,0,0
FDT0937cheek,0,0,0.145830863,0,0,0,0,0,0,0,0.516710426,0,0,0.337458711,0,0,0,0
FDT0939cheek,0.040309806,0,0,0,0,0.126333804,0,0,0,0,0.391565573,0,0.178742402,0.263048414,0,0,0,0
FDT0940cheek,0,0,0,0,0,0,0,0,0,0,0.823750508,0,0.01327814,0.128183259,0.009464584,0,0.011819197,0.013504311
FDT0941cheek,0.033147247,0,0,0,0,0,0,0,0,0,0.210102152,0,0.693221868,0,0,0,0.063528734,0
FDT0942cheek,0,0,0,0,0,0,0,0,0,0,0,0,0,0,0,0,0,0
FDT0944cheek,0.050521369,0,0,0,0,0,0,0,0,0,0.927409718,0,0,0,0,0.022068912,0,0
FDT0945cheek,0.047541277,0,0.085195438,0,0,0,0,0,0,0,0.251536812,0,0.615726473,0,0,0,0,0
FDT0946cheek,0,0.014311323,0,0,0,0,0,0,0,0,0.24622626,0.021667908,0.139571844,0.467757673,0.013175445,0.011082856,0.013136584,0.023652652
FDT0947cheek,0,0,0,0,0,0,0,0,0,0,0.612072063,0,0,0.387927937,0,0,0,0
FDT0948cheek,0,0,0,0,0,0,0,0,0,0,0.084454883,0,0.859446945,0,0,0.018472961,0.019162241,0.018462971
FDT0949cheek,0.025553461,0,0,0,0,0.035575955,0,0,0,0,0.044586638,0,0.029440929,0.810061238,0,0.054781779,0,0
FDT0950cheek,0.055011579,0,0,0,0,0,0,0,0,0,0.49727082,0,0.220093248,0.227624353,0,0,0,0
FDT0951cheek,0.059028351,0.020889115,0.113502765,0,0,0.051058729,0,0,0,0,0.126290625,0,0.45473924,0.099762725,0,0,0.02686961,0.04785884
FDT0952cheek,0,0,0,0.020052331,0,0,0,0,0,0.015821006,0.491342294,0,0.440822737,0,0,0.010494631,0.011364578,0.010102422
FDT0955cheek,0.087340546,0,0,0,0,0.183216852,0,0,0,0,0.450145063,0,0.279297539,0,0,0,0,0
FDT0956cheek,0.111415996,0,0.184659724,0,0,0,0,0,0,0,0.355858388,0,0.348065892,0,0,0,0,0
FDT0958cheek,0,0,0,0,0.010641641,0,0,0,0,0,0.713271213,0,0.184642105,0,0,0.027798667,0.038621217,0.025025156
FDT0960cheek,0.142336399,0,0,0,0,0,0,0,0,0,0.857663601,0,0,0,0,0,0,0
FDT0961cheek,0.80122117,0,0,0,0,0,0,0,0,0,0,0,0,0,0,0,0,0
FDT0964cheek,0,0.011158596,0.024530651,0.010012014,0.010400865,0,0,0,0,0,0.200215636,0,0.064245449,0.614319656,0.012434393,0.02196739,0.017306213,0.013409136
FDT0966cheek,0.051408526,0,0,0.023625332,0,0.118325924,0,0.122643494,0,0,0.098069845,0,0.334483332,0.22417291,0,0,0,0.027270638
FDT0967cheek,0,0,0.019363811,0.010130125,0.072678994,0.065581408,0,0,0,0.114238943,0.033127832,0,0.27483693,0.298590299,0.013421275,0.033437004,0.038638431,0.025954948
FDT0968cheek,0,0,0.019745323,0,0.010855471,0,0,0.012933739,0,0,0.118218061,0.015264359,0,0,0.797175915,0.013804677,0,0.012002456
FDT0969cheek,0.091664936,0,0,0.042139994,0,0,0,0,0,0,0,0,0.286878905,0.579316165,0,0,0,0
FDT0971cheek,0,0.020040022,0,0.393175566,0,0.269532432,0,0.097428068,0,0,0.066243744,0,0.039947568,0,0.032616531,0.033180953,0.0342829,0.013552215
FDT0972cheek,0.085398908,0,0,0,0,0,0,0,0,0,0.491573778,0,0,0.264728587,0,0,0,0.158298727
FDT0973cheek,0,0,0,0,0,0,0,0,0,0,0.954687981,0.013877857,0.031434162,0,0,0,0,0
FDT0975cheek,0,0.0317825,0,0,0,0,0,0,0,0,0.140304439,0,0.577552933,0.039980107,0.123770081,0.024733318,0.026162473,0.035714149
FDT0976cheek,0,0,0,0,0,0,0,0,0,0,0.217184467,0,0.613983634,0.168831899,0,0,0,0
FDT0977cheek,0.056025293,0.060202399,0,0,0,0,0,0,0,0,0.518993046,0,0.364779262,0,0,0,0,0
FDT0978cheek,0.027583864,0,0,0,0,0,0,0,0,0.10241085,0.158574928,0,0.711430358,0,0,0,0,0
FDT0979cheek,0.098652985,0.011702091,0,0,0,0,0,0,0,0,0.810900247,0,0,0.078744677,0,0,0,0
FDT0980cheek,0,0,0,0,0,0,0,0,0,0,0.365408994,0,0.435761099,0,0,0,0,0.198829907
FDT0981cheek,0.055057889,0,0,0,0,0,0,0,0,0,0.944942111,0,0,0,0,0,0,0
FDT0982cheek,0.032026208,0,0,0.08308044,0,0,0,0,0,0,0.078912132,0,0.704035895,0.101945325,0,0,0,0
FDT0983cheek,0,0,0.041173988,0,0,0,0,0,0,0,0.13098531,0,0.086193349,0.667627321,0,0,0.0349933,0.039026731
FDT0984cheek,0,0,0,0,0,0,0,0,0,0,0.995341515,0,0,0,0,0,0,0
FDT0985cheek,0.019759476,0,0,0.019910673,0,0.053183679,0,0,0,0,0.141594472,0,0.111816951,0.617049198,0,0,0,0.036685551
FDT0987cheek,0.101242243,0,0,0,0,0,0,0,0,0,0.898757757,0,0,0,0,0,0,0
FDT0988cheek,0,0,0,0,0,0.16168945,0,0,0,0,0.455621838,0.017316912,0.038515577,0.22122076,0,0,0,0.105635464
FDT0990cheek,0,0.018451137,0,0,0,0.009174924,0,0,0.193989966,0,0.520205099,0,0.128351769,0.020756595,0,0,0.026351345,0.082719165
FDT0991cheek,0.023660011,0,0,0.011129038,0,0,0,0,0,0,0.245175525,0,0,0.622772954,0,0,0.053650067,0.043612405
FDT0992cheek,0.043799675,0,0.013328308,0.011334659,0,0.016541434,0,0,0,0,0.401997724,0,0,0.5129982,0,0,0,0
FDT0993cheek,0.148777518,0,0,0,0,0,0,0,0,0,0.851222482,0,0,0,0,0,0,0
FDT0996cheek,0,0,0,0,0.035706647,0,0,0,0,0,0.031134119,0,0.02265312,0.855257281,0,0.01372493,0.018753125,0.022770778
FDT0997cheek,0,0,0,0,0.188271192,0,0,0,0,0,0.082109654,0.019198846,0.018392321,0.647040864,0.011165582,0.011154137,0.011011611,0.011655794
FDT0999cheek,0,0.013578744,0.149218367,0.06103904,0.01551469,0,0,0,0,0,0.661742271,0.017874581,0.029434587,0.016214884,0,0.011208269,0.013720404,0.010454165
DSM_001FA,0.035549081,0,0,0,0,0,0,0,0,0,0,0,0.330669127,0.087749168,0,0,0,0.453142532
DSM_002FA,0,0,0,0.13165079,0,0.164931894,0,0,0,0,0,0,0.082411957,0.528854927,0,0,0,0.011249863
DSM_003FA,0,0,0,0,0.012491034,0,0,0,0.031053145,0,0,0,0.07555523,0.031937544,0,0,0,0.790510006
DSM_004FA,0,0.170254061,0.074493846,0,0.049291728,0.380362789,0,0,0,0,0,0.011655012,0.135300102,0.031699702,0,0,0,0.074867438
DSM_005FA,0,0.016264971,0.079526931,0,0.045765356,0.248395108,0,0.032051282,0,0,0,0,0.288742251,0,0,0,0,0.245474291
DSM_006FA,0,0.045418748,0,0,0.451556837,0.05291039,0.021791842,0,0,0,0,0,0.304307598,0,0,0,0,0.124014586
DSM_007FA,0.021790881,0,0,0,0,0,0,0,0,0,0,0,0.647257343,0,0,0,0,0.088879733
DSM_008FA,0,0.065664786,0.265103088,0.030394205,0.022247604,0.109887184,0,0,0,0.029501905,0,0,0.128745036,0,0,0,0.072795696,0.193667563
DSM_009FA,0,0.248174865,0,0,0.060978971,0.147522523,0,0,0.026717611,0,0,0,0.339639679,0,0,0,0,0.098603686
DSM_010FA,0,0,0,0,0,0,0,0,0,0,0,0,0.616326556,0,0,0,0.078819112,0.304854332
DSM_011FA,0,0.56500535,0,0,0,0,0,0,0,0,0,0,0.112615829,0,0,0,0,0.24775261
DSM_012FA,0,0.02848019,0,0,0.017197015,0,0,0,0,0,0,0,0.806223479,0,0,0,0,0.095086676
DSM_013FA,0,0.01031271,0.019431502,0,0.053452735,0,0,0,0,0,0,0,0.055354138,0,0,0,0.826436898,0.035012017
DSM_014FA,0,0.018097016,0.071192765,0,0,0.023314204,0,0,0,0,0,0,0.028026906,0,0,0,0.013341152,0.056816821
DSM_015FA,0,0.052189458,0,0,0.128522235,0,0,0,0,0,0,0.312163302,0.172244231,0,0,0,0.12121645,0.202264097
DSM_016FA,0.02343486,0.099866582,0.081860021,0.023420008,0.076442498,0.13142367,0,0,0.021525043,0,0,0.048302438,0.302199871,0,0,0,0,0.191525008
DSM_017FA,0,0.12318451,0,0,0,0,0,0,0,0,0,0,0.336848414,0,0,0,0,0
DSM_018FA,0,0.118844785,0.022945702,0,0,0.04986659,0,0,0.011503802,0,0,0,0.738725841,0,0,0,0,0.034040456
DSM_019FA,0,0,0,0.32258196,0.105456908,0,0,0,0,0,0,0,0,0,0,0,0,0
DSM_020FA,0,0,0,0,0,0,0,0,0,0,0,0.482796865,0.38400107,0,0,0,0,0
DSM_021FA,0,0.087701646,0,0,0,0,0,0,0.042725061,0,0,0.109238348,0.563671496,0,0,0,0,0.098333378
DSM_022FA,0,0,0,0,0,0,0,0,0,0,0,0,0,0,0,0,0,0
DSM_023FA,0,0,0,0,0,0,0,0,0,0,0,0,0.645504056,0,0,0,0,0.073232028
DSM_024FA,0.018258839,0.041693509,0,0,0.011617775,0,0,0,0.043841347,0,0,0.018421053,0.125609346,0.013431013,0,0,0.053964908,0.572930509
DSM_025FA,0,0.134815658,0,0,0.128819962,0,0,0,0.075845063,0,0,0.065632331,0.418772268,0,0,0,0,0.176114718
DSM_026FA,0,0,0,0,0,0,0,0,0.013447678,0,0,0,0.946882737,0,0,0,0,0.020254979
DSM_027FA,0,0,0.031435918,0,0.027292584,0,0,0,0.093455498,0,0,0.140251646,0.475703518,0.017751479,0,0,0.041210215,0.141320539
DSM_028FA,0.01235244,0,0,0,0,0,0,0,0,0,0,0,0,0,0,0,0,0.265511897
DSM_029FA,0,0.133060672,0.201639158,0,0.054159537,0.277069973,0,0.055684455,0,0,0,0,0.107085853,0,0,0,0,0.127139884
DSM_030FA,0,0,0,0,0,0,0,0,0,0,0,0,0.709615124,0,0,0,0,0
DSM_031FA,0,0,0,0,0,0,0,0,0.203688786,0,0,0,0.124438526,0,0,0,0,0.593647654
DSM_032FA,0,0.012085308,0,0,0.016692264,0.035496957,0,0,0.073772045,0,0,0.067833698,0.642589427,0.112546125,0,0,0,0
DSM_033FA,0,0,0,0,0.032063976,0,0,0,0,0,0,0,0.273932972,0.077885953,0,0,0,0.4903272
DSM_034FA,0,0,0,0,0.235292364,0,0,0,0,0,0,0,0,0,0,0,0,0.616908157
DSM_035FA,0,0.449027169,0,0,0.037122724,0,0,0,0,0,0,0,0.014470341,0,0,0,0.211205416,0.220065964
DSM_036FA,0,0.094363127,0,0,0.012293588,0.015244516,0,0,0.098998301,0,0.264932231,0.011825501,0.153742802,0,0,0,0,0.336246709
DSM_037FA,0,0.029182465,0.051983145,0,0.726477622,0.040761213,0,0,0,0,0,0,0.040629975,0,0,0,0,0.077545467
DSM_038FA,0.01146416,0.107606847,0.01051645,0.025595238,0.067228793,0,0,0,0.01478177,0,0,0,0.660194175,0,0,0,0,0.033097419
DSM_039FA,0,0.010900136,0,0.011084579,0,0.04943284,0,0,0,0,0,0,0.886776145,0,0,0,0,0.015825333
DSM_040FA,0,0,0,0,0,0,0,0,0,0,0,0,0,0,0,0,0,0
DSM_041FA,0,0.191175949,0,0,0.097033505,0.08527177,0,0,0,0,0,0,0.354108506,0,0,0,0,0.272410269
DSM_042FA,0,0,0,0,0.364110799,0.129711042,0,0,0,0,0.041030268,0,0.097612637,0,0,0,0,0.310448728
DSM_043FA,0,0,0,0,0,0,0,0,0,0,0,0,0,0,0,0,0,0.67184688
DSM_044FA,0,0.120072092,0,0.0207502,0,0,0,0,0,0,0,0,0.667732248,0,0,0,0,0.142518384
DSM_045FA,0,0.033905618,0,0.328187887,0.016760178,0,0,0,0,0,0.17125787,0,0.051792829,0,0.111050981,0,0,0.07627432
DSM_046FA,0,0.032261993,0,0,0.451158654,0,0,0,0,0,0,0,0.423001949,0,0,0,0,0.086042704
DSM_047FA,0,0,0,0,0,0,0,0,0,0,0,0,0.368427994,0,0,0,0,0
DSM_048FA,0,0.022493633,0,0.20520322,0.242339662,0.25779378,0,0,0,0,0,0,0.084116998,0,0,0,0,0.106400178
DSM_049FA,0,0.017727014,0,0.046810219,0,0.079520886,0,0,0.013321862,0,0,0,0.436151079,0.079479651,0,0,0,0.220261367
DSM_050FA,0,0.147489539,0,0,0,0.453829697,0,0,0,0,0.209829435,0,0.129539285,0,0,0,0,0.03095089
DSM_051FA,0,0,0,0,0,0,0,0,0,0,0,0,0.081397827,0,0,0,0.033781244,0.847947134
DSM_052FA,0,0,0,0,0.04523635,0,0,0,0,0,0,0,0.30523069,0,0,0,0,0.580399044
DSM_053FA,0,0.760500128,0,0,0,0,0,0,0,0,0,0,0,0,0,0,0,0
DSM_054FA,0,0,0,0,0,0,0,0,0,0,0,0,0,0,0.938736623,0,0,0
DSM_055FA,0,0.442824523,0.161759627,0,0.043211569,0,0,0,0.022832229,0,0,0,0.076652826,0.198045259,0,0,0,0
DSM_056FA,0,0,0,0.267869247,0,0.146450962,0,0,0,0,0,0,0.253245704,0,0,0,0,0.327580198
DSM_057FA,0,0,0.016932751,0,0,0,0,0,0,0,0,0.574967802,0.339641275,0,0,0,0.01194141,0
DSM_058FA,0,0,0,0,0,0,0,0,0,0,0,0,0.981814023,0,0,0,0,0.010111704
DSM_059FA,0,0,0,0.019704427,0,0,0,0,0.056986658,0,0,0.221719362,0.561838967,0,0,0,0.115801834,0.023948753
DSM_060FA,0,0,0,0,0,0.015065876,0,0,0.021820398,0,0.06725402,0,0.239288638,0.119266252,0,0,0.03993731,0.471535671
DSM_121FA,0,0.01213499,0.041284355,0,0.02470444,0,0,0,0,0,0,0.604702425,0.260863265,0,0,0,0,0.018899322
DSM_122FA,0,0,0,0,0.141753755,0.283054917,0,0,0,0,0,0,0.146585716,0,0,0,0,0
DSM_123FA,0,0.448704904,0,0,0.04018346,0.332431324,0,0,0,0,0,0,0.092985112,0,0,0,0,0
DSM_124FA,0,0.032229131,0,0.01429328,0,0,0,0,0,0,0,0,0.522222222,0,0,0,0,0.211840285
DSM_125FA,0,0.397214133,0,0,0,0,0,0,0,0,0,0,0,0,0,0,0,0
DSM_126FA,0,0.023009217,0.157674351,0,0.038832468,0.499471982,0,0,0,0,0,0,0,0,0,0,0,0.20860181
DSM_127FA,0,0,0,0,0,0,0,0,0,0,0,0,0.58509211,0,0,0,0,0.41490789
DSM_128FA,0,0,0,0,0,0,0,0,0,0,0,0,0.434782609,0,0,0,0,0.37576073
DSM_129FA,0,0.02507742,0,0.012946124,0.052652285,0.011014842,0,0,0.087534777,0,0,0.219158879,0.448353293,0,0,0,0,0.126418107
DSM_130FA,0,0,0,0,0,0,0,0,0,0,0,0,0.223402432,0.651032724,0,0,0,0
DSM_131FA,0,0.831780472,0,0,0,0,0,0,0,0,0.012351354,0,0.049650826,0,0.059098998,0,0,0
DSM_132FA,0,0.654988977,0.019097872,0,0.167222575,0.0365051,0,0,0,0,0,0,0.035003211,0,0,0,0,0.043531867
DSM_133FA,0,0.030847456,0.068175331,0,0.046231506,0.099490939,0,0.186597409,0.051149065,0,0,0,0.203266815,0.065927595,0,0,0.117527525,0.130786359
DSM_134FA,0,0.652213956,0,0,0,0.222196108,0,0,0,0,0,0,0,0,0,0,0,0
DSM_135FA,0,0.024842313,0,0.232568221,0.070214858,0,0,0,0.017832736,0,0,0,0.322523695,0,0,0,0,0.207055685
DSM_136FA,0,0.122260022,0,0,0.20642279,0,0,0,0,0,0,0,0.103531474,0,0,0,0,0.497356355
DSM_137FA,0,0.017663653,0,0,0,0,0,0,0,0,0,0,0.850678733,0.015625,0,0,0.020008726,0.080712358
DSM_138FA,0,0,0,0,0,0.447368421,0,0,0,0,0,0,0,0,0,0,0,0.049254882
DSM_139FA,0,0.057875116,0,0,0,0,0,0,0.096306679,0,0,0,0.090287439,0.67734139,0,0,0,0.023024945
DSM_140FA,0,0.014398456,0,0,0,0,0,0,0.012929033,0,0,0,0.948529412,0.024064361,0,0,0,0
DSM_141FA,0.031514162,0.159915229,0,0,0.19208044,0.089240028,0,0,0,0,0.048577816,0,0.318606786,0,0,0,0,0.132269335
DSM_142FA,0,0.098820748,0.062598767,0,0.469363533,0,0,0,0,0,0,0,0.097392924,0,0,0,0,0.202624339
DSM_143FA,0,0,0,0.264273611,0,0,0,0,0,0,0,0,0.464227236,0,0,0,0,0.271499153
DSM_144FA,0.02192672,0.026885016,0,0,0,0,0,0,0,0,0.156852317,0,0.621626041,0.053065131,0,0,0.10118496,0.018459815
DSM_145FA,0,0.230719091,0,0,0.014010508,0.198912078,0,0,0,0,0,0,0.232698821,0,0,0,0.293870363,0
DSM_146FA,0,0.132975912,0,0,0,0.05215412,0,0,0.020296661,0,0,0,0.506548176,0,0,0,0,0.180007124
DSM_147FA,0,0.233815108,0,0,0.020507625,0.017062913,0,0,0,0,0,0.05529769,0.261958998,0,0,0,0,0.326246184
DSM_148FA,0,0.415686812,0,0,0,0.055393055,0,0,0,0,0,0,0.309828269,0,0,0,0,0.189307121
DSM_149FA,0,0.015004728,0,0.050589612,0,0,0,0,0,0,0,0.261987612,0.313340241,0,0,0,0,0.287192728
DSM_150FA,0,0,0,0,0.018480071,0.0314843,0,0.058274109,0.588595708,0,0,0,0.02894261,0,0,0,0.011451072,0.189720825
DSM_151FA,0,0.392218394,0.061350624,0,0,0,0,0,0,0,0,0,0.016111237,0,0,0,0,0.438830711
DSM_152FA,0,0.103322491,0.105862635,0,0.022030136,0,0,0,0,0,0,0,0,0.021317372,0,0,0,0.687150194
DSM_153FA,0,0.086649698,0,0,0.04508753,0.095748929,0,0,0,0,0,0,0.227830786,0.093172319,0,0,0,0.125308249
DSM_154FA,0.033236998,0,0,0,0,0,0,0,0,0,0,0,0.41509434,0,0,0,0,0
DSM_155FA,0.098603082,0,0.161821106,0,0,0,0,0,0,0,0,0,0,0.388140899,0,0,0,0
DSM_156FA,0,0.406307718,0,0,0.021274738,0.200058414,0,0,0.020978998,0,0,0.033924441,0.052386615,0.052348993,0,0,0,0.131317684
DSM_157FA,0,0.125712692,0.233318655,0,0.197935672,0,0,0,0,0,0,0,0.349407826,0,0,0,0,0.011607928
DSM_158FA,0.100745706,0.149878217,0.031857595,0,0.03691806,0,0,0.239920544,0,0,0,0,0.097231036,0,0,0,0,0.196076091
DSM_159FA,0,0,0,0,0,0,0,0,0,0,0,0,0.234946221,0.077424267,0,0,0,0.631853783
DSM_160FA,0,0,0,0,0,0,0,0,0.033187997,0,0,0,0.835710999,0,0,0,0,0.085822871
DSM_161FA,0,0.087420936,0,0,0,0,0,0,0,0,0,0.01870483,0.02075989,0.041253203,0.275673485,0,0,0.462657831
DSM_162FA,0.012805265,0.0668836,0.015301069,0,0.029057105,0.223994895,0,0,0,0,0,0,0.420045045,0,0,0,0.073073707,0.066657599
DSM_163FA,0,0.219226246,0.023034371,0,0,0.069826756,0,0,0.033601169,0,0,0.193556058,0.144766278,0,0,0,0,0.205841336
DSM_164FA,0,0.024975187,0,0,0.02248,0.017125152,0,0,0.496533967,0,0,0.116219198,0.130720909,0,0,0,0,0.102305322
DSM_165FA,0,0.026965376,0,0,0.133982382,0.32035168,0.106875279,0,0,0,0,0.012711947,0.037474181,0.028398784,0,0,0,0.276753494
DSM_166FA,0,0,0,0,0,0,0,0,0,0,0,0,0.961460729,0,0,0,0,0.028578449
DSM_167FA,0,0.06014974,0,0,0.207491549,0.122745965,0,0,0,0,0,0,0.034417495,0,0,0,0,0.494947808
DSM_168FA,0,0,0.061797753,0,0,0,0,0,0,0,0,0,0.60263458,0,0,0,0,0
DSM_169FA,0,0.037470675,0.010202091,0,0.021990011,0.020165646,0,0,0.049873746,0.100215038,0.07022377,0.01935038,0.557670127,0.010095012,0,0,0.010157781,0.051379087
DSM_170FA,0,0,0,0,0,0,0,0,0,0,0,0,0.014961217,0,0,0,0,0
DSM_171FA,0,0,0.053734029,0,0.047247536,0.025157233,0,0,0.019400353,0,0,0.042796006,0.07412109,0,0.029985737,0,0.02507791,0.64689027
DSM_172FA,0,0.201733719,0.166490946,0,0,0,0,0,0.075245717,0,0,0,0.170690422,0,0,0,0,0.158092221
DSM_173FA,0,0.092136819,0,0,0,0.30813987,0,0,0,0,0,0,0.230642202,0,0,0,0.033369083,0.225952273
DSM_174FA,0,0,0,0,0,0.287605851,0,0,0.013524153,0,0,0.018282458,0.358365019,0.188187919,0,0,0,0.047846216
DSM_175FA,0,0,0,0,0,0,0,0,0.213470298,0,0,0,0.641610738,0,0,0,0,0.082661851
DSM_176FA,0,0,0,0,0,0,0,0,0,0,0,0.29920112,0.588683404,0,0,0,0,0.052749856
DSM_177FA,0,0.032211365,0.012984121,0.013692421,0,0.193111284,0,0.045076157,0,0.047619048,0.012640586,0,0.367400881,0,0,0,0.020751656,0.170864637
DSM_178FA,0,0.035160845,0,0,0.718047803,0.022006148,0,0,0,0,0,0,0.040697674,0,0,0,0.016930139,0.106963045
DSM_179FA,0,0.276461515,0,0,0,0.091731831,0,0,0,0,0,0,0.236842105,0,0,0,0,0.126027413
DSM_180FA,0,0.104103507,0,0,0,0,0,0,0.110600517,0,0,0,0.589502494,0,0,0,0,0
MET0012,0,0,0,0,0,0,0,0,0.864951768,0,0,0,0.112962182,0,0,0,0,0
MET0050,0,0,0,0,0,0,0,0,0,0,0,0,0.499549685,0,0,0,0,0.400757927
MET0074,0,0,0,0,0,0,0,0,0.642589904,0,0,0,0.316303383,0,0,0,0,0.014828852
MET0092,0,0,0,0,0.033676003,0.050003202,0,0,0.71758423,0,0,0,0.15201582,0,0,0,0,0.046720745
MET0136,0,0,0,0,0,0.046338476,0,0,0.928988711,0,0,0,0,0,0,0,0,0
MET0157,0,0,0,0,0,0,0,0,0.648381359,0,0,0,0.068595577,0.020965698,0,0,0,0.236790558
MET0185,0,0,0,0,0,0,0,0,0,0,0,0,0,0,0,0,0,0
MET0204,0,0,0,0,0.042865346,0,0.0118353,0.040540272,0.017961136,0,0,0,0.476052081,0.066457821,0,0,0,0.327158539
MET0221,0,0,0,0,0,0,0,0,0,0,0,0,0,0,0.9935658,0,0,0
MET0238,0,0,0,0,0,0,0,0,0,0,0,0,0.502312987,0,0,0,0.048450132,0.4085307
MET0288,0,0,0,0.044673676,0,0,0,0,0.021823404,0,0,0.135622991,0.742676022,0,0,0,0,0.020446152
MET0305,0,0,0,0,0.138504403,0.137658228,0,0,0,0,0,0,0.067166176,0,0.01827324,0,0,0.604070817
AN01_Pore_WGS,0,0,0,0,0.890749354,0,0,0,0,0,0,0,0.074095799,0,0,0,0,0
AN02_Pore_WGS,0,0,0,0,0.947843088,0,0,0,0,0,0,0,0.027926531,0,0,0,0,0
AN03_Pore_WGS,0,0,0,0.235673832,0.09103939,0.254723018,0,0,0,0,0,0,0,0,0,0,0,0
AN05_Pore_WGS,0,0,0,0,0.035815426,0,0,0,0.317205248,0,0,0,0.42132505,0,0,0,0,0.188247084
AN06_Pore_WGS,0,0,0,0,0,0.17334135,0,0.20670162,0,0,0,0,0.38026551,0,0,0,0,0.18921027
AN07_Pore_WGS,0,0,0,0,0,0.928975604,0,0,0,0,0,0,0.013769905,0,0,0,0,0.027561911
AN08_Pore_WGS,0,0,0,0.348798205,0,0.2478771,0,0,0.19084725,0,0,0,0.021906019,0,0.111867304,0,0,0
AN09_Pore_WGS,0,0,0,0.048746807,0.517874176,0.012098707,0,0,0,0,0,0,0.03499838,0.354609574,0,0,0,0
AN10_Pore_WGS,0,0,0,0,0,0,0,0.985381057,0,0,0,0,0,0,0,0,0,0
AN11_Swab_WGS,0,0,0.025160069,0,0,0.030798084,0,0,0,0,0,0,0.0199393,0.752266096,0.033338031,0,0,0.029947018
AN12_Swab_WGS,0,0,0,0,0,0.010212526,0,0.787059734,0,0,0,0,0.129246646,0,0,0,0,0.039994234
AN13_Swab_WGS,0,0,0.22438583,0.133552044,0.26284564,0.122313011,0,0,0.030561468,0,0,0,0.025022755,0,0,0,0,0.109057479
AN14_Swab_WGS,0,0,0.108774555,0,0,0,0,0,0,0,0,0.26276699,0,0,0,0,0,0.552536897
AN15_Swab_WGS,0,0,0,0,0.061817754,0,0,0,0,0,0,0,0,0,0,0,0,0
AN16_Swab_WGS,0,0,0.064043797,0.0250415,0.079416808,0.196382159,0,0.24770761,0.054028933,0,0,0.066471839,0.145569612,0,0,0,0,0.09443222
AN17_Swab_WGS,0,0,0,0.013904121,0.011656511,0.106842969,0.012901371,0.09818037,0.066783064,0,0,0,0.28083059,0.025006962,0.020636145,0,0,0.339430472
AN18_Swab_WGS,0,0,0.128369665,0,0.820625688,0,0,0.013297124,0,0,0,0,0,0,0,0,0,0
AN19_Swab_WGS,0,0,0.102556361,0.484548034,0.014737012,0.165226298,0,0.12576442,0.012070826,0,0,0,0,0,0,0,0,0
AN20_Swab_WGS,0,0,0.011276447,0.569088036,0.343254086,0,0,0,0,0,0,0,0,0,0,0,0.011238559,0
HLSR1601,0,0,0.017484149,0,0,0.042162366,0,0.013565273,0.148625728,0,0,0,0,0,0.746527323,0,0,0
HLSR1602,0,0,0,0,0,0,0,0,0,0,0,0,1,0,0,0,0,0
HLSR1603,0,0,0,0,0,0,0,0,0,0,0,0,0,0,0,0,0.992366119,0
HLSR1604,0,0,0,0,0,0,0,0,0,0,0,0,0.887621763,0,0.103638682,0,0,0
HLSR1605,0,0,0,0.305408364,0.343131223,0,0,0,0,0,0,0,0.226955935,0,0.076315921,0,0,0.016661361
HLSR1606,0,0.051924028,0,0,0,0.249235486,0,0,0,0,0,0.155828221,0.272500645,0.214078746,0,0,0,0
HLSR1607,0,0,0,0,0,0.287412365,0,0,0,0,0.069790565,0,0,0.62895322,0,0,0,0
HLSR1608,0,0,0.036248589,0,0,0.358328512,0,0,0.0228131,0,0,0,0,0.269858773,0.01363532,0,0.27887186,0
HLSR1609,0,0,0,0,0,0,0,0,0,0,0,0,0.061610985,0.891757506,0.045388119,0,0,0
HLSR1610,0,0,0.078729131,0,0.030749959,0.868025179,0,0,0,0,0,0,0,0,0,0,0,0
HLSR1611,0,0,0,0,0,0.099318968,0,0,0,0,0,0,0.336394948,0,0.554967392,0,0,0
HLSR1612,0,0,0.062784153,0,0.034104656,0,0,0,0.012267608,0,0,0.025639167,0.271873952,0,0.302856076,0,0,0.208800862
HLSR1613,0,0,0,0,0,0.013599599,0,0,0.492250875,0,0,0,0,0,0,0,0,0
HLSR1614,0,0,0,0,0.035317851,0.318614055,0.04589568,0,0.056304451,0,0,0,0.023590119,0,0,0,0,0.250621328
HLSR1615,0,0,0,0,0,0,0,0,0,0,0,0,0,0,0.988684778,0,0,0
HLSR1616,0,0,0,0,0.049367892,0.462260149,0,0,0,0,0,0,0.025821005,0.462550953,0,0,0,0
HLSR1617,0,0,0,0.081403467,0,0,0,0,0.182322526,0,0,0,0,0,0.736274006,0,0,0
HLSR1618,0,0,0.427063484,0,0,0,0,0,0.150347339,0,0,0,0.03443133,0,0,0,0,0.364532527
HLSR1619,0,0.469796929,0,0,0,0,0,0,0,0,0,0,0,0,0.409612102,0,0,0
HLSR1620,0,0,0,0,0,0,0,0,0,0,0,0,0,0,0.189025171,0,0,0
HLSR1621,0,0,0,0,0,0.589352662,0,0,0,0,0,0,0.107153776,0.246369271,0.053711075,0,0,0
HLSR1622,0,0,0,0,0,0.693937691,0,0,0,0,0,0,0.19729207,0.083228848,0,0,0,0
HLSR1623,0,0,0,0,0,0,0,0,0.232292736,0,0,0,0,0.748151191,0,0,0,0
HLSR1624,0,0,0,0,0,0,0,0,0,0,0,0,0,0,1,0,0,0
HLSR1625,0,0,0,0,0.923853147,0,0,0,0,0,0,0,0.053094138,0,0,0,0,0.019550628
HLSR1626,0,0,0,0,0,0,0,0,0,0,0,0,0.930334487,0,0,0,0,0.055986552
HLSR1627,0,0.596117182,0,0,0,0,0,0,0,0,0,0,0,0.354140915,0,0,0,0
HLSR1628,0,0,0.068842156,0.089057872,0,0,0,0,0,0,0.842099972,0,0,0,0,0,0,0
HLSR1629,0,0,0.102639988,0,0,0,0,0,0,0,0,0,0.393364228,0,0.346655272,0,0,0.157340512
HLSR1630,0,0,0,0,0,0,0,0,0,0,0,0,0.080485789,0,0.184575573,0,0,0
HLSR1631,0,0.135615102,0,0,0,0.06772298,0,0.317404007,0.446400337,0,0,0,0,0,0,0,0,0
HLSR1632,0,0,0,0.149735369,0,0,0,0,0,0,0,0,0,0,0.811288474,0,0,0
HLSR1633,0,0,0,0,0,0,0,0,0,0,0,0,0,0,0,0,0,0.952830583
HLSR1634,0,0,0,0,0,0,0,0,0,0,0,0,0.06469355,0,0,0,0,0.93530645
HLSR1635,0,0,0,0,0.906755478,0,0,0.076692711,0,0,0,0,0.013721224,0,0,0,0,0
HLSR1636,0,0,0,0,0,0,0,0,0.245319854,0,0,0,0.189394111,0.526068577,0,0,0,0
HLSR1637,0.021766715,0,0,0,0,0,0,0,0.536646305,0,0,0.407563025,0,0,0,0,0,0
HLSR1638,0,0,0,0,0,0,0,0,0,0,0,0,0,0,0.999900223,0,0,0
HLSR1639,0,0,0,0,0,0.090507045,0,0,0,0,0,0,0.183801594,0,0,0,0,0.697067651
HLSR1640,0,0,0,0.850108277,0,0,0,0,0,0,0,0,0,0,0.037128479,0,0.021072342,0.069128221
HLSR1641,0,0,0,0,0,0,0,0,0,0,0.465615968,0,0,0,0.534384032,0,0,0
HLSR1642,0,0,0,0,0,0,0,0,0,0,0,0,0.81051034,0,0,0,0,0.168126734
HLSR1643,0,0,0,0,0,0,0,0,0,0.080251178,0,0,0.245561322,0,0.06363868,0,0,0.563340486
HLSR1644,0,0.394727133,0,0,0,0.356885479,0,0,0,0,0,0,0.144311414,0,0,0,0,0
HLSR1645,0,0,0,0,0.034093889,0,0,0,0,0,0,0,0,0,0.015211862,0,0,0.929655557
HLSR1646,0,0.580571957,0,0,0,0,0,0,0.368052403,0,0,0,0,0,0,0,0,0
HLSR1647,0,0,0,0,0,0,0,0,0,0,0,0,0.986105203,0,0,0,0,0
HLSR1648,0,0,0,0,0,0,0,0,0,0,0,0,0.961746175,0,0,0,0,0
HLSR1649,0,0,0,0,0,0,0,0,0,0,0,0,0,0,0.39270753,0,0,0
HLSR1650,0,0,0,0,0,0.143136743,0,0.402358629,0,0,0,0,0.090389133,0,0.037089995,0,0,0.284176748
HLSR1651,0,0,0,0,0,0,0,0,0,0,0.415801737,0,0.511913682,0,0,0,0,0
HLSR1652,0,0,0,0,0,0,0,0,0,0,0.230433024,0,0,0,0,0.769566976,0,0
HLSR1653,0,0,0,0,0,0,0,0,0,0,0,0,0.843719689,0,0,0,0,0.156280311
HLSR1654,0,0,0,0,0,0.236969942,0,0,0,0,0,0,0,0.489303596,0,0,0,0.230309169
HLSR1655,0,0.512605205,0.105781762,0,0,0,0,0,0.14286382,0,0,0,0.10668621,0,0,0,0,0.131343013
HLSR1656,0,0,0,0,0,0,0,0,0,0,0,0,0.680824945,0.308181667,0,0,0,0
HLSR1657,0,0,0,0,0.41499802,0,0,0,0.086497807,0,0,0,0.285466095,0,0,0,0,0.185567358
HLSR1658,0,0,0,0,0,0,0,0,0.956007086,0,0,0,0,0,0,0,0,0
HLSR1659,0,0,0,0,0,0,0,0,0,0,0,0,0,0,0,0,0,0
HLSR1660,0,0,0,0,0,0,0,0,0,0,0,0.83708001,0.146423433,0,0,0,0,0
HLSR1661,0,0,0,0,0,0,0,0,0.15420359,0,0,0,0,0.84579641,0,0,0,0
HLSR1662,0,0,0,0,0.297365808,0.432045704,0,0,0,0,0,0.021714395,0,0,0.218737108,0,0,0
HLSR1663,0,0,0.170649272,0,0,0,0,0,0.323988523,0,0,0,0.370138392,0.101292412,0,0,0,0
HLSR1664,0,0,0,0,0,0,0,0.375251602,0.552089265,0,0,0,0,0,0,0,0,0
HLSR1665,0,0,0,0,0,0,0,0,0,0,0,0,0.651239183,0,0,0,0,0
HLSR1666,0,0.012501376,0,0,0.036635763,0.015666561,0,0,0,0,0,0,0.370184255,0,0.02959994,0,0,0.507606823
HLSR1667,0,0,0,0,0,0.191351325,0,0,0.031117015,0,0,0,0,0,0.060925687,0,0.676441487,0
HLSR1668,0,0,0,0,0,0,0,0,0,0,0,0,0.458432023,0.495654189,0,0,0,0.018890039
HLSR1669,0,0,0,0,0,0.104770445,0,0,0.083912691,0,0,0,0.464273872,0,0,0,0.091697562,0
HLSR1670,0,0,0,0,0,0,0,0,0,0,0.736902935,0,0,0,0,0,0,0.259621887
HLSR1671,0,0.038811736,0,0,0,0,0,0,0,0,0,0,0,0,0,0,0,0.953537126
HLSR1672,0,0,0.351668897,0.118731852,0,0.131758839,0,0,0,0,0,0,0.179353246,0,0,0,0,0.154855746
HLSR1673,0,0,0,0,0,0,0,0,0,0,0,0,0,0,0.878119327,0,0,0
HLSR1674,0,0,0,0.052815936,0,0,0,0,0,0,0,0,0,0.857592653,0,0,0,0
HLSR1675,0,0,0,0,0.627175626,0.352108757,0,0,0,0,0,0,0,0,0,0,0,0
HLSR1676,0,0,0,0,0,0,0,0,0,0,0,0.191879774,0.065088757,0,0.217656532,0,0,0.495645441
HLSR1677,0,0,0,0,0,0.050784542,0,0,0,0,0,0.065064007,0.884151451,0,0,0,0,0
HLSR1678,0,0,0,0.116461799,0,0,0,0,0,0,0,0,0.260095579,0,0.598565678,0,0,0
HLSR1679,0,0,0,0,0,0,0,0,0,0,0,0,0.105306549,0.894693451,0,0,0,0
HLSR1680,0,0,0.383282386,0,0,0,0,0,0,0,0,0,0,0,0,0,0,0
HLSR1681,0,0,0,0.044368849,0,0,0,0,0,0,0,0,0,0,0,0,0,0.929436176
HLSR1682,0.157005033,0,0,0,0,0,0,0,0,0,0,0,0.050332048,0.698570699,0.047848352,0,0,0
ConcatenatedReads_10AA_TP_5_all,0,0,0,0,0,0,0,0,0,0,0,0,0,0,0,0,0,0
ConcatenatedReads_10PA_TP_5_all,0,0,0.831974571,0,0,0.033466549,0,0,0,0,0,0,0.089646176,0,0,0,0,0
ConcatenatedReads_10PB_TP_5_all,0,0,0.306649676,0,0,0,0,0,0,0,0,0,0.624576845,0,0,0,0,0
ConcatenatedReads_11AA_TP_3_all,0,0,0,0,0,0,0,0,0.799570019,0,0,0,0,0,0,0,0,0
ConcatenatedReads_11PA_TP_4_all,0,0,0,0,0,0,0,0,0,0,0,0,0,0,0,0,0,0
ConcatenatedReads_12AA_TP_3_all,0,0,0,0.090725656,0.135626526,0.309215572,0,0,0,0,0,0,0,0,0.067919013,0,0,0.206640778
ConcatenatedReads_12PA_TP_4_all,0,0,0.050610922,0.069731407,0,0.639417508,0,0,0,0,0,0.109113075,0,0,0,0,0,0.044743434
ConcatenatedReads_13AA_TP_4_all,0,0,0,0,0,0,0,0,0,0,0,0,0.215151343,0,0,0,0.607294931,0
ConcatenatedReads_13PA_TP_4_all,0.331984044,0,0,0,0,0,0,0,0,0,0,0,0.632654879,0,0,0,0,0
ConcatenatedReads_13PB_TP_1_all,0,0,0,0,0,0.055113284,0,0,0,0,0,0,0.08024219,0.274906015,0,0,0,0.531259419
ConcatenatedReads_14AA_TP_3_all,0,0,0,0,0,0,0,0,0,0,0,0,0,0,0,0,0,0
ConcatenatedReads_14PA_TP_2_all,0,0,0,0,0.128159665,0.158320947,0,0,0.16190895,0,0,0,0.089902586,0,0,0,0,0.350596474
ConcatenatedReads_15AA_TP_5_all,0,0,0,0,0,0,0,0,0.478800255,0,0,0,0.485453291,0,0,0,0,0
ConcatenatedReads_15AB_TP_4_all,0,0,0,0,0,0,0,0,0,0,0,0,0.491591723,0,0,0,0,0
ConcatenatedReads_15PA_TP_5_all,0,0,0,0,0,0,0,0,0.014663356,0,0,0,0.673922348,0,0,0,0,0.257513166
ConcatenatedReads_16PB_TP_3_all,0,0,0,0,0.031303807,0.057085661,0,0,0.305145921,0,0,0,0.111744698,0,0,0,0,0.417342446
ConcatenatedReads_17AA_TP_1_all,0,0,0,0,0,0,0,0,0,0,0,0,0,0,0,0,0,0
ConcatenatedReads_17AB_TP_1_all,0,0,0,0,0,0,0,0,0,0,0,0,0.738993325,0,0,0,0,0
ConcatenatedReads_17PA_TP_3_all,0,0,0,0,0,0,0,0,0.562614871,0,0,0,0.218187809,0,0.146090097,0,0,0.016564078
ConcatenatedReads_19AA_TP_1_all,0,0,0,0,0,0,0,0,0.091943428,0.010353294,0.319050776,0,0.535135135,0.024638774,0,0,0,0
ConcatenatedReads_19PA_TP_1_all,0,0,0,0,0.196535182,0,0,0,0.648743215,0,0,0,0.104882674,0,0,0,0,0
ConcatenatedReads_1AA_TP_4_all,0,0.013946683,0,0,0,0,0,0,0.529361175,0,0.117033069,0.022403795,0.187650845,0.011651606,0,0,0,0.089912142
ConcatenatedReads_1PA_TP_5_all,0,0,0,0,0,0.011824711,0,0,0.021634342,0,0,0.011029727,0,0.024731872,0,0,0,0.907409688
ConcatenatedReads_1PB_TP_2_all,0,0.064097261,0,0,0.034099046,0.421627701,0,0,0.041282879,0,0,0,0.249080337,0,0,0,0,0.076476977
ConcatenatedReads_21AA_TP_1_all,0,0,0,0,0,0,0,0,0,0,0,0,0,0,0,0,0,0
ConcatenatedReads_21PA_TP_5_all,0.011136874,0,0,0,0,0,0,0,0,0,0,0.039157842,0.770819375,0.109002428,0,0,0,0.069883481
ConcatenatedReads_22AA_TP_1_all,0,0,0.914932704,0,0,0,0,0,0,0,0,0,0,0,0,0,0.047532245,0
ConcatenatedReads_22PA_TP_1_all,0,0,0.091473786,0,0.300550007,0.09965008,0,0.01098007,0,0,0,0.259225304,0,0,0,0,0,0.136703209
ConcatenatedReads_23AA_TP_1_all,0,0,0,0,0,0,0,0,0,0,0,0,0,0,0,0,0,0
ConcatenatedReads_23PA_TP_1_all,0.014372609,0,0,0,0,0.400868756,0,0,0,0,0,0,0.015055591,0.108460419,0,0,0,0.368624326
ConcatenatedReads_24AA_TP_3_all,0,0,0,0,0,0,0,0,0,0,0,0,0,0,0,0,0,0
ConcatenatedReads_25AA_TP_1_all,0,0,0,0,0,0,0,0,0,0,0,0,0.501233424,0,0,0,0,0
ConcatenatedReads_25PA_TP_1_all,0,0,0,0,0,0.020297903,0,0,0.020744464,0,0,0,0.152141281,0,0,0,0.60146146,0.205354892
ConcatenatedReads_2AA_TP_5_all,0,0,0,0,0,0,0,0,0,0,0,0,0.619962946,0,0,0,0,0.263547962
ConcatenatedReads_2AB_TP_5_all,0,0,0,0,0,0,0,0,0,0,0,0,0.75955959,0,0,0,0,0
ConcatenatedReads_2PA_TP_3_all,0,0.026970799,0,0,0.266723076,0.012152339,0,0,0.01395059,0,0,0,0.084291188,0,0,0,0,0.544840962
ConcatenatedReads_2PB_TP_1_all,0,0,0,0.02253171,0.017879409,0.066422816,0.063034659,0.103064291,0.033409695,0,0,0,0.149553296,0,0,0,0.313157117,0.230947007
ConcatenatedReads_3AA_TP_2_all,0,0.045342652,0,0,0,0.170901438,0,0,0,0,0,0,0,0.139988049,0,0,0,0.389134014
ConcatenatedReads_3AB_TP_2_all,0,0,0,0,0,0.153863809,0,0,0,0,0,0,0,0,0,0,0,0
ConcatenatedReads_3PA_TP_2_all,0.010055562,0,0,0,0,0.06881524,0.075653897,0,0.054554457,0,0,0.053890162,0.145037386,0.046401842,0,0,0,0.490333314
ConcatenatedReads_4AA_TP_1_all,0,0,0,0,0,0,0,0,0,0.575284453,0,0,0.293386403,0.131329144,0,0,0,0
ConcatenatedReads_4AB_TP_1_all,0,0,0,0,0.016242452,0,0,0,0.064075447,0,0,0,0.153940887,0.738328476,0,0,0,0
ConcatenatedReads_4AC_TP_1_all,0,0,0,0,0,0,0,0,0,0,0,0,0.194757543,0.212977737,0,0,0,0
ConcatenatedReads_4PA_TP_2_all,0,0,0,0,0,0.876913939,0,0,0,0,0,0,0,0.028144155,0,0,0,0.047656174
ConcatenatedReads_5AA_TP_1_all,0,0,0,0,0,0.276155389,0,0,0,0,0,0,0.403680136,0,0,0,0,0
ConcatenatedReads_5AB_TP_3_all,0,0,0,0,0,0,0,0,0,0,0,0,0,0,0,0,0,0
ConcatenatedReads_5PA_TP_1_all,0,0.012392986,0,0,0.026386375,0.013771039,0,0.041471528,0.018418401,0.069678824,0,0.017322908,0.194457065,0,0,0,0,0.579401372
ConcatenatedReads_5PB_TP_3_all,0,0.040429921,0,0,0,0,0,0.086075441,0.062800123,0.032558707,0,0,0.607317737,0,0,0,0,0.123052293
ConcatenatedReads_6AA_TP_1_all,0,0,0,0,0.018827446,0,0,0,0.255899833,0,0,0,0.031138688,0,0,0,0.68319179,0
ConcatenatedReads_6PA_TP_1_all,0,0,0,0,0,0,0,0,0.018926785,0,0,0,0,0,0,0,0.373065594,0.447442357
ConcatenatedReads_7AA_TP_5_all,0,0,0,0,0,0,0,0,0,0.630163679,0,0,0.323290043,0,0,0,0,0
ConcatenatedReads_7AB_TP_3_all,0,0,0,0,0,0,0,0,0,0,0,0,0,0,0,0,0,0
ConcatenatedReads_7PA_TP_5_all,0,0,0.152869447,0,0.111288228,0.16266866,0,0,0,0,0,0,0.068220593,0,0,0,0,0.473089033
ConcatenatedReads_7PB_TP_4_all,0,0,0,0,0.034222091,0.044021442,0,0,0,0.03629865,0,0,0.773652564,0,0,0,0,0.067046195
ConcatenatedReads_8AA_TP_3_all,0,0,0,0,0,0,0,0,0,0,0,0,0,0.377616874,0,0,0,0
ConcatenatedReads_8AB_TP_4_all,0,0,0,0,0.127952712,0.010081282,0,0,0.069511647,0.021211895,0,0,0.325646123,0.315557857,0,0,0.090478842,0
ConcatenatedReads_8AC_TP_4_all,0,0,0,0,0.722330367,0,0,0,0,0,0,0,0.177531344,0.056117273,0,0,0,0.011988362
ConcatenatedReads_8PA_TP_3_all,0,0,0.019078519,0,0.574990696,0,0,0,0.02801057,0,0,0,0.094403237,0.227659574,0,0,0,0
ConcatenatedReads_8PB_TP_5_all,0,0,0.013214866,0,0.130931139,0.013071998,0,0,0.020865869,0.013008737,0,0,0.282031709,0.326891257,0,0,0.107710238,0.012697058
ConcatenatedReads_9AA_TP_1_all,0,0,0,0,0,0,0,0,0.406079027,0,0,0,0.348548444,0,0,0,0.15477782,0
ConcatenatedReads_9PA_TP_3_all,0,0.142522431,0,0,0.28002086,0.025642382,0,0,0.022286991,0,0,0,0.066608392,0,0.029922484,0,0.152225534,0.173837645
ConcatenatedReads_JSB_TP_2_all,0,0,0.04825281,0,0,0.08153685,0,0,0.061972412,0,0,0,0,0.646972904,0,0,0,0.084860275
ConcatenatedReads_TCL_TP_2_all,0,0,0.010478647,0,0.125992876,0.213289409,0,0,0,0,0,0.098300283,0.467242143,0,0,0,0,0.016628028
03cqr3,0,0,0,0,0,0,0,0,0,0,0,0,0,0,0,0,0,0
07mmo2,0,0,0.425195772,0,0,0.446244658,0,0,0,0,0,0,0,0,0,0,0,0
07sup4,0,0,0,0,0.168494542,0.035140272,0,0,0.133832582,0,0,0,0.014975253,0,0,0,0,0.541008469
09el0g,0,0,0,0,0,0,0,0,0,0,0,0,0,0,0,0,0,0
0flhbg,0,0,0,0,0,0.910903154,0,0,0,0,0,0,0,0,0,0,0,0
0jkqrw,0,0,0,0,0,0,0,0,0,0,0,0,0,0,0,0,0,0
0pedbf,0,0,0.211632442,0,0,0,0,0,0.466914038,0,0,0,0.281317261,0,0,0,0,0
0u5fui,0,0,0,0,0,0,0,0,0,0,0,0,0,0,0,0,0,0
0vgfgv,0,0,0,0,0.869793016,0,0,0,0,0,0,0,0,0,0,0,0,0
13rppw,0,0,0,0,0,0,0,0,0,0,0,0,0,1,0,0,0,0
1a6zs9,0,0,0,0,0,0.014639005,0,0,0.945617411,0,0,0,0.033902214,0,0,0,0,0
1hzcb6,0,0,0,0,0,0,0,0,0,0,0,0,0,0,0,0,0,0
1j58yz,0,0,0,0,0,0,0,0,0,0,0,0,0,0,0,0,0,0
1paal1,0,0,0,0,0,0,0,0,0,0,0,0,0,0,0,0,0,0
1qmozb,0,0,0,0,0,0,0,0,0,0,0,0,0,0,0,0,0,0
254sxe,0,0,0,0,0.732662584,0,0,0,0,0,0,0,0,0,0,0,0,0
275fmx,0,0,0,0,0,0.354465507,0,0,0,0,0,0,0.347960993,0.172741171,0,0,0,0
29cauy,0,0,0,0,0,0,0,0,0,0,0,0,0,0,0,0,0,0
2i9fnp,0,0,0,0,0,0,0,0,0,0,0,0,0.850250512,0,0,0,0,0
2low16,0,0,0,0,0,0,0,0,0,0,0,0,0,0,0,0,0,0
2nfg94,0,0,0,0,0,0,0,0,0,0,0,0,0,0,0,0,0,0
2svu8h,0,0,0,0,0,0,0,0,0,0,0,0,0.372703021,0,0,0,0.627296979,0
2t8mjw,0,0,0,0,0,0,0,0,0,0,0,0,0,0,0,0,0,0
31cqc7,0,0,0,0,0,0,0,0,0,0,0,0,0,0,0,0,0,0
39mg3t,0,0.174663614,0,0,0.141130934,0.078995438,0,0,0,0,0,0,0.59089044,0,0,0,0,0
3kszx1,0,0,0,0,0,0,0,0,0,0,0,0,0,0,0,0,0,0
3ktcfx,0,0,0,0,0,0,0,0,0,0,0,0,0,0,0,0,0,0
3sn1fc,0,0,0,0,0,0,0,0,0,0,0,0,0,0,0,0,0,0
3v23zv,0,0,0,0,0,0,0,0,0,0,0,0,0,0,0,0,0,0
3wu1gw,0,0,0,0,0,0,0,0,0,0,0,0,0,0,0,0,0,0
41kpsz,0,0,0.383561437,0,0,0.3849409,0,0,0,0,0,0,0,0,0,0,0,0
41s6xk,0,0,0,0,0,0.165224249,0,0,0.109134294,0,0,0,0,0.673681,0,0,0,0.043437969
41v2m2,0,0,0,0,0,0,0,0,0,0,0,0,0,0,0,0,0,0
45wsr6,0,0,0.028032893,0,0,0.168185767,0,0.312411162,0.203868369,0,0,0,0.088467242,0.026277372,0.015555191,0,0,0.102685866
477hha,0,0,0,0,0,0,0,0,0,0,0,0,0,0,0,0,0,0
4gercj,0,0,0,0,0,0,0,0,0,0,0,0,0,0,0,0,0,0
4j7dv5,0,0,0,0,0,0.898682089,0,0,0,0,0,0,0,0,0,0,0,0
4o6c8v,0,0,0,0,0.717088717,0,0,0,0,0,0,0,0,0,0,0,0,0
4q2tly,0,0,0,0,0,0,0,0,0,0,0,0,0,0,0,0,0,0.789653438
4v7o4h,0,0,0,0,0,0,0,0,0,0,0,0,0,0,0,0,0,0
578kql,0,0,0,0,0,0,0,0,0,0,0,0,0,0,0,0,0,0
57gd71,0,0,0,0,0,0,0,0,0,0,0,0,0,0,0,0,0,0
5fr2wp,0,0,0,0,0,0,0,0,0,0,0,0,0,0,0,0,0,0.975134188
5g5l3o,0,0,0.016653416,0,0.053056335,0.019729911,0,0,0,0,0,0,0.296389124,0,0,0,0,0.571357403
5g76t3,0,0,0,0,0,0,0,0,0,0,0,0,0.537810858,0,0,0,0,0
5korgu,0,0,0,0,0,0,0,0,0,0,0,0,0,0,0,0,0,0
5osejw,0,0,0,0,0,0,0,0,0,0,0,0,0,0,0,0,0,0
5rgh42,0,0,0,0,0,0,0,0,0,0,0,0,0.992594877,0,0,0,0,0
5rwamz,0,0,0,0,0.668965129,0,0,0,0,0,0,0,0,0,0,0,0,0.331034871
5s4o3n,0,0,0,0,0,0.14500376,0,0,0.064803172,0,0,0,0.17962415,0.115542936,0.076579332,0,0,0.303058563
5wbqtn,0,0,0.020777428,0,0,0,0,0,0.018337447,0,0.671754809,0,0,0,0,0,0,0.271087608
6168iq,0,0,0,0,0,0,0,0,0,0,0,0,0,0,0,0,0,0
6792ti,0,0,0,0.01025084,0,0.64296865,0,0,0.07532807,0,0,0,0.176889928,0.053753892,0,0,0,0
6cuxry,0,0,0,0,0,0,0,0,0,0,0,0,0,0,0,0,0,0
6fk3ff,0,0,0,0,0,0.269906075,0,0,0,0,0,0,0.43911386,0.17232262,0,0,0,0
6uh0x4,0,0,0,0,0,0.94089221,0,0.055378474,0,0,0,0,0,0,0,0,0,0
6uzqja,0,0.07406677,0,0,0.083841257,0.085638746,0,0,0,0,0,0.131169187,0,0.021583007,0.067670565,0,0,0.514839257
6vzkc0,0,0,0.132070604,0,0.444937267,0,0,0,0.220580125,0,0,0,0,0,0.10247225,0,0,0.09177514
702coq,0,0,0,0,0,0,0,0,0.924244091,0,0,0,0,0,0,0,0,0
71b2zo,0,0,0,0,0,0,0,0,0,0,0,0,0,0,0,0,0,0
723x8x,0,0,0,0,0,0,0,0.558944647,0,0,0,0,0.306470444,0,0,0,0,0
75gtpl,0,0,0,0,0,0,0,0,0,0,0,0,0,0,0,0,0,0
79dlli,0,0,0,0,0,0,0,0,0,0,0,0,0,0,0,0,0,0
7et0ho,0,0,0,0,0,0,0,0,0.087320889,0,0,0,0,0,0.442214887,0,0.053282438,0.397738014
7gvmqd,0,0,0,0,0,0,0,0,0,0,0,0,0,0,0,0,0,0
7lj7zb,0,0,0,0,0,0.761623505,0,0,0,0,0,0,0,0,0,0,0,0
7mejr8,0,0,0,0,0,0,0,0,0,0,0,0,0,0.535195173,0,0,0,0
7mluyg,0,0,0,0,0.567276094,0.329483488,0,0,0,0,0,0,0,0,0,0,0,0
7qcuhd,0,0,0,0,0,0,0,0,0,0,0,0,0,0,0,0,0,0.858838132
89cia1,0,0,0,0,0,0,0,0,0,0,0,0,0,0,0,0,0,0
8cynjg,0,0,0,0,0,0.697369139,0,0,0.114005358,0,0,0,0,0,0,0,0.188625503,0
8h95ce,0,0,0,0,0,0,0,0,0,0,0,0,0,0,0,0,0,0
8l1auw,0.033606907,0,0,0,0,0.332399981,0,0,0,0,0,0,0.029934593,0,0.601801155,0,0,0
8lak4a,0,0,0,0,0.534606378,0,0,0.349672889,0,0,0,0,0,0,0,0,0,0
8p5xh9,0,0,0,0,0,0,0,0.903092111,0,0,0,0,0,0,0,0,0,0
8puhuv,0,0,0,0,0,0,0,0,0,0,0,0,0,0,0,0,0,0
8t7dc2,0,0,0,0,0,0,0,0,0,0,0,0,0,0,0,0,0,0
8vbv1e,0,0,0,0,0,0,0,0,0,0,0,0,0,0,0,0,0,0
92r5oj,0,0,0.084824009,0.557516939,0,0.04258096,0,0,0.165266492,0,0,0,0.038954078,0,0,0,0,0.078794834
93ai90,0,0,0,0,0,0,0,0,0,0,0,0,0,0,0,0,0,0
93ms56,0,0,0,0,0.379110393,0.620889607,0,0,0,0,0,0,0,0,0,0,0,0
94bknm,0,0,0,0,0,0,0,0,0,0,0,0,0,0,0,0,0,0
97xniz,0,0,0,0,0,0.916432139,0,0,0,0,0,0,0,0,0,0,0,0
9cfwd6,0,0,0,0,0,0,0,0,0,0,0,0,0,0,0,0,0,0
9gfdkg,0,0,0,0,0,0,0,0,0,0,0,0,0,0,0,0,0,0
9grh6p,0,0,0,0,0,0,0,0,0.375710635,0,0,0,0,0.552707828,0,0,0,0
9m93sn,0,0,0,0,0,0,0,0,0,0,0,0,0,0,0,0,0,0
9ro323,0,0,0,0,0.117891388,0.010198583,0,0,0,0,0,0,0.079362359,0,0,0,0,0.64019827
a0o2ik,0,0,0,0,0,0,0,0,0,0,0,0,0,0,0,0,0,0
a12fu1,0,0,0,0,0,0,0,0,0,0,0,0,0,0,0,0,0,0
a4lv0i,0,0,0,0,0,0,0,0,0,0,0,0,0,0,0,0,0,0
aa5rlo,0,0,0,0,0,0,0,0,0,0,0,0,0.551687865,0,0,0,0,0
abm6n0,0,0,0,0,0.94377695,0,0,0,0,0,0,0,0,0,0,0,0,0
ao2iv2,0,0,0,0,0,0,0,0,0,0,0,0,0,0,0,0,0,0
b0pnxj,0,0.058019749,0,0.136012623,0.176373596,0.474001402,0,0,0,0,0,0,0,0,0,0,0.035712548,0.091756197
b2fgla,0,0,0,0,0,0,0,0,0.307744709,0,0,0,0,0,0.28002341,0,0,0
b3aluf,0,0,0,0,0,0,0,0,0,0,0,0,0,0,0.62454036,0,0,0
b59gg7,0,0,0,0,0,0,0,0,0,0,0,0,0,0,0,0,0,0
be99pq,0,0,0,0,0,0,0,0,0,0,0,0,0,0,0,0,0,0
bfknk8,0,0,0,0,0,0,0,0,0,0,0,0,0,0,0,0,0,0
bil702,0,0,0,0,0,0.308135934,0,0,0,0,0,0,0,0,0,0,0,0.691864066
bkr78k,0,0,0,0,0,0,0,0,0,0,0,0,0,0,0,0,0,0
bljjwt,0,0,0,0,0,0,0,0,0,0,0,0,0,0,0,0,0,0
bnu943,0,0,0,0,0,0,0,0,0,0,0,0,0,0,0,0,0,0
bqh9cf,0,0,0,0,0,0,0,0,0,0,0,0.978177325,0,0,0,0,0,0
bvqdow,0,0,0,0,0,0,0,0,0,0,0,0,0,0,0,0,0,0
bzdrzj,0,0,0,0,0.340014123,0.512000981,0,0,0,0,0,0,0,0,0,0,0,0
c1wmc9,0,0,0,0,0,0,0,0,0,0,0,0,0,0,0,0,0,0
c4idkn,0,0,0,0,0,0,0,0,0,0,0,0,0,0,0,0,0,0
c56yhy,0,0,0,0,0,0,0,0,0,0,0,0,0.857797081,0,0,0,0,0
c7zeln,0,0,0,0,0,0,0,0,0,0,0,0,0,0,0,0,0,0
cg1wly,0,0,0,0,0,0,0,0,0,0,0,0,0,0,0,0,0,0.076713598
cp9doq,0,0,0,0.59349485,0,0,0,0,0,0,0,0,0.40650515,0,0,0,0,0
d3gxy1,0,0,0,0,0.730958451,0,0,0,0,0,0,0,0,0,0,0,0,0
d6q7lm,0,0,0,0,0.529836885,0,0,0,0,0,0,0,0,0,0,0,0,0
d71hcg,0,0,0,0,0,0.187718162,0,0.771248475,0,0,0,0,0,0,0,0,0,0
d9krfq,0,0,0,0,0,0,0,0,0,0,0,0,1,0,0,0,0,0
dijo7r,0,0,0,0,0,0,0,0,0,0,0,0,0,0,0,0,0,0
djcflr,0,0,0,0,0,0,0,0,0,0,0,0,0,0,0,0,0,0
djwfac,0,0,0,0,0,0,0,0,0,0,0,0,0,0,0,0,0,0
duroz9,0,0,0,0,0.472603909,0.471504048,0,0,0,0,0,0.048586808,0,0,0,0,0,0
dy281d,0,0,0,0,0,0.186413653,0,0,0,0,0,0,0,0,0,0,0,0.607642762
e2wca7,0,0,0,0,0,0,0,0,0,0,0,0,0,0,0,0,0,0
e3gq14,0,0,0,0,0,0,0,0,0,0,0,0,0,0,0,0,0,0
ea6und,0,0,0,0,0,0,0,0,0,0,0,0,0,0,0,0,0,0
edwu5x,0,0,0,0,0,0.482814633,0,0,0,0,0,0,0,0,0,0,0,0.517185367
eiiuy9,0,0,0,0,0,0,0,0,1,0,0,0,0,0,0,0,0,0
ep00dq,0,0,0,0,0,0,0,0,0,0,0,0,0,0,0,0,0,0
eqtdip,0,0.012522512,0.08976298,0,0.029479874,0.673820329,0,0.110376513,0,0,0,0,0,0.016453001,0,0,0,0.022310548
eresld,0,0,0,0,0.991735537,0,0,0,0,0,0,0,0,0,0,0,0,0
ex18dz,0,0,0,0,0,0,0,0,0,0,0,0,1,0,0,0,0,0
exldoy,0,0,0,0,0,0,0,0,0,0,0,0,0,0,0,0,0,0
f5u55l,0,0,0,0,0,1,0,0,0,0,0,0,0,0,0,0,0,0
f7t3ql,0,0,0,0,0,0,0,0,0,0,0,0,0,0,0,0,0,0
fbtsr3,0,0,0,0.107513704,0,0,0,0,0,0,0,0,0,0.153132091,0,0,0,0
fg29ka,0,0,0,0,0,0,0,0,0,0,0,0,0,0,0,0,0,0
fk32c8,0,0,0,0,0,0,0,0,0,0,0,0,0,0,0,0,0,0
flkh11,0,0,0,0,0,0,0,0,0,0,0,0,0,0,0,0,0,0
fp2bp4,0,0,0,0,0,0,0,0,0,0,0,0,0,0,0,0,0,0
fp8eu2,0,0,0,0,0,0,0,0,0,0,0,0,0.578198278,0,0,0,0,0
g17ydf,0,0,0,0,0,0,0,0,0,0,0,0,0,0,0,0,0,0
g4td9b,0,0,0.457282455,0,0,0.067193914,0,0,0,0,0,0,0.374780881,0,0,0,0,0.031304605
g5phg7,0,0,0,0,0,0.612422053,0,0,0,0,0,0,0,0,0.148958178,0,0,0.190866541
g7nr3e,0,0,0,0,0,0,0,0,0,0,0,0,0,0,0,0,0,0
g9jsq8,0,0,0,0,0,0,0,0,0,0,0,0,0,0,0,0,0,0.837564793
gcx414,0,0,0,0,0.195466463,0.244404319,0,0.014983646,0,0,0,0,0.022382283,0,0.253178992,0,0,0.188056502
gfmdn2,0,0,0,0,0,0,0,0,0,0,0,0,0,0,0,0,0,0.960696917
ggrxv3,0,0.08353587,0,0.322679505,0,0.453872184,0,0.032901188,0,0,0,0,0,0.024074029,0,0,0,0
gkjvz3,0.026359532,0,0,0,0,0,0,0,0,0,0,0,0,0,0,0,0,0
go0vuh,0,0,0,0,0,0,0,0,0,0,0,0,0,0,0,0,0,0
gz72rb,0,0,0,0,0,0,0,0,0,0,0,0,0,0,0,0,0,0
h8ctzx,0,0,0,0,0,0.956535724,0,0,0,0,0,0,0,0,0,0,0,0
hc3hq4,0,0,0,0,0,0,0,0,0,0,0,0,0,0,0,0,0,0
hd2l60,0,0,0,0,0,0,0,0,0,0,0,0,0,0,0,0,0,0
huliov,0,0,0,0,0.149134568,0.433011112,0,0.028115006,0.025591212,0,0,0,0,0,0.020446327,0,0,0.293398918
i3nyr0,0,0,0,0,0,0,0,0.694041868,0.058869688,0,0,0,0.044928536,0,0,0,0.164605366,0
i5zq91,0,0,0.577583623,0,0,0,0,0,0,0,0,0,0,0,0,0,0,0
ibo9pk,0,0,0,0,0,0,0,0,0,0,0,0,0.900980501,0,0,0,0,0
illt5c,0,0,0,0,0,0,0,0.319816855,0,0,0,0,0,0,0,0,0,0
imws6r,0,0,0,0,0,0,0,0,0.845535679,0,0,0,0,0,0,0,0,0
iun0q9,0,0,0,0,0,0,0,0,0,0,0,0,0,0,0,0,0,0
iv04sk,0,0,0,0,0.268687584,0,0,0.731312416,0,0,0,0,0,0,0,0,0,0
ivlkyq,0,0,0,0,0,0,0,0,0,0,0,0,0,0,0,0,0,0
iwb34a,0,0,0,0,0,0,0,0,0.241567774,0,0,0,0.758432226,0,0,0,0,0
ix481w,0,0,0,0,0,0,0,0,0,0,0,0,0.807148908,0,0,0,0,0
j1rl3s,0,0,0,0,0,0,0,0,0,0,0,0,0,0,0,0,0,0
j2qhhx,0,0.621586312,0.245217881,0,0,0,0,0,0,0,0,0,0,0,0,0,0,0
j6tsam,0,0,0.036385969,0,0,0.454093001,0,0.459671436,0,0,0,0,0,0,0,0,0,0
javlhu,0,0,0,0,0,0.243387503,0,0,0,0,0,0,0,0,0.586935186,0,0,0.083280642
jdc71o,0,0,0,0,0,0,0,0,0,0,0,0,0,0,0,0,0,0
jdsxmz,0,0,0,0,0,0,0,0,0,0,0,0,0,0,0,0,0,0
jfbnx4,0,0,0,0,0,0,0,0,0,0,0,0,0,0,0,0,0,0
jgiv00,0,0,0,0,0,0,0,0,0,0,0,0,0,0,0,0,0,0
jnkolz,0,0,0,0,0,0,0,0,0,0,0,0,0,0,0,0,0,0
jr99pc,0,0,0,0,0,0,0,0,0,0,0,0,0,0,0,0,0,0
jt7a6m,0,0,0,0,0,0.214537936,0,0,0,0,0,0,0.576387723,0,0.062862346,0,0,0.146211995
ju473i,0,0,0,0,0,0.555260508,0,0.365222329,0.079517164,0,0,0,0,0,0,0,0,0
jyoqb2,0.542747119,0,0,0,0,0.457252881,0,0,0,0,0,0,0,0,0,0,0,0
k185q4,0,0,0,0,0,0,0,0,0,0,0,0,0,0,0,0,0,0
k3dhw1,0,0.553972685,0,0,0,0.28745115,0,0,0,0,0,0,0,0,0,0,0,0.131141112
k6xn3d,0,0,0,0,0.041006628,0,0,0.060109143,0,0,0,0,0.017831529,0.020117024,0,0,0.036547538,0.79746439
k7p49w,0,0,0,0,0,0,0,0.315528779,0,0,0,0,0,0,0,0,0,0
k9gk4h,0,0,0,0,0,0,0,0,0,0,0,0,0,0,0,0,0,0
kbfvny,0,0,0,0,0,0,0,0,0,0,0,0,0,0,0,0,0,0
kocgjm,0,0,0,0,0,0,0,0,0,0,0,0,0,0,0,0,0,0
kxcplg,0,0,0,0,0,0.615724005,0,0,0,0,0,0,0,0,0,0,0,0
l657ha,0,0,0,0,0,0,0,0,0,0,0,0,0,0,0,0,0,0
l9yzby,0,0,0,0.209357151,0,0,0,0,0,0,0,0,0,0,0,0,0,0
lcdmw1,0,0,0,0,0,0,0,0,0,0,0,0,0,0,0,0,0,0
lhjxhf,0,0.407564989,0,0,0,0.393436056,0,0,0,0,0,0,0,0,0,0,0,0
llcv01,0,0,0,0,0.48333754,0.444641895,0,0,0,0,0,0,0,0,0,0,0,0.072020565
lw2ali,0,0,0,0,0,0,0,0,0,0,0,0,0,0,0,0,0,0
lw97h3,0,0,0,0,0,0,0,0,0,0,0,0,0,0,0,0,0,0
lxmlvg,0,0,0,0,0,0,0,0,0.427939167,0,0,0,0.368647156,0,0.203413677,0,0,0
mcedzo,0,0,0,0,0,0,0,0,0,0,0,0,0,0,0,0,0,0
mcu2ve,0,0,0,0,0,0,0,0,0,0,0,0,0,0,0,0,0,0
mj2mup,0,0,0,0,0,0,0,0,0,0,0,0,0.594024299,0,0,0,0,0
muq9ir,0,0,0,0,0,0,0,0,0,0,0,0,0,0,0,0,0,0
mxiizd,0,0,0,0,0,0,0,0,0,0,0,0,0,0,0,0,0,0
mz2lh1,0,0,0,0,0,0.970196785,0,0,0,0,0,0,0,0,0,0,0,0
n557wl,0,0,0,0,0,0,0,0,0,0,0,0,0,0,0,0,0,0
n5gs1i,0,0,0,0,0,0,0,0,0.234007241,0,0,0,0,0,0,0,0,0
nmb41z,0,0,0,0,0,0,0,0,0,0,0,0,0,0,0,0,0,0
o3c3gh,0.250208752,0.276485463,0,0,0,0,0,0,0,0,0,0,0.130372303,0,0.342933482,0,0,0
o3w7mx,0,0,0,0,0,0,0,0.422177955,0.235243755,0,0,0,0.287353072,0,0.055225218,0,0,0
o5im5x,0,0,0,0,0,0,0,0,0,0,0,0,0,0,0,0,0,0
o8g811,0,0,0,0,0,0,0,0,0,0,0.770803386,0,0,0.151407248,0,0,0,0
oa8bsf,0,0,0,0,0,0,0,0,0,0,0,0,0,0,0,0,0,0
oah3ix,0,0,0,0,0.625845573,0,0,0,0,0,0,0,0,0,0,0,0,0
ob1oyr,0,0,0,0,0,0,0,0,0,0,0,0,0,0,0,0,0,0.764895042
oeu4v5,0,0,0,0,0,0,0,0,0,0,0,0,0,0,0,0,0,0
onxiov,0,0,0,0.071247875,0.713652099,0.033634096,0,0,0,0,0,0,0.092173345,0,0,0,0.056890233,0
oqdyqj,0,0,0,0,0,0,0,0,0,0,0,0,0,0,0,0,0,0
ow1kva,0,0.069203127,0.036202798,0,0.679519552,0.069617782,0,0.013109115,0,0,0,0,0,0,0.110198056,0,0,0
p138ls,0,0,0,0,0,0,0,0,0,0,0,0,0,0,0,0,0,0
p4ydcw,0,0,0,0,0.202664893,0,0,0,0.304802475,0,0,0,0,0.492532632,0,0,0,0
par6mj,0,0,0,0,0,0,0,0,0,0,0,0,0,0,0,0,0,0
pjeinf,0,0,0,0,0,0,0,0,0,0,0,0,0,0,0,0,0,0
pjpyrw,0,0,0,0,0,0,0,0,0,0,0,0,0,0,0,0,0,0
pkes4b,0,0.365515371,0,0.022834162,0.155220315,0.022357122,0,0,0,0,0,0,0.145351571,0,0,0,0,0.253658402
ptm2rz,0,0,0,0,0,0,0,0,0,0,0,0,0,0,0,0,0,0
pvtjxl,0,0,0,0,0,0,0,0,0,0,0,0,0,0,0,0,0,0
pzqotb,0,0,0,0,0,0,0,0,0,0,0,0,0.773268304,0,0,0,0,0
q0drkf,0,0,0,0,0,0,0,0,0,0,0,0,0,0,0,0,0,0
q7z3me,0,0,0,0,0,0,0,0,0,0,0,0,0,0,0,0,0,0
qam8um,0,0,0,0,0,0,0,0,0,0,0,0,0,0,0,0,0,0
qg92f0,0,0,0,0,0,0,0,0,0,0,0,0,0,0,0,0,0,0
qli1x2,0,0,0,0.077644854,0.845089912,0,0,0.043102136,0.034163099,0,0,0,0,0,0,0,0,0
qmztnr,0,0,0,0,0,0.876664404,0,0,0,0,0,0,0,0,0,0,0,0
qyyizc,0,0,0,0,0.184890132,0,0,0,0,0,0,0,0,0,0,0,0,0
r4l0z6,0,0,0,0,0,0,0,0,0,0,0,0,0,0,0,0,0,0
r9f83q,0,0,0,0,0,0,0,0,0.162781084,0,0,0,0.120253718,0,0,0,0,0.6970974
r9u66r,0,0,0,0,0,0,0,0,0,0,0,0,0,0,0,0,0,0
rj779n,0,0,0,0,0,0,0,0,0,0,0,0,0,0,0,0,0,0
rk7x8b,0,0,0,0,0,0,0,0,0,0,0,0,0,0,0,0,0,0
rncp88,0,0,0,0,0,0.019633699,0,0,0,0,0,0,0.431436482,0,0.193248609,0,0.158095604,0.126678647
rnj6s2,0,0,0,0,0,0,0,0,0,0,0,0,0,0,0,0,0,0
rnofs3,0,0,0,0,0,0,0,0,0,0,0,0,0.147625408,0,0,0,0,0.724863817
rxw0ou,0,0,0,0,0,0,0,0,0,0,0,0,0,0,0,0,0,0
s3kpff,0,0,0,0,0,0.631492524,0,0,0,0,0,0,0,0,0,0,0,0
s94yfx,0,0,0,0,0,0,0,0,0.959088682,0,0,0,0,0,0,0,0,0
s97oon,0,0,0,0,0,0.537857164,0,0,0,0,0,0,0,0,0,0,0,0
sebm1e,0,0,0,0,0,0,0,0,0,0,0,0,0,0,0.908317408,0,0,0
secepw,0,0,0,0,0.904297728,0,0,0,0,0,0,0,0,0,0,0,0,0
selse3,0,0,0,0,0,0,0,0,0,0,0,0,0,0,0,0,0,0.993519235
sgsm1o,0,0,0,0,0.955311546,0,0,0,0,0,0,0,0,0,0,0,0,0
sgwh4a,0,0,0,0,0.16814253,0,0,0,0,0,0,0.411667928,0.161438176,0,0.177631203,0,0,0
skdiy9,0,0,0,0,0.432054324,0.472922899,0,0,0,0,0,0,0.01536099,0,0,0,0,0.061345846
srlk3f,0,0,0,0,0,0,0,0,0,0,0,0,0,0,0,0,0,0
ssc43h,0,0,0,0,0,0,0,0,0,0,0,0,0,0,0,0,0,0
sx5mlm,0,0,0,0,0.506769929,0.067625476,0,0,0,0,0,0.011913391,0.375188627,0,0,0,0,0.023752004
sy4fru,0,0,0,0,0,0,0,0.75997651,0,0,0,0,0,0,0,0,0,0
t1cw2j,0,0,0,0,0,0,0,0,0,0,0,0,0,0,0,0,0,0
t3jq36,0,0,0,0,0,0.581876267,0,0,0,0,0,0,0,0,0,0,0,0
t3k80l,0,0,0,0,0,0,0,0,0,0,0,0,0.350868249,0,0,0,0,0.649131751
torr3u,0,0,0,0,0,0,0,0,0.533253973,0,0,0,0,0,0,0,0,0
tq02fh,0,0,0,0,0,0,0,0,0,0,0,0,0,0,0,0,0,0
tt9ohu,0,0.293922435,0.071748674,0.096351991,0.064169545,0.034143398,0,0,0,0,0,0,0,0.112028575,0.327635382,0,0,0
ttp50p,0,0,0,0,0,0,0,0,0,0,0,0,0,0,0.796091633,0,0,0
tuptsx,0,0,0,0,0,0,0,0,0,0,0,0,0.218110048,0,0.256174562,0,0,0.52571539
u1bteo,0,0,0,0,0,0,0,0,0.977321411,0,0,0,0,0,0,0,0,0
u68imk,0,0,0,0,0,0.771418795,0,0,0,0,0,0,0,0.143183391,0,0,0,0
udct6t,0,0,0,0,0,0,0,0,0,0,0,0,0,0,0,0,0,0
ugpvak,0,0,0,0,0,0,0,0,0,0,0,0,0,0,0,0,0,0
uhd682,0,0,0,0,0,0,0,0,0,0,0,0,0,0,0,0,0,0
uirz9q,0,0,0,0,0.801967158,0.198032842,0,0,0,0,0,0,0,0,0,0,0,0
ujqhm8,0,0,0,0,0.872506572,0,0,0,0,0,0,0,0,0,0,0,0,0
utps4o,0,0,0,0,0,0.824280856,0,0,0,0,0,0,0,0,0,0,0,0
uw3f2o,0,0,0,0,0,0,0,0,0,0,0,0,0,0,0,0,0,0
v0doa1,0,0,0,0,0,0,0,0,0,0,0,0,0.934641252,0,0,0,0,0
v2ftmu,0,0,0,0,0.338331403,0,0,0,0,0,0,0,0.416818847,0,0,0,0,0.24484975
v4miro,0,0,0,0,0,0,0,0,0,0,0,0,0,0,0,0,0,0
v91r5a,0,0,0,0,0,0,0,0,0,0,0,0,0.260875294,0,0,0,0,0
vb080o,0,0,0.629855333,0,0,0,0,0,0,0,0,0,0.093701953,0,0.084359193,0,0,0.088143523
vck0gg,0,0,0,0,0.581935699,0,0,0,0,0,0,0,0,0,0,0,0,0
vnfq38,0,0,0,0,0,0,0,0,0,0,0,0,0,0.895141175,0,0,0,0
vphq1t,0.01571186,0,0.017114811,0.826357727,0.016036469,0.105706977,0,0,0,0,0,0,0,0,0,0,0,0.019072157
vr8eax,0,0,0,0,0,0,0,0.428777755,0.546778243,0,0,0,0,0,0,0,0,0
vrmzg2,0,0,0,0,0,0,0,0,0,0,0,0,0,0,0,0,0,0
vs135y,0,0,0,0,0,0,0,0,0,0,0,0,0,0,0,0,0,0
vz50ag,0,0,0,0,0,0,0,0,0,0,0,0,0,0,0,0,0,0
w1vmid,0,0,0,0,0.536099762,0,0,0,0,0,0,0,0,0,0,0,0,0
wd2vty,0,0,0,0,0.105262618,0.149561666,0,0,0,0,0,0,0.745175716,0,0,0,0,0
whq4wv,0,0,0,0,0,0,0,0,0,0,0,0,0,0,0,0,0,0
wjy6tm,0,0,0,0,0,0,0,0,0,0,0,0,0,0,0,0,0,0.898622901
wuvvf9,0,0,0,0,0,0,0,0,0,0,0,0,0,0,0,0,0,0.995500595
wwiti8,0,0.01080085,0,0,0.033193764,0.181313431,0,0,0.315617136,0,0,0,0.182583144,0.014341808,0.014836093,0,0.048032902,0.175780094
wyj6vt,0,0,0,0,0,0,0,0,0,0,0,0,0,0,0,0,0,0
x2nwwx,0,0,0,0,0,0,0,0,0,0,0,0,0,0,0,0,0,0
x5tmys,0,0,0,0,0,0,0,0,0,0,0,0,0,0,0,0,0,0
xb7lla,0,0,0,0,0,0,0,0,0,0,0,0,0,0,0,0,0,0
xkee7j,0,0,0,0.21368772,0,0.592472278,0,0,0,0,0,0,0.102070684,0,0,0,0,0
xkg2py,0,0,0,0,0,0,0,0,0,0,0,0,0,0,0,0,0,0
xu0xbs,0,0,0,0,0,0,0,0,0,0,0,0,0,0,0,0,0,0
xvylcm,0,0,0,0,0,0.761549303,0,0,0,0,0,0,0,0.187739082,0,0,0,0
yaz3nd,0,0,0,0,0,0,0,0,0,0,0,0,0,0.556451536,0,0,0,0
yc6mzf,0,0,0.364978796,0,0,0.169987447,0,0,0,0,0,0,0.103004758,0,0.244483516,0,0,0
ye3bc4,0,0,0,0,0,0,0,0,0,0,0,0,0,0,0,0,0,0
yixard,0,0,0,0,0.146415694,0,0.243500915,0,0,0,0,0,0.376797522,0,0,0,0,0.233285868
yja174,0,0,0,0,0,0,0,0,0,0,0,0,0,0,0,0,0,0
ym1qk5,0,0,0,0,0,0,0,0,0,0,0,0,0,0,0,0,0,0
ynw4n5,0,0,0,0,0,0,0,0,0,0,0,0,0,0,0,0,0,0
yodw0t,0,0,0,0,0.916108833,0.057881014,0,0,0,0,0,0,0,0,0,0,0,0
yqgqyd,0,0,0,0,0.280130616,0.011530718,0,0,0,0,0,0,0.018363705,0,0,0,0,0.670751047
yu4ggi,0,0,0,0,0,0,0,0,0,0,0,0,0,0,0,0,0,0
z0gqr4,0,0,0,0.565250247,0,0,0,0,0,0,0,0,0,0,0,0,0,0
zcxvlm,0,0,0,0,0,0,0,0,0.249955298,0,0,0,0,0.57080292,0.146099145,0,0,0
zdvtjj,0,0.884680154,0,0.013720292,0.015940305,0.012741142,0,0,0,0,0,0,0.026670205,0,0,0,0,0.043872731
zhnrql,0,0,0,0,0.634079175,0,0,0,0,0,0,0,0.219745206,0,0,0,0,0
zjz2e0,0,0,0,0,0,0,0,0,0,0,0,0,0,0,0,0,0,0
zkn6zg,0,0,0,0,0,0,0,1,0,0,0,0,0,0,0,0,0,0
zr070j,0,0,0,0,0,0,0,0,0,0,0,0,0,0,0,0,0,0
zr41w0,0,0,0.479993088,0,0.120673959,0.135161946,0,0.054901521,0,0,0,0.035338017,0.173931468,0,0,0,0,0
ztxdc0,0,0,0,0,0.703035458,0,0,0,0,0,0,0,0,0,0,0,0,0
zyrrbt,0,0,0.587967906,0.042684594,0.045581361,0,0,0,0,0,0,0,0,0,0,0,0,0.043536427
4c8nng,0,0,0,0,0.875973857,0,0,0,0,0,0,0,0,0,0,0,0,0.099945677
14bm2r,0,0,0,0,0,0,0,0,0,0,0,0,0.892347853,0,0,0,0,0
dph6xj,0,0,0,0,0,0,0,0,0,0,0,0,0,0,0,0,0,0
hzfbmz,0,0,0,0,0.559027038,0.294394946,0,0,0,0,0,0,0.012919023,0,0,0,0,0.126020392
espz0o,0,0,0,0,0,0.791222435,0,0,0,0,0,0,0,0,0,0,0,0
39w7w7,0,0,0,0,0.728169459,0.254694669,0,0,0,0,0,0,0,0,0,0,0,0
zkt998,0,0,0,0,0,0,0,0,0,0,0,0,0.929514475,0,0,0,0,0
0v1u5i,0,0,0,0,0,0,0,0,0,0,0,0,0,0,0,0,0,0
V10D,0,0,0,0,0.103375554,0.23973679,0,0,0,0,0.222980267,0,0,0,0,0,0,0.421554458
V10G,0,0,0,0,0.447435421,0.268896767,0,0,0,0,0,0,0,0,0,0,0,0.283667812
V11D,0,0,0,0,0.095218349,0,0,0,0,0,0,0,0.847355343,0,0,0,0,0
V11G,0,0,0,0,0.092697867,0,0,0,0,0,0,0,0.907302133,0,0,0,0,0
V12D,0,0.074392152,0.062134778,0,0,0.191899487,0,0,0,0,0,0.052019829,0.135701297,0.440666745,0,0,0,0
V12G,0,0.374213755,0.048740587,0,0,0.091071566,0,0,0,0,0,0.011475608,0.131367292,0.298238297,0,0,0,0
V13D,0,0.01372822,0,0,0,0,0,0.845067943,0.020771328,0,0,0,0.039671554,0,0,0,0,0.051440233
V13G,0,0.037619815,0,0,0,0,0,0.833143225,0.066493257,0,0,0,0.01170894,0.018502778,0,0,0,0.010400398
V14D,0,0,0,0,0,0,0,0,0,0,0,0,0.992602112,0,0,0,0,0
V14G,0,0,0,0,0,0,0,0,0,0,0,0,0.993833418,0,0,0,0,0
V15D,0,0,0,0,0,0,0,0,0,0,0,0,0.284603811,0.608239095,0,0,0,0
V15G,0,0,0,0,0,0,0,0,0,0,0,0,0.519399631,0.172478036,0,0,0,0
V16D,0.015666087,0,0,0,0.013223541,0.456533305,0,0,0.355541734,0,0,0,0.050013645,0.011191728,0,0,0,0.049394151
V16G,0.020639199,0.02502231,0,0,0,0.492624206,0,0,0.184204491,0,0,0,0.077270237,0.021413645,0,0,0,0.112322975
V18D,0,0.042116129,0.01677989,0,0,0,0,0,0,0,0,0,0.338586708,0,0,0,0,0.560617062
V18G,0,0.118062758,0.231589276,0,0.06757666,0,0,0,0,0,0,0,0.263029143,0,0,0,0,0.259015999
V19D,0,0.652559615,0,0,0.24266606,0.010325671,0,0,0,0,0,0,0.051266198,0.017379503,0,0,0,0
V19G,0,0.586452689,0,0,0.190338992,0,0,0,0,0,0,0,0.034965673,0.150300126,0,0,0,0
V1D,0,0,0,0.123270835,0,0,0,0,0,0,0,0,0,0,0,0,0,0.801253062
V1G,0,0,0,0.40454414,0,0,0,0,0,0,0,0,0,0,0,0,0,0.514203168
V20D,0.018485925,0.021049998,0.824978845,0.081939928,0,0,0,0,0,0,0,0,0,0,0,0,0,0.025648171
V20G,0.032203596,0.047858905,0.642733512,0.182534389,0,0,0,0,0,0,0,0,0,0,0,0,0,0.04906118
V21D,0,0,0,0,0,0.157831806,0,0,0,0,0,0,0.763109756,0,0,0,0,0.021690553
V21G,0,0.017882032,0,0,0,0.233476577,0,0,0,0,0,0,0.606715897,0.010581101,0,0,0.02414849,0.053304716
V23D,0,0.480891985,0,0,0,0,0,0,0.171692474,0,0,0,0.233579576,0,0,0,0.010969211,0.03791641
V23G,0,0.507863344,0,0,0,0,0,0,0.159187844,0,0,0,0.219666814,0,0.010894147,0,0.017525113,0.022588329
V25D,0,0,0,0,0,0,0,0,0,0,0,0,0.933415536,0,0,0,0,0
V25G,0,0,0,0,0,0,0,0,0,0,0,0,0.97996935,0,0,0,0,0
V26D,0,0.147211446,0,0,0.030254949,0.041525734,0,0.020080899,0,0,0,0.013428253,0.27679295,0,0,0,0,0.418704854
V26G,0,0.184583118,0,0,0.023500129,0.036178653,0,0.016906504,0,0,0,0.01978153,0.183165119,0,0,0,0,0.492602508
V27D,0,0.013049426,0,0,0,0.01296244,0,0,0.010649732,0,0,0,0.852559153,0,0,0,0,0.079989298
V27G,0,0.011486903,0,0,0,0.020889677,0,0,0,0,0,0.010593852,0.836533564,0,0,0,0.011474919,0.076833195
V28D,0.023997681,0,0,0,0,0,0,0,0,0,0,0,0.122522143,0,0,0,0,0.842384712
V28G,0,0,0,0,0.011162845,0,0,0,0,0,0,0,0.161159947,0,0,0,0,0.794261265
V29D,0,0.273109499,0.33811367,0,0.085128205,0.057274174,0,0,0,0,0,0,0.062113212,0.025031367,0,0,0,0.090492703
V29G,0,0.359016804,0.264871055,0,0.083422982,0.049106483,0,0,0.010512553,0,0,0,0.037180657,0.046008514,0,0,0,0.088253547
V2G,0,0,0,0,0,0,0,0,0,0,0,0,0.582577132,0,0,0,0.028983918,0.338498975
V30D,0,0.191612692,0.045465762,0,0.231330904,0,0,0,0,0,0,0,0.163922831,0,0,0,0,0.327604262
V30G,0,0.405486937,0.023418142,0,0.232161376,0,0,0,0,0,0,0,0.079810985,0,0,0,0,0.220151068
V31D,0,0,0,0,0,0.023757811,0,0,0.043782987,0,0,0.02820612,0.752468551,0,0,0,0,0.105446972
V31G,0,0,0.011020675,0,0,0.012163376,0,0,0.011015438,0,0,0.069253294,0.778668064,0,0,0,0,0.084935477
V32D,0,0,0.224329034,0,0.085368342,0,0,0,0,0,0,0,0.170277078,0,0,0,0,0.490232912
V32G,0,0,0.315828407,0,0.041309847,0,0,0,0,0,0,0,0.24321608,0,0,0,0,0.367591718
V33D,0,0,0,0,0,0,0,0,0,0,0,0,0.911636998,0.079325225,0,0,0,0
V33G,0,0,0,0,0,0,0,0,0,0,0,0,0.960579413,0.02269206,0,0,0,0
V34D,0,0,0,0,0.025591569,0,0,0,0.017341276,0,0,0,0.431847903,0,0,0,0,0.467907334
V34G,0,0,0,0,0,0,0,0,0,0,0,0.020126371,0.169556488,0,0,0,0,0.761162776
V35D,0,0.156659144,0,0,0,0.268267653,0,0,0.438360766,0,0,0,0.092245731,0,0,0,0,0
V35G,0,0.248774142,0,0,0,0.235951966,0,0,0.338963576,0,0,0,0.100309012,0,0,0,0,0
V36D,0,0,0,0,0,0,0,0,0,0,0,0,0.143071252,0,0,0,0.189932225,0.550681755
V36G,0,0,0,0,0,0,0,0,0,0,0,0,0.106614297,0,0,0,0.241866308,0.63225434
V37D,0,0,0,0,0,0,0,0,0.848742473,0,0,0.084587447,0.047469563,0,0,0,0,0
V37G,0,0,0,0.027887951,0,0,0,0,0.89949065,0,0,0.027213833,0.036548708,0,0,0,0,0
V38D,0,0,0,0,0,0,0,0,0,0,0,0,0.985695276,0,0,0,0,0
V38G,0,0,0,0,0,0,0,0,0,0,0,0,0.989265633,0,0,0,0,0
V3D,0,0,0,0,0,0,0.022292285,0,0,0.051898388,0,0,0.565661363,0,0,0,0,0.311856556
V3G,0,0,0,0,0,0,0.02717893,0,0,0.067214339,0,0,0.376269809,0,0,0,0,0.48281791
V40D,0,0,0.011146975,0,0.092418182,0,0,0,0.05257923,0,0,0.033912522,0.360591644,0,0.07954879,0,0,0
V40G,0,0,0.03674356,0.039838787,0.049052802,0.026243579,0,0,0.029666254,0,0,0.014396295,0.604805247,0,0.038154253,0,0,0.045849009
V41D,0,0.512648312,0.047772806,0,0,0,0,0,0.025009019,0,0,0,0.348656899,0,0,0,0,0
V41G,0.022904132,0.585712337,0.018133143,0,0,0,0,0,0.021069735,0,0,0,0.293506494,0,0,0,0,0
V42D,0,0,0,0,0,0,0,0,0,0,0,0,0.723507917,0,0,0,0,0.202869612
V42G,0,0,0,0,0,0,0,0,0,0,0,0,0.801223788,0,0,0,0,0
V43D,0,0.099862704,0,0.03424261,0,0.134457935,0,0,0,0,0,0.435344021,0.131925358,0,0,0,0,0.120257097
V43G,0,0.142460636,0,0,0,0.035607943,0,0,0,0,0,0.222737819,0.069733882,0.010520522,0.011195324,0,0,0.458422886
V44D,0,0,0,0,0.480483223,0.028695542,0,0,0,0,0,0,0,0,0,0,0,0.47329061
V44G,0,0,0,0,0.404225561,0.090120977,0,0,0,0,0,0,0,0,0,0,0,0.478427421
V45D,0,0,0,0,0,0,0,0,0.109352571,0,0,0,0.779981114,0,0,0,0,0
V45G,0,0,0,0,0,0,0,0,0.121780652,0,0,0,0.543450626,0.292427961,0,0,0,0
V46D,0,0.01398156,0,0,0.014546758,0.026504829,0,0,0,0,0,0,0.425742139,0.221413942,0,0,0,0.267549802
V46G,0,0,0,0,0.010084519,0,0,0,0,0,0,0,0.181311356,0.521610294,0.011052453,0,0,0.217774787
V47D,0,0.623470311,0,0,0.026867091,0.023307106,0,0,0,0,0,0,0.077009364,0,0,0,0,0.209341304
V47G,0,0.643634828,0,0.016149708,0.030190106,0.033734757,0,0,0,0,0,0,0.039078856,0,0,0,0,0.196921279
V48D,0,0,0,0,0,0.714355922,0,0,0,0,0,0,0.096834264,0,0,0,0,0.106330593
V48G,0,0,0,0,0,0.562888676,0,0,0,0,0,0,0.30848238,0,0,0,0,0.064899783
V4D,0,0,0,0,0.040117124,0.392565462,0,0,0,0,0,0,0.492277992,0,0,0,0,0.043901172
V4G,0,0,0,0,0.046996928,0.034166185,0,0,0,0,0,0,0.847518308,0.030361961,0,0,0,0.025770859
V51D,0,0.066491377,0,0,0.119835552,0,0,0,0,0,0,0,0.094819263,0.057155574,0,0,0,0.631590449
V51G,0,0.135082444,0,0,0.079386293,0,0,0,0,0,0,0,0.015027093,0.210720586,0,0,0.016524145,0.509475441
V52D,0,0.059258728,0,0,0,0,0,0,0,0,0,0,0.050954577,0,0,0,0,0.889786694
V52G,0,0,0,0,0,0,0,0,0,0,0,0,0,0,0,0,0,0.875012887
V53D,0,0,0,0,0,0,0,0,0,0,0,0,0.091060814,0,0,0,0.156488705,0.70819125
V53G,0,0,0,0,0,0,0,0,0.042837069,0,0,0,0.173358232,0,0,0,0.142346644,0.572839763
V54D,0,0,0,0,0.156571072,0,0,0,0,0,0,0,0.119634731,0,0,0,0,0.696124453
V54G,0,0,0,0,0.206160855,0,0,0,0,0,0,0,0.053139038,0,0,0,0,0.716309009
V55D,0,0.74556863,0,0,0.117810481,0.035822008,0,0,0,0,0,0,0,0,0,0,0,0.07858012
V55G,0,0.777038504,0,0,0.072764997,0.020635112,0,0,0,0,0,0,0,0,0,0,0,0.097830563
V56D,0,0.506748692,0,0,0.012642258,0.023840481,0,0,0,0,0,0,0.413705072,0,0,0,0,0.014920829
V56G,0,0.435487484,0,0,0,0,0,0,0,0,0,0,0.50330698,0,0,0,0,0.03036347
V57D,0,0.237309037,0,0,0.063901569,0,0,0,0,0,0.030800555,0,0.055410521,0,0,0,0,0.574153917
V57G,0,0.389416064,0,0,0.053825192,0,0,0,0,0,0.099184102,0,0.088006549,0,0,0,0,0.343538251
V58D,0,0.054184109,0,0,0,0.013853276,0,0.01372061,0,0,0.032380653,0.034874452,0.090018371,0.013275732,0,0,0,0.733368093
V58G,0,0.091144307,0,0,0,0,0,0,0.015284081,0,0.062079628,0.017219525,0.034264432,0.130371576,0.02239303,0,0,0.588692514
V5D,0,0.078929349,0,0,0.079703753,0,0,0,0.593313237,0,0,0.030551837,0.060982008,0,0,0,0,0.043064704
V5G,0,0,0,0,0.079239384,0,0,0,0.621382496,0,0,0.069730792,0.06745173,0,0,0,0,0.099928507
V7D,0,0,0,0,0,0,0,0,0,0,0,0,0.494305239,0,0,0,0.4324882,0
V7G,0,0,0,0,0,0,0,0,0.033041662,0,0,0,0.69047619,0,0,0,0.202024514,0.049836661
V8D,0,0.245224477,0,0,0,0,0,0,0,0,0,0,0.036968509,0,0,0,0,0.643233616
V8G,0,0.109896073,0,0,0,0,0,0,0,0,0,0,0,0,0,0,0,0.81907503
V9D,0,0.44295102,0,0,0,0,0,0,0,0,0,0,0.088471135,0.093446217,0,0,0,0.334339046
V9G,0,0.429486881,0,0,0,0,0,0,0,0,0,0,0.200202256,0.122114978,0,0,0,0.248195884
SCC-DE-002-HS2,0,0,0,0,0,0,0,0,0.555614293,0,0,0,0.444385707,0,0,0,0,0
SCC-DE-005-HS1,0,0,0,0,0,0,0,0,0,0,0,0,0.766281946,0,0,0,0,0
SCC-DE-005-HS2,0,0,0,0,0.170990854,0,0,0,0,0,0,0,0.463048732,0,0,0,0,0
SCC-DE-007-HS1,0,0,0,0,0.439676617,0.287696266,0,0,0,0,0,0,0.155223089,0,0,0,0.010291169,0.101434604
SCC-DE-007-HS2,0.01974276,0,0,0,0.684582441,0.220396815,0,0,0,0,0,0,0.012931137,0,0,0,0,0.047872232
SCC-DE-008-HS1,0,0,0,0,0.18408248,0.737653359,0,0,0.043616414,0,0,0,0.034647747,0,0,0,0,0
SCC-DE-009-HS1,0,0,0,0,0,0,0,0,0,0,0,0,0.509602435,0,0,0,0,0.058690171
SCC-DE-009-HS2,0,0,0,0,0,0,0,0,0,0,0,0,0.696063967,0,0,0,0,0
SCC-DE-010-HS2,0,0,0,0,0,0.787991958,0,0,0,0,0.079921272,0,0.038659077,0,0,0,0,0.076742774
SCC-DE-011-HS1,0,0,0,0,0,0,0,0,0,0,0,0,0.614982207,0,0,0,0,0
SCC-DE-011-HS2,0,0,0,0,0,0,0,0,0,0,0,0,0,0,0,0,0,0
SCC-DE-012-HS2,0,0,0,0,0,0,0,0,0.5,0,0,0,0,0,0,0,0,0
SCC-DE-014-HS2,0,0,0,0,0,0,0,0,0,0,0,0,0,0,0,0,0,0
SCC-DE-015-HS1,0,0,0,0,0.206131078,0,0,0,0,0,0,0,0.58593393,0,0,0,0,0
SCC-DE-015-HS2,0,0,0,0,0.448144146,0,0,0,0,0,0,0,0.551855854,0,0,0,0,0
SCC-DE-016-HS2,0,0,0,0,0,0,0,0,0.028318334,0,0,0,0.971681666,0,0,0,0,0
SCC-DE-017-HS1,0,0,0,0,0,0,0,0,0,0,0,0,0,0,0,0,0,0
SCC-DE-018-HS1,0,0,0,0,0,0.28074162,0,0.327050012,0,0,0,0.276331941,0.059548118,0,0,0,0,0.05632831
SCC-DE-018-HS2,0,0,0,0,0,0.368663594,0,0.565230693,0,0,0,0,0,0,0,0,0,0
SCC-DE-019-HS1,0,0,0,0,0,0,0,0,0,0,0,0,0.718062319,0,0,0,0,0
SCC-DE-022-HS2,0,0,0,0.082690056,0.512158597,0.221970471,0,0,0,0,0,0,0.171499629,0,0,0,0.011681246,0
SCC-DE-023-HS2,0,0,0,0,0,0,0,0,0,0,0,0,0,0,0,0,0,0.755428352
SCC-DE-025-HS1,0,0,0,0,0,0,0.237550013,0,0,0,0,0,0.7281844,0,0,0,0,0
SCC-DE-026-HS1,0,0,0,0,0.109702336,0,0,0,0,0,0,0.68370607,0,0,0,0,0,0.204235526
SCC-DE-026-HS2,0,0,0,0,0,0,0,0,0,0,0,0.580742065,0,0,0,0,0,0.419257935
SCC-DE-027-HS1,0,0,0,0,0.327079422,0,0,0,0,0,0,0,0.326587241,0,0,0,0,0.312035844
SCC-DE-028-HS2,0,0,0,0,0.196924105,0,0,0,0.247728571,0,0,0.39435368,0,0,0,0,0,0.160993644
SCC-DE-029-HS1,0,0,0,0,0,0,0,0,0,0,0,0.198754094,0.801245906,0,0,0,0,0
SCC-DE-033-HS2,0,0,0,0,0,0,0,0,0,0,0,0,0.974568966,0,0,0,0,0.021850562
SCC-DE-035-HS1,0,0,0,0,0,0,0,0,0,0,0,0,0.776752497,0,0,0,0,0
SCC-DE-035-HS2,0,0,0,0,0,0,0,0,0.301044826,0,0,0,0.698955174,0,0,0,0,0
SCC-DE-036-HS1,0,0,0,0,0,0.100917871,0,0,0,0,0,0,0.136096393,0,0,0,0,0.756482034
SCC-DE-036-HS2,0,0,0,0,0,0,0,0,0,0,0,0,0.19484426,0,0,0,0,0.730303482
SCC-DE-039-HS1,0,0,0,0,0,0,0,0,0,0,0,0,0.625925926,0,0,0,0,0.36823811
SCC-DE-042-HS1,0.194226987,0,0,0.161339018,0.214412772,0.121399554,0,0,0,0,0,0,0.258463648,0,0,0,0,0.050158021
SCC-DE-042-HS2,0,0,0,0.306286185,0.072117461,0,0,0,0,0,0,0,0.585434153,0,0,0,0,0
SCC-DE-044-HS1,0,0,0,0,0,0,0,0,0,0,0,0,0.951377876,0,0,0,0,0
SCC-DE-050-HS1,0,0,0,0,0.049686189,0.123719279,0,0,0.120722376,0,0,0.089285316,0.058949175,0.332848294,0,0,0,0.224789372
SCC-DE-052-HS1,0,0,0,0,0.158204804,0,0.424815021,0.098699388,0,0,0,0,0.129130984,0,0,0,0,0.189149804
SCC-DE-052-HS2,0,0,0,0.090290779,0.274576046,0,0.256976793,0,0,0,0,0,0,0,0,0,0,0.378156382
SCC-DE-054-HS1,0,0,0,0,0,0.274443817,0.420663889,0,0,0,0,0,0.304892294,0,0,0,0,0
SCC-DE-055-HS1,0,0,0,0,0,0,0,0,0,0,0,0,0,0,0,0,0,0
SCC-DE-056-HS1,0,0,0,0,0,0,0,0,0,0,0,0,0.220698275,0,0,0,0,0.779301725
SCC-DE-064-HS1,0,0,0,0,0.073439199,0,0,0,0,0,0,0,0.912208609,0,0,0,0,0.014352192
SCC-DE-064-HS2,0,0,0,0,0,0,0,0,0,0,0,0,0,0,0,0,0,0
SCC-DE-067-HS1,0,0,0,0,0,0,0,0,0.160955173,0,0.072073648,0.164808322,0.602162857,0,0,0,0,0
SCC-DE-067-HS2,0,0,0,0,0,0,0,0,0.150475375,0,0,0.196253613,0.622236298,0,0,0,0,0
SCC-DE-068-HS2,0,0,0,0.243437592,0.420524656,0.24960591,0,0,0,0,0,0,0.086431842,0,0,0,0,0
SCC-DE-070-HS1,0,0,0,0,0.154315609,0.353241403,0,0,0.048615031,0,0,0.03143772,0.12958157,0,0,0,0.074905815,0.207902852
SCC-DE-071-HS2,0,0,0,0,0,0,0,0,0,0,0,0,0,0,0,0,0,0
SCC-DE-074-HS1,0,0,0,0,0,0,0,0,0,0,0,0,0.918412048,0,0,0,0,0
SCC-DE-080-HS1,0,0,0,0,0,0,0,0.611446244,0,0,0,0,0,0,0,0,0,0