SampleName,L,K,H,C,B,A,F,E,D
PAH_Individual7,0,0,0,0,0.175872469,0,0.786883993,0,0
PAH_Individual8,0,0,0,0,0,0,0.695332105,0,0
PAH_Individual11,0,0,0,0,0,0.393357934,0.603466456,0,0
PAH_Individual12,0,0,0.216058978,0,0,0.6871474,0.060095629,0,0
PAH_Individual26,0,0.107946197,0.155426891,0,0,0.143901038,0.563906897,0,0
PAH_Individual27,0,0,0,0,0,0.94397102,0,0,0
PAH_Individual54,0,0,0,0,0,0.681012974,0,0,0
PAH_Individual59,0,0,0,0,0,0.733202834,0,0,0
PAH_Individual74,0,0,0,0,0,0.455177854,0.544822146,0,0
PAH_Individual75,0,0.035239419,0.026644297,0,0.059725364,0.154817587,0.689877256,0,0
PAH_Individual94,0,0,0,0,0,0,0.905249714,0,0
PAH_Individual97,0,0,0,0,0,0,0.790395046,0,0
PAH_Individual105,0,0,0,0,0,0.730459072,0,0,0
PAH_Individual431,0.025027162,0,0,0,0,0.048655014,0.916009959,0,0
PAH_Individual437,0,0,0.148411147,0,0,0.782897402,0,0,0
PAH_Individual440,0,0,0,0,0,0.139347979,0.841720919,0,0
PAH_Individual446,0,0.069127997,0,0,0,0.402413085,0.528458918,0,0
PAH_Individual477,0,0.119299371,0.061931165,0,0,0.306836768,0.510034931,0,0
PAH_Individual482,0,0.011839468,0,0,0,0.625164715,0.344056457,0,0
PAH_Individual491,0,0,0,0,0,0,0.849402622,0,0
PAH_Individual501,0,0,0,0,0,0.584003153,0,0,0
PAH_Individual511,0,0,0,0,0,0.094058638,0.834717531,0,0
PAH_Individual518,0,0,0,0,0,0.015396973,0.969250669,0,0
PAH_Individual533,0,0.247063952,0,0,0,0.074696232,0.630338983,0,0
FDT01001cheek,0,0,0.035279514,0,0.510586758,0.224156427,0.069504432,0.012312276,0.028412175
FDT01002cheek,0,0,0,0,0,0.987962989,0,0,0.012037011
FDT01003cheek,0,0.014197282,0,0,0,0.930349548,0,0.028327534,0.027125635
FDT01004cheek,0.031331959,0.057593736,0,0,0,0.911074305,0,0,0
FDT01005cheek,0.236973978,0,0,0,0,0,0.763026022,0,0
FDT01006cheek,0.034817836,0,0,0,0,0.19712371,0.768058454,0,0
FDT01007cheek,0,0.014328972,0,0,0,0.846577884,0.09507538,0.02316853,0.020849234
FDT01008cheek,0,0,0,0,0,0.934887812,0.030598825,0.019363643,0.015149719
FDT01009cheek,0,0,0,0,0,0.994430102,0,0,0
FDT01010cheek,0,0.02637876,0,0,0,0.943660306,0,0.01541745,0.014543484
FDT01011cheek,0.025679343,0.094265519,0.157056042,0,0,0.445904968,0.277094128,0,0
FDT01012cheek,0,0,0.044960155,0,0,0.950984113,0,0,0
FDT01013cheek,0,0,0,0,0,0.989982763,0,0,0
FDT01014cheek,0,0.029599367,0,0,0,0.046835128,0.886304803,0,0
FDT01015cheek,0,0.011776446,0,0,0,0.944705482,0.011735419,0.01602713,0.015755523
FDT01016cheek,0,0.086080157,0.048159899,0,0,0.7429209,0,0.105773978,0.017065066
FDT01017cheek,0,0.719590175,0,0,0,0.209921187,0,0.01062841,0
FDT01018cheek,0,0,0,0,0.213209137,0.020906013,0.611421871,0,0
FDT01019cheek,0.027027457,0.580081755,0,0,0,0.390534862,0,0,0
FDT01020cheek,0,0,0.022541563,0,0.025574303,0.710855716,0,0,0.05715535
FDT01021cheek,0,0,0.395751985,0,0,0.604248015,0,0,0
FDT01022cheek,0.031219732,0.036300088,0,0,0,0.771118946,0.161361233,0,0
FDT01023cheek,0,0.086528589,0,0,0,0.33933518,0.472789767,0,0
FDT01024cheek,0,0,0,0,0,0.989216045,0,0,0
FDT01025cheek,0,0,0,0,0,0.04970735,0.946836004,0,0
FDT01026cheek,0,0,0,0,0,0.073315678,0.902952717,0,0.016687139
FDT01028cheek,0.046684662,0,0,0,0,0.933604101,0.019711236,0,0
FDT01029cheek,0,0,0,0,0,0.995921142,0,0,0
FDT01030cheek,0,0.011961438,0,0,0,0.594618529,0.330365402,0,0
FDT01031cheek,0.033458377,0.025545766,0,0,0,0.940995856,0,0,0
FDT01032cheek,0,0.011515341,0,0,0,0.724166347,0.228084546,0.019010302,0.017223465
FDT01033cheek,0,0,0,0,0,0.904023211,0.071124117,0,0
FDT01035cheek,0,0.034499484,0,0,0,0.952492367,0,0,0
FDT01037cheek,0,0.10381111,0,0,0,0.835225685,0.019637642,0,0.011233572
FDT01038cheek,0.027760833,0.019562682,0,0,0,0.952676485,0,0,0
FDT01039cheek,0,0,0.04228277,0,0.009706415,0.035304841,0.841868438,0.040127615,0.030709922
FDT01040cheek,0.02025268,0.440995522,0,0,0,0.083766044,0.324977699,0.044792663,0.015771435
FDT01041cheek,0.050089445,0.124872466,0.145068656,0,0,0.403577222,0,0,0.276392211
FDT01042cheek,0,0,0,0,0.010587109,0.978868692,0.010544199,0,0
FDT01044cheek,0,0,0,0,0,0,0.972914979,0,0
FDT01045cheek,0,0,0,0,0,0.993438429,0,0,0
FDT01047cheek,0,0,0,0,0,0.775488969,0.178291843,0,0
FDT01048cheek,0,0,0.012030398,0,0,0.927421219,0,0,0.013933114
FDT01049cheek,0,0,0,0,0,0.961208309,0,0.020516612,0.01827508
FDT01050cheek,0,0,0,0,0,0,0.985637392,0,0
FDT01051cheek,0,0,0,0,0,0.996342812,0,0,0
FDT01052cheek,0.024539387,0.084203629,0.207732522,0,0,0.539618106,0.099573237,0.04433312,0
FDT01054cheek,0.046553986,0.026207208,0,0,0,0.854508322,0.072730484,0,0
FDT01055cheek,0.031496283,0.032180908,0.031252673,0,0,0.814523257,0.090546879,0,0
FDT01056cheek,0,0.132518282,0,0.084805674,0,0.254094643,0.444030486,0.019511201,0.020737447
FDT01057cheek,0,0.022926453,0.015653433,0,0,0.961420114,0,0,0
FDT01058cheek,0.049184167,0.091836255,0.219423445,0,0,0.312901499,0,0,0.021351054
FDT01059cheek,0,0.010723543,0,0.037743829,0,0.925257533,0.015481991,0.010793105,0
FDT01060cheek,0.046511488,0.063484474,0,0,0,0.747837348,0.14216669,0,0
FDT01061cheek,0.091065455,0.557179804,0,0,0,0.304199622,0.04755512,0,0
FDT01062cheek,0.043471312,0.173925012,0.095227149,0,0,0.591235698,0.096140829,0,0
FDT01063cheek,0,0,0,0,0,0.990334907,0,0,0
FDT01064cheek,0,0,0,0,0,0.960817364,0.034620571,0,0
FDT01065cheek,0.027610546,0.038294732,0,0,0,0.717481884,0.197185217,0.01942762,0
FDT01067cheek,0.045825817,0.120697784,0.072771424,0.157706781,0,0.358695748,0.244302446,0,0
FDT01068cheek,0.015140525,0.042158299,0,0.039935111,0,0.094009726,0.764149194,0.02138701,0.023220134
FDT01069cheek,0.018995802,0.048852612,0.044345431,0,0,0.763830388,0.066730162,0.03357975,0.023665854
FDT01070cheek,0,0.124455202,0,0,0,0.667193929,0.208350869,0,0
FDT01071cheek,0,0.047030699,0,0,0,0.726823998,0.226145303,0,0
FDT01072cheek,0.059122249,0.063677832,0,0,0,0.307838863,0.569361057,0,0
FDT01073cheek,0,0.061371889,0.011146015,0,0,0.891920671,0.013567677,0.011248077,0.010745671
FDT01074cheek,0.022706007,0.02305452,0,0,0,0.722346374,0.196819969,0,0.03507313
FDT01075cheek,0,0,0,0,0,0.142237455,0.829012783,0,0
FDT01076cheek,0.168636957,0.057897151,0,0,0,0.592643405,0.180822487,0,0
FDT01077cheek,0,0.136946531,0,0,0,0.831645955,0.031407514,0,0
FDT01078cheek,0.045199892,0,0,0,0,0.797416517,0.157383591,0,0
FDT01079cheek,0.063545681,0,0,0,0,0.771629602,0.151171934,0.013652783,0
FDT01080cheek,0,0.026124068,0,0,0,0.973875932,0,0,0
FDT01081cheek,0.071995149,0.137751583,0,0,0,0.790253268,0,0,0
FDT01082cheek,0,0.013703008,0.010352172,0,0,0.793879065,0.141082728,0.020778649,0.020204377
FDT01083cheek,0,0.036396166,0.284628083,0,0,0.647796865,0.031178886,0,0
FDT01085cheek,0.375178625,0.335548854,0,0,0,0.289272521,0,0,0
FDT01086cheek,0,0.017525932,0.015874913,0,0,0.938834822,0.01253869,0,0.015225642
FDT01087cheek,0.013870537,0.053365067,0.265723705,0,0,0.582513488,0.039480862,0.016375333,0.012334358
FDT01088cheek,0,0,0.039835149,0,0,0.682965216,0.221763137,0,0
FDT01089cheek,0.022752774,0.024241798,0.016312342,0,0,0.867931024,0.030984119,0.037777943,0
FDT01090cheek,0.028282134,0.032323086,0.087518004,0,0,0.549594722,0.084269247,0,0.218012808
FDT01091cheek,0.037070079,0.025837641,0,0,0,0.912253418,0.024838861,0,0
FDT01092cheek,0,0.031222053,0.027159825,0,0,0.529738457,0.411879666,0,0
FDT01094cheek,0.03354516,0.027562407,0.01675701,0,0,0.627422808,0.152185911,0,0.142526704
FDT01096cheek,0,0.038067222,0.020140212,0,0,0.370664798,0.010264533,0,0.3088863
FDT01097cheek,0.031232204,0.10261994,0,0,0,0.677594325,0.111889126,0,0.076664405
FDT01098cheek,0,0.014662957,0.020596474,0,0,0.887303062,0.014122018,0.036706658,0.026608831
FDT01099cheek,0.031319745,0.023557884,0.029766044,0,0,0.701323738,0.183434344,0,0.030598245
FDT01100cheek,0.038400579,0.050269976,0,0,0,0.579297994,0.332031451,0,0
FDT01101cheek,0,0.14842282,0.041758052,0,0,0.647213879,0.097253763,0.017759126,0.017416686
FDT01102cheek,0,0.017046688,0.108765223,0,0,0.13965388,0.486209427,0.043574829,0.057990682
FDT01103cheek,0,0,0.054843506,0,0,0.635549809,0.197682704,0.016349705,0.095574277
FDT01104cheek,0.023504416,0.019241182,0.015440961,0,0,0.145983747,0.795829694,0,0
FDT01105cheek,0,0.135346659,0,0,0,0.262317341,0.602336,0,0
FDT01106cheek,0.029508647,0.167926366,0.410651167,0,0,0.375644617,0.016269203,0,0
FDT01107cheek,0.050179842,0.104317882,0.113803652,0,0,0.062253791,0.669444833,0,0
FDT01108cheek,0.046936424,0.231314276,0,0,0,0.690668378,0.031080922,0,0
FDT01110cheek,0.031327732,0.054802397,0,0,0,0.869805316,0.044064555,0,0
FDT01111cheek,0,0,0,0,0,0.634351597,0.365648403,0,0
FDT01112cheek,0,0,0,0,0,0,0.844040247,0,0
FDT01114cheek,0,0,0,0,0,0,0,0,0
FDT01115cheek,0,0,0,0,0,0.942605198,0,0,0
FDT01116cheek,0,0,0,0,0,0,0,0,0
FDT01117cheek,0,0.012815074,0,0,0,0.956636769,0,0.018221097,0.012327061
FDT01118cheek,0.02157334,0.014585743,0.01991729,0,0,0.414983262,0.501525227,0.027415138,0
FDT01119cheek,0.017266699,0.043026825,0,0,0,0.46340231,0.369280401,0.014751755,0.092272009
FDT01120cheek,0,0,0,0,0,0.95226628,0,0,0
FDT01121cheek,0,0.017633698,0,0.029739927,0,0.271959616,0.616375138,0.024267259,0.033071429
FDT01122cheek,0.036348395,0,0.172278905,0,0,0.7913727,0,0,0
FDT01123cheek,0.022694819,0.181509419,0,0,0,0.763259909,0,0.032535854,0
FDT01124cheek,0.092818388,0,0,0,0,0.907181612,0,0,0
FDT01125cheek,0.057656153,0.016730653,0.032328186,0,0,0.534557788,0.283355713,0.027060366,0.048311141
FDT01126cheek,0.013485747,0,0,0,0,0.897552433,0.077429253,0,0
FDT01127cheek,0.018823906,0.024562098,0.010457132,0,0,0.514411798,0.384008997,0,0.04773607
FDT01129cheek,0.014638201,0.017458044,0.211288898,0,0,0.555620707,0.162277106,0.02049818,0.018218864
FDT01130cheek,0.181689244,0.106138447,0,0,0,0.194150372,0.518021936,0,0
FDT01131cheek,0,0.026457193,0,0,0.112488716,0.159689657,0.652745978,0.022882958,0.025735499
FDT01132cheek,0.039344843,0.015960722,0.156115174,0,0,0.524455576,0.056989396,0,0.094116956
FDT01133cheek,0,0,0,0,0,0.35617666,0.64382334,0,0
FDT01134cheek,0.045275136,0.027159315,0,0,0,0.903787129,0.02377842,0,0
FDT01135cheek,0,0,0.099819871,0,0,0.900180129,0,0,0
FDT01136cheek,0,0.015829526,0,0,0,0.90166031,0.054843282,0,0.027666882
FDT01137cheek,0.085377574,0,0,0.117291261,0,0.797331165,0,0,0
FDT01138cheek,0,0.557719555,0,0,0,0.442280445,0,0,0
FDT01139cheek,0.029280684,0.016323744,0,0,0,0.89869563,0,0.018156493,0.037543449
FDT01140cheek,0,0.01055616,0,0,0,0.783059958,0.176883496,0.013903117,0.015597269
FDT01141cheek,0,0.027220033,0,0,0,0.934633083,0.017033038,0,0.021113846
FDT01142cheek,0,0.455460613,0.037817124,0,0,0.315836469,0.086476543,0.018971535,0
FDT01146cheek,0,0.073132258,0,0,0,0.926867742,0,0,0
FDT01147cheek,0.097633449,0.478980319,0,0,0,0.321963262,0.029373643,0.072049326,0
FDT01148cheek,0.146331003,0,0,0,0,0.853668997,0,0,0
FDT01149cheek,0,0,0,0,0,0.526689612,0.473310388,0,0
FDT01151cheek,0.117176508,0.055721353,0,0,0,0,0.827102139,0,0
FDT01152cheek,0.057302659,0.15747143,0.032955357,0,0,0.742927455,0.009343099,0,0
FDT01153cheek,0,0,0,0,0,0.178949017,0.821050983,0,0
FDT01154cheek,0.056534115,0.062166236,0,0,0,0.386162833,0.495136816,0,0
FDT01155cheek,0,0,0,0,0,0.272022464,0.502417999,0,0
FDT01156cheek,0,0.144233604,0,0,0.057153379,0.336614646,0.380245665,0.033861699,0.028252947
FDT01157cheek,0,0.932942921,0.017768171,0,0,0.01583036,0.016540481,0.016918066,0
FDT01158cheek,0.021998405,0.020206341,0.177939081,0,0,0.345676201,0.017668464,0.031497975,0.385013533
FDT01159cheek,0,0.010252747,0,0,0.030796813,0.915287848,0.020455553,0.011265633,0.011941407
FDT01160cheek,0,0,0.060296246,0,0,0.915662268,0.016615902,0,0
FDT01161cheek,0,0.071787283,0,0,0,0.181797919,0.675781608,0.04352723,0.02710596
FDT01162cheek,0,0.139656466,0.020498511,0,0,0.070771958,0.657446529,0.072645518,0.027281789
FDT01163cheek,0.018349461,0.015154887,0,0,0,0.756665111,0.169260251,0.020345509,0.020224782
FDT01164cheek,0,0,0,0,0,0.945732303,0,0,0
FDT01165cheek,0,0.16438022,0.316473423,0,0,0,0.306759816,0.035649482,0.023501514
FDT01166cheek,0,0,0,0,0,0.274616342,0.725383658,0,0
FDT01167cheek,0.03891686,0.01729598,0,0,0,0.111148869,0.752176979,0.04299562,0.037465691
FDT01168cheek,0.236358575,0.349455249,0,0,0,0,0.414186176,0,0
FDT01169cheek,0.069852429,0.096410627,0,0,0,0.391688395,0.442048549,0,0
FDT01170cheek,0,0.077728783,0.010695841,0,0,0.428171925,0.279516726,0.018218299,0.126226314
FDT01171cheek,0.026160477,0.022174116,0.01410499,0,0,0.075339069,0.862221349,0,0
FDT01172cheek,0.064507129,0,0,0,0,0.571093945,0.364398925,0,0
FDT01173cheek,0.042874126,0.133512497,0,0,0,0.496594864,0.327018514,0,0
FDT01174cheek,0,0.10987924,0.121451597,0,0,0.169006965,0.451447139,0,0
FDT01175cheek,0.032586086,0.063099395,0.009259368,0,0,0.554399098,0.340656052,0,0
FDT01176cheek,0.029157831,0.18905369,0.225497033,0,0,0,0.435773304,0.092507601,0.02801054
FDT01177cheek,0.031460793,0.217114947,0,0,0,0.441816378,0.269505919,0.040101964,0
FDT01178cheek,0.016165401,0.042679302,0.088999141,0,0,0.183559891,0.652791381,0,0.015804885
FDT01179cheek,0,0,0,0,0,0.240102978,0.759897022,0,0
FDT01180cheek,0.141269874,0,0,0,0,0.858730126,0,0,0
FDT01181cheek,0.032581232,0.02399702,0,0,0.07291738,0.74268891,0.127815458,0,0
FDT01182cheek,0,0,0.022147059,0,0,0.243520896,0.71847806,0,0.010140967
FDT01183cheek,0.066631959,0,0,0,0,0.933368041,0,0,0
FDT01184cheek,0.10206979,0,0,0,0,0.89793021,0,0,0
FDT01186cheek,0.090202932,0.257097078,0,0,0,0.440647054,0.212052936,0,0
FDT01187cheek,0.197947674,0.16349646,0,0,0,0.533160584,0.105395281,0,0
FDT01188cheek,0.020970705,0.019619075,0.115141947,0,0,0.735896217,0.059029217,0.028302214,0.021040625
FDT01190cheek,0.057582726,0,0,0,0,0.884603831,0.057813443,0,0
FDT0864cheek,0.019514939,0.010327322,0,0,0,0.02329119,0.933604541,0.013262008,0
FDT0865cheek,0.01841639,0.017311648,0,0,0,0.264692758,0.651660543,0.033885349,0.014033311
FDT0867cheek,0,0,0,0,0,0.992260572,0,0,0
FDT0868cheek,0,0,0.020174123,0,0,0.686127638,0.044452357,0.012215559,0.057190601
FDT0869cheek,0.092815159,0,0.053587268,0,0.361187294,0.234701606,0.257708673,0,0
FDT0870cheek,0,0,0,0,0.20211468,0.251943441,0.417679515,0.020537651,0.012952381
FDT0871cheek,0.062110264,0.028273762,0,0,0,0.829851526,0.036080501,0.043683947,0
FDT0872cheek,0.101824615,0.043272564,0,0,0,0.302635135,0.552267687,0,0
FDT0873cheek,0.125742124,0.157849123,0,0,0,0.619665081,0.096743672,0,0
FDT0875cheek,0.010833132,0.078719871,0,0,0,0.750728863,0.109323442,0.019362336,0.018630654
FDT0876cheek,0,0.166621499,0.014391104,0,0,0.778061045,0,0,0
FDT0881cheek,0,0.091858703,0,0,0,0.598062295,0.245359073,0.033714972,0.031004957
FDT0884cheek,0.20011716,0.33874841,0,0,0,0.46113443,0,0,0
FDT0886cheek,0,0,0,0,0,0.934529984,0.02978772,0.019710665,0.015971631
FDT0887cheek,0,0.014349441,0.01389277,0,0,0.06797507,0.848148219,0.023149602,0.032484899
FDT0888cheek,0.021369792,0.214858846,0.025053866,0,0,0.26719118,0.429361398,0.020556314,0.021608604
FDT0889cheek,0,0,0,0,0,0,0,0,0
FDT0890cheek,0,0,0,0,0,0,0,0,0
FDT0892cheek,0.022026086,0.022499147,0,0,0,0.63005666,0.296370279,0,0.029047828
FDT0893cheek,0,0.066920716,0,0,0,0.801274437,0.025133361,0.068079607,0.038591879
FDT0895cheek,0.027313733,0.040213399,0.05098263,0,0,0.648028765,0.177533902,0.055927571,0
FDT0896cheek,0.067278608,0.030005406,0,0.021913726,0,0.866929549,0.013872711,0,0
FDT0897cheek,0.077164459,0.070465506,0,0,0,0.708111739,0.144258296,0,0
FDT0898cheek,0.031498728,0.138773281,0,0,0,0.732377344,0.036876782,0.034075683,0.026398182
FDT0899cheek,0,0.061410488,0,0,0,0.454409317,0.438037429,0.021431551,0.024711215
FDT0900cheek,0.090254987,0.087143184,0,0,0,0.53117539,0.291426439,0,0
FDT0901cheek,0,0.070253574,0,0,0,0.132115174,0.71548026,0.06059231,0.021558682
FDT0902cheek,0,0.01334526,0,0,0,0.937902205,0.015982768,0.016392643,0.016377124
FDT0903cheek,0.15100172,0.085976478,0,0,0,0.604033951,0.158987851,0,0
FDT0904cheek,0.055266113,0.292361645,0,0,0,0.39701698,0.255355262,0,0
FDT0905cheek,0.087960188,0.038624455,0,0,0,0.856428627,0,0,0.016986731
FDT0906cheek,0.041423958,0.134379708,0.018915193,0,0,0.744863945,0.047058494,0,0.013358702
FDT0907cheek,0.093450918,0,0,0,0.213094261,0.546540677,0.146914143,0,0
FDT0909cheek,0.041396287,0.088600878,0,0,0,0.717725887,0.067026999,0.052625927,0.032624021
FDT0910cheek,0,0.015915001,0.017754974,0,0,0.487538669,0.422101384,0.029896343,0.02679363
FDT0911cheek,0.020166285,0.01777279,0.015984083,0,0,0.873442381,0.011133954,0.04979192,0.011708587
FDT0912cheek,0,0.128451217,0,0,0,0.296715715,0.574833068,0,0
FDT0914cheek,0.04619071,0.037563981,0,0,0,0.916245309,0,0,0
FDT0916cheek,0.052797355,0.025174312,0,0,0,0.773539745,0.148488588,0,0
FDT0917cheek,0.123537904,0,0,0,0,0.679588752,0.196873344,0,0
FDT0918cheek,0.234248965,0.057785322,0.095295595,0,0,0.560606031,0.052064087,0,0
FDT0919cheek,0,0.072323962,0.085469434,0,0,0.642239827,0.18052409,0.019442687,0
FDT0920cheek,0.037681287,0.021674913,0,0,0,0.867504061,0.019946448,0.030874212,0.022319078
FDT0921cheek,0.024592183,0.042108738,0.014194472,0.046451116,0,0.508288572,0.316127925,0.024989175,0.023247819
FDT0922cheek,0.020958616,0.028496816,0.18361001,0,0,0.672606342,0.047181158,0,0.047147059
FDT0923cheek,0,0.129779319,0,0,0,0.817671876,0,0,0
FDT0924cheek,0.032384892,0.028436793,0.014641103,0,0,0.034744316,0.889792895,0,0
FDT0925cheek,0.021672203,0,0,0,0,0.830636995,0.147690803,0,0
FDT0926cheek,0.063497779,0.038923249,0,0,0,0.848679263,0.048899709,0,0
FDT0929cheek,0,0,0,0,0,0.988655694,0,0,0
FDT0930cheek,0,0.010146319,0,0,0,0.96926756,0.020269311,0,0
FDT0931cheek,0.034303517,0.023424726,0.018735658,0,0,0.597076306,0.269870883,0,0.05658891
FDT0932cheek,0.209920858,0.083824295,0,0,0,0.706254847,0,0,0
FDT0934cheek,0.491415488,0.037583925,0,0,0,0,0.471000588,0,0
FDT0935cheek,0,0.011762704,0.014094326,0.017939635,0,0.881598151,0.035246899,0.02205558,0.017302706
FDT0936cheek,0.047147622,0.048706327,0,0,0,0.904146051,0,0,0
FDT0937cheek,0,0.16650056,0,0,0,0.447576467,0.385922973,0,0
FDT0939cheek,0.040189324,0.074980675,0.16151765,0,0,0.499128364,0.224183987,0,0
FDT0940cheek,0,0,0,0,0,0.865970691,0.10760668,0.012332188,0.014090441
FDT0941cheek,0.032948171,0.019779687,0,0,0,0.884124947,0,0.063147194,0
FDT0942cheek,0,0,0,0,0,0,0,0,0
FDT0944cheek,0.04910082,0.048728445,0,0,0,0.902170735,0,0,0
FDT0945cheek,0.055710737,0.014179792,0,0,0,0.819514223,0.110595247,0,0
FDT0946cheek,0,0,0.026469932,0,0,0.456606645,0.365691987,0.013136584,0.023652652
FDT0947cheek,0,0,0,0,0,0.702224001,0.297775999,0,0
FDT0948cheek,0,0.013969034,0.010483432,0,0,0.928052911,0.009639923,0.019279117,0.018575583
FDT0949cheek,0.026382805,0.022222135,0.035201665,0,0,0.076592419,0.839600976,0,0
FDT0950cheek,0.062300416,0,0,0,0,0.691292112,0.246407472,0,0
FDT0951cheek,0.059162135,0.060611383,0.088300732,0,0,0.635751723,0.081276208,0.026930509,0.047967309
FDT0952cheek,0,0.010824743,0,0,0.015839442,0.951843801,0,0.011377821,0.010114194
FDT0955cheek,0.105940457,0,0.24636813,0,0,0.647691412,0,0,0
FDT0956cheek,0.110616724,0.252470653,0,0,0,0.456981453,0.179931169,0,0
FDT0958cheek,0,0.025666738,0,0,0,0.884990795,0.022920458,0.040305499,0.02611651
FDT0960cheek,0.142048928,0,0,0,0,0.857951072,0,0,0
FDT0961cheek,0.524493617,0,0,0,0,0,0.475506383,0,0
FDT0964cheek,0,0.029856301,0.015489475,0,0,0.273148283,0.644642994,0.020770007,0.01609294
FDT0966cheek,0.060409232,0.054650854,0.140397521,0,0,0.493700169,0.218796989,0,0.032045235
FDT0967cheek,0,0.03116112,0.051483663,0,0.106914914,0.528694805,0.221293298,0.036161263,0.024290937
FDT0968cheek,0,0,0,0,0,0.169887462,0.817423932,0,0.012688607
FDT0969cheek,0.088470768,0.092344118,0,0,0,0.325393191,0.493791923,0,0
FDT0971cheek,0,0.3804005,0.323194365,0,0,0.091617149,0.027980378,0.035570596,0.014061248
FDT0972cheek,0.091365625,0.159602534,0,0,0,0.579672976,0,0,0.169358864
FDT0973cheek,0,0,0,0,0,0.993200106,0,0,0
FDT0975cheek,0,0.017038192,0,0,0,0.75950084,0.16126374,0.02629803,0.035899197
FDT0976cheek,0,0,0,0,0,0.823351005,0.176648995,0,0
FDT0977cheek,0.086526559,0.135215912,0,0,0,0.778257529,0,0,0
FDT0978cheek,0.029997586,0.04294179,0,0,0.111372295,0.81568833,0,0,0
FDT0979cheek,0.098050379,0.034923205,0,0,0,0.816174353,0.050852063,0,0
FDT0980cheek,0,0,0.079624595,0,0,0.730676466,0,0,0.189698939
FDT0981cheek,0.046618447,0.093022186,0,0,0,0.860359367,0,0,0
FDT0982cheek,0.035736905,0.088604457,0,0,0,0.795730491,0.079928146,0,0
FDT0983cheek,0,0.041420842,0,0,0,0.247274329,0.63319476,0.036926883,0.041183185
FDT0984cheek,0,0,0,0,0,1,0,0,0
FDT0985cheek,0.020607065,0.02803568,0.047210579,0,0,0.232550118,0.633337369,0,0.038259189
FDT0987cheek,0.09110255,0.089927976,0,0,0,0.818969475,0,0,0
FDT0988cheek,0,0,0.122785806,0,0,0.525794318,0.164196727,0,0.107574804
FDT0990cheek,0,0.015053426,0.035128598,0.186443771,0,0.635866493,0.022680038,0.025326279,0.079501395
FDT0991cheek,0.020015518,0.01642714,0,0,0,0.322691353,0.558585435,0.045386027,0.036894526
FDT0992cheek,0.038395053,0.020598307,0.017851012,0,0,0.553999186,0.369156441,0,0
FDT0993cheek,0.107634059,0.02832654,0,0,0,0.832197575,0.031841826,0,0
FDT0996cheek,0,0.019992298,0,0,0,0.049685109,0.88504219,0.020449644,0.024830759
FDT0997cheek,0,0.158663993,0,0,0,0.095558395,0.617478763,0.012519138,0.013251511
FDT0999cheek,0,0.225249346,0.033758367,0,0,0.702375012,0.011990183,0.015018727,0.011443413
DSM_001FA,0.033127316,0.058017374,0,0,0,0.411992635,0.074590273,0,0.422272402
DSM_002FA,0,0.125253082,0.147081138,0,0,0.108470445,0.496231089,0,0.011249863
DSM_003FA,0,0,0,0.031053145,0,0.093344392,0.045448954,0,0.790510006
DSM_004FA,0,0.245790219,0.367792705,0,0,0.190754374,0.059270891,0,0.074867438
DSM_005FA,0,0.124469393,0.267864729,0,0,0.309189189,0.019466071,0,0.245474291
DSM_006FA,0,0.457692479,0.058478046,0,0,0.353837936,0,0,0.124762174
DSM_007FA,0.017281808,0,0.049150592,0,0,0.863079284,0,0,0.070488316
DSM_008FA,0,0.370844905,0.101693104,0,0.029501905,0.166480447,0,0.072795696,0.193667563
DSM_009FA,0,0.312313885,0.13821457,0.026717611,0,0.370192308,0,0,0.098603686
DSM_010FA,0,0,0,0,0,0.584162123,0,0.084418462,0.326511342
DSM_011FA,0,0.556063256,0.017665647,0,0,0,0.018533441,0,0.24775261
DSM_012FA,0,0.029407598,0,0,0,0.856731441,0,0,0.095086676
DSM_013FA,0,0.049439023,0,0,0,0.083573862,0,0.831750007,0.035237107
DSM_014FA,0,0.091163024,0.027394514,0,0,0.043575419,0.747626175,0.013341152,0.056816821
DSM_015FA,0,0.163393416,0,0,0,0.510172936,0,0.12121645,0.202264097
DSM_016FA,0.023397932,0.195939533,0.129967876,0.021491125,0,0.399061677,0.038918644,0,0.191223213
DSM_017FA,0,0.169388348,0,0,0,0.79211064,0,0,0
DSM_018FA,0,0.148297035,0.039224711,0.011483966,0,0.767012529,0,0,0.033981759
DSM_019FA,0,0.293574491,0.059402252,0,0,0,0.042220986,0,0
DSM_020FA,0,0,0,0,0,0.895825884,0,0,0
DSM_021FA,0,0.114911758,0,0.042725061,0,0.597111699,0.010863859,0,0.098333378
DSM_022FA,0,0,0,0,0,0,0,0,0
DSM_023FA,0,0,0.034403412,0,0,0.780068923,0,0,0.073232028
DSM_024FA,0.018258839,0.08311266,0,0.043841347,0,0.161605206,0.048023813,0.053964908,0.572930509
DSM_025FA,0,0.165025843,0,0.083131352,0,0.558809083,0,0,0.193033722
DSM_026FA,0,0,0,0.013447678,0,0.961844104,0,0,0.020254979
DSM_027FA,0,0.053041274,0,0.093455498,0,0.626004383,0.030558129,0.041210215,0.141320539
DSM_028FA,0.01235244,0,0,0,0,0,0,0,0.265511897
DSM_029FA,0,0.357847291,0.345302091,0,0,0.098965876,0.023227589,0,0.127139884
DSM_030FA,0,0,0,0,0,0.700297097,0,0,0
DSM_031FA,0,0,0.048084425,0.201795834,0,0.112788114,0.049200951,0,0.588130675
DSM_032FA,0,0.039452061,0.038390793,0.073772045,0,0.72985782,0.105415657,0,0
DSM_033FA,0,0,0,0,0,0.352631579,0.112031303,0,0.4903272
DSM_034FA,0,0.315740698,0,0,0,0,0,0,0.616908157
DSM_035FA,0,0.46698204,0,0,0,0.019640253,0,0.211205416,0.220065964
DSM_036FA,0,0.095412285,0.01418996,0.098998301,0,0.42361462,0,0,0.336246709
DSM_037FA,0,0.794415665,0.03658318,0,0,0.04000947,0,0,0.077545467
DSM_038FA,0.01146416,0.175704397,0.019530432,0.01478177,0,0.680788036,0,0,0.033097419
DSM_039FA,0,0.032182777,0.030496171,0,0,0.908129544,0,0,0.015825333
DSM_040FA,0,0.137842052,0,0,0,0,0,0,0
DSM_041FA,0,0.273938145,0,0,0,0.426484235,0,0,0.29957762
DSM_042FA,0,0.343183722,0.109791703,0,0,0.150179608,0,0,0.310448728
DSM_043FA,0,0.403096602,0,0,0,0,0,0,0.596903398
DSM_044FA,0,0,0,0,0,0.670454545,0,0,0.142518384
DSM_045FA,0,0.521805566,0,0,0,0.258410728,0.127210743,0,0.07627432
DSM_046FA,0,0.429633305,0,0,0,0.43639576,0,0,0.086042704
DSM_047FA,0,0,0,0,0,0.445263102,0,0,0
DSM_048FA,0,0.453985658,0.213215112,0,0,0.103216156,0,0,0.106400178
DSM_049FA,0,0.07081654,0.073474046,0.013321862,0,0.501427989,0.085066637,0,0.220261367
DSM_050FA,0,0.144677832,0.412074701,0,0,0.348172446,0,0,0.03095089
DSM_051FA,0,0,0,0,0,0.100394697,0,0.033781244,0.847947134
DSM_052FA,0,0.042939647,0,0,0,0.344730942,0,0,0.580399044
DSM_053FA,0,0.721359479,0,0,0,0,0,0,0
DSM_054FA,0,0,0.010316169,0,0,0,0.940328244,0,0
DSM_055FA,0,0.650879426,0,0.022832229,0,0.09134754,0.201325042,0,0
DSM_056FA,0,0.255577976,0.127925077,0,0,0.246139873,0,0,0.327580198
DSM_057FA,0,0.032126451,0.020523746,0,0,0.935875471,0,0.011474333,0
DSM_058FA,0,0,0,0,0,0.988373133,0,0,0.010111704
DSM_059FA,0,0.064056513,0,0.054853554,0,0.746570441,0,0.111467181,0.023052311
DSM_060FA,0,0.016857597,0,0.021820398,0,0.329407846,0.100451746,0.03993731,0.471535671
DSM_121FA,0,0.060889744,0.02782853,0,0,0.892527568,0,0,0.018754158
DSM_122FA,0,0.257027923,0.433413235,0,0,0.234397394,0,0,0
DSM_123FA,0,0.471940081,0.287495058,0,0,0.113458057,0,0,0
DSM_124FA,0,0.038941184,0.063722911,0,0,0.508294046,0.032646048,0,0.211840285
DSM_125FA,0,0,0,0,0,0,0,0,0
DSM_126FA,0,0.199511269,0.475680154,0,0,0,0,0,0.20860181
DSM_127FA,0,0,0,0,0,0.458403372,0,0,0.451699879
DSM_128FA,0,0.031147821,0,0,0,0.359896687,0.068883279,0,0.37576073
DSM_129FA,0,0.080711518,0.013597591,0.087534777,0,0.681762546,0,0,0.126418107
DSM_130FA,0,0,0,0,0,0,0.546823913,0,0
DSM_131FA,0,0.820209201,0,0,0,0.070203949,0.052721405,0,0
DSM_132FA,0,0.851174026,0.032808353,0,0,0.042506986,0,0,0.043531867
DSM_133FA,0,0.117049053,0.283911246,0.052361192,0,0.225568386,0.066911715,0.120312684,0.133885724
DSM_134FA,0,0.65202074,0.173448431,0,0,0,0,0,0
DSM_135FA,0,0.385384034,0,0.017832736,0,0.331479969,0.02312997,0,0.207055685
DSM_136FA,0,0.296214973,0.037597302,0,0,0.11391418,0,0,0.497356355
DSM_137FA,0,0.026069491,0,0,0,0.869674185,0,0.020008726,0.080712358
DSM_138FA,0,0.036356314,0.417065472,0,0,0,0,0,0.049254882
DSM_139FA,0,0.072414509,0,0.096306679,0,0.118759206,0.637884009,0,0.023024945
DSM_140FA,0,0,0,0.012929033,0,0.948284436,0,0,0
DSM_141FA,0.030180454,0.318931868,0.059853356,0,0,0.464362746,0,0,0.126671575
DSM_142FA,0,0.615609457,0,0,0,0.117143346,0,0,0.202624339
DSM_143FA,0,0.277032603,0,0,0,0.376389579,0,0,0.275742572
DSM_144FA,0.02126593,0.044707243,0,0,0,0.789394558,0.028593143,0.098135621,0.017903504
DSM_145FA,0,0.257779864,0.168210341,0,0,0.283920394,0,0.290089402,0
DSM_146FA,0,0.134030523,0.058629438,0.020296661,0,0.568950749,0.011084103,0,0.180007124
DSM_147FA,0,0.236863935,0.017709321,0,0,0.376026886,0,0,0.326246184
DSM_148FA,0,0.498605251,0,0,0,0.129581292,0.037863213,0,0.189307121
DSM_149FA,0,0.061115916,0,0,0,0.619026124,0.036614725,0,0.283243235
DSM_150FA,0,0.0274797,0.07995278,0.588595708,0,0.039059183,0.010509898,0.011451072,0.189720825
DSM_151FA,0,0.445047503,0,0,0,0.021027712,0,0,0.438830711
DSM_152FA,0,0.220719663,0,0,0,0,0.018673659,0,0.687150194
DSM_153FA,0,0.077437852,0.121156113,0,0,0.234493482,0.453690283,0,0.11322227
DSM_154FA,0.033236998,0,0,0,0,0.889004885,0.054983157,0,0
DSM_155FA,0.079274573,0.117730231,0.204003326,0,0,0.258349945,0.340641925,0,0
DSM_156FA,0,0.421807562,0.168876992,0.020978998,0,0.091207798,0.077902638,0,0.131317684
DSM_157FA,0,0.566816981,0,0,0,0.402208481,0,0,0.011607928
DSM_158FA,0.100745706,0.22872554,0.150235171,0,0,0.301508426,0,0,0.196076091
DSM_159FA,0,0.021902857,0,0,0,0.279933186,0.057446765,0,0.631853783
DSM_160FA,0,0,0,0.033187997,0,0.866034156,0,0,0.085822871
DSM_161FA,0,0.092602321,0,0,0,0.047437254,0.317825148,0,0.462657831
DSM_162FA,0.012752513,0.077533623,0.230014483,0,0,0.511005985,0.029537721,0.072772675,0.066382999
DSM_163FA,0,0.281985075,0,0.032810237,0,0.436053331,0.048155281,0,0.200996075
DSM_164FA,0,0.041421848,0.01959803,0.496533967,0,0.29413355,0.029869601,0,0.102305322
DSM_165FA,0,0.136312357,0.386336709,0,0,0.059699604,0.035526294,0,0.276753494
DSM_166FA,0,0,0,0,0,0.964625546,0,0,0.028578449
DSM_167FA,0,0.241315305,0.116146102,0,0,0.027929155,0.013720957,0,0.494947808
DSM_168FA,0,0.36861567,0.049553727,0,0,0,0,0,0
DSM_169FA,0,0.056642431,0.030513588,0.049873746,0.100215038,0.675731144,0.023468948,0.010157781,0.051379087
DSM_170FA,0,0,0,0,0,0.030228953,0.948911495,0,0
DSM_171FA,0,0.088022006,0.052548298,0.019400353,0,0.10428101,0,0.02507791,0.64689027
DSM_172FA,0,0.422442583,0.051026337,0.072085442,0,0.302993195,0,0,0.151452443
DSM_173FA,0,0.09370081,0.281101482,0,0,0.278399205,0,0.033369083,0.225952273
DSM_174FA,0,0.021311613,0.272580931,0.013524153,0,0.412936437,0.186091087,0,0.047846216
DSM_175FA,0,0.016030715,0,0.213131239,0,0.688307489,0,0,0.082530557
DSM_176FA,0,0,0,0,0,0.934319854,0,0,0.052749856
DSM_177FA,0,0.065883228,0.209145696,0,0.047619048,0.449701789,0.015726981,0.020751656,0.170864637
DSM_178FA,0,0.749499913,0,0,0,0.050967955,0.024350848,0.016930139,0.106963045
DSM_179FA,0,0.371677926,0.063145719,0,0,0.341262162,0.102398432,0,0.121515761
DSM_180FA,0,0.14012574,0.048622659,0.110600517,0,0.699434002,0,0,0
MET0012,0,0,0,0.864951768,0,0.133208489,0,0,0
MET0050,0,0,0,0,0,0.55918474,0,0,0.400757927
MET0074,0,0,0,0.61936712,0,0.366339933,0,0,0.014292947
MET0092,0,0.032365193,0.053875309,0.689689399,0,0.179165541,0,0,0.044904558
MET0136,0,0,0.042529811,0.928988711,0,0,0,0,0
MET0157,0,0,0,0.648381359,0,0.07107522,0.024384593,0,0.236790558
MET0185,0,0,0,0,0,0,0,0,0
MET0204,0,0.039358711,0.043556828,0.017939522,0,0.51103843,0.061341661,0,0.326764849
MET0221,0,0,0,0,0,0,0.994270681,0,0
MET0238,0,0,0,0,0,0.53139496,0,0.048450132,0.4085307
MET0288,0,0.048277875,0,0.021823404,0,0.897972133,0,0,0.020446152
MET0305,0,0.123424525,0.118171035,0,0,0.074308347,0.015891992,0,0.604070817
AN01_Pore_WGS,0,0.876916728,0,0,0,0.083250547,0,0,0
AN02_Pore_WGS,0,0.945716195,0,0,0,0.028425536,0,0,0
AN03_Pore_WGS,0,0.410385857,0.364153007,0,0,0,0,0,0
AN05_Pore_WGS,0,0,0.354043355,0.276037146,0,0.206103837,0,0,0.163815662
AN06_Pore_WGS,0,0,0.350174069,0,0,0.416439103,0,0,0.18921027
AN07_Pore_WGS,0,0.013138842,0.922260179,0,0,0.017117392,0,0,0.027561911
AN08_Pore_WGS,0,0.336866831,0.21079468,0.19084725,0,0.026832216,0.099296032,0,0
AN09_Pore_WGS,0,0.536220925,0.016330825,0,0,0.040409775,0.318952223,0,0
AN10_Pore_WGS,0,0,0.983331746,0,0,0,0,0,0
AN11_Swab_WGS,0,0.02618963,0.028972751,0,0,0.02479677,0.855333825,0,0.029947018
AN12_Swab_WGS,0,0,0.771923383,0,0,0.148050697,0,0,0.039994234
AN13_Swab_WGS,0,0.623987291,0.10900129,0.030561468,0,0.030762082,0.020419426,0,0.109057479
AN14_Swab_WGS,0,0.100534095,0,0,0,0.302600705,0,0,0.552536897
AN15_Swab_WGS,0,0,0,0,0,0.293622561,0,0,0
AN16_Swab_WGS,0,0.155477259,0.395336364,0.054028933,0,0.251047445,0.017801365,0,0.09443222
AN17_Swab_WGS,0,0.029500602,0.185186839,0.066783064,0,0.31070007,0.037067465,0,0.339430472
AN18_Swab_WGS,0,0.968934873,0.010979725,0,0,0,0,0,0
AN19_Swab_WGS,0,0.618516186,0.245378847,0.012070826,0,0,0,0,0
AN20_Swab_WGS,0,0.957652027,0,0,0,0,0.027182599,0.011238559,0
HLSR1601,0,0.019607733,0.047530958,0.148625728,0,0,0.714187362,0,0
HLSR1602,0,0,0,0,0,0.997380828,0,0,0
HLSR1603,0,0,0,0,0,0,0,0.992366119,0
HLSR1604,0,0,0,0,0,0.901327817,0.098672183,0,0
HLSR1605,0,0.640726649,0,0,0,0.238441658,0.070843174,0,0.016661361
HLSR1606,0,0.050281378,0.226970902,0,0,0.477366255,0.187545736,0,0
HLSR1607,0,0,0.265877842,0,0,0.075149413,0.58727825,0,0
HLSR1608,0,0.034571753,0.333010069,0.0228131,0,0,0.252998647,0.27887186,0
HLSR1609,0,0,0,0,0,0.071276569,0.92490869,0,0
HLSR1610,0,0.092406042,0.852962676,0,0,0,0,0,0
HLSR1611,0,0,0.087057204,0,0,0.384086524,0.528856272,0,0
HLSR1612,0,0.089520282,0,0.012267608,0,0.341557086,0.281429842,0,0.208800862
HLSR1613,0,0.025511091,0.066995132,0.492250875,0,0,0,0,0
HLSR1614,0,0.104273524,0.363789366,0.056304451,0,0.031302925,0,0,0.250621328
HLSR1615,0,0,0,0,0,0,0.993172533,0,0
HLSR1616,0,0.051982533,0.440915503,0,0,0.022633176,0.42697102,0,0
HLSR1617,0,0.077382804,0,0.188226239,0,0,0.724559632,0,0
HLSR1618,0,0.415136953,0,0.150347339,0,0.030579239,0,0,0.364532527
HLSR1619,0,0.517877058,0,0,0,0,0.482122942,0,0
HLSR1620,0,0.69522242,0,0,0,0,0.179643718,0,0
HLSR1621,0,0,0.554880316,0,0,0.124211886,0.227707651,0,0
HLSR1622,0,0,0.667843301,0,0,0.216200799,0.073111671,0,0
HLSR1623,0,0,0,0.232292736,0,0,0.714169886,0,0
HLSR1624,0,0,0,0,0,0,0.992700226,0,0
HLSR1625,0,0.913734213,0,0,0,0.056632659,0,0,0.019550628
HLSR1626,0,0,0,0,0,0.940728657,0,0,0.055986552
HLSR1627,0,0.566612124,0,0,0,0,0.382980555,0,0
HLSR1628,0,0.154271664,0,0,0,0.831924827,0,0,0
HLSR1629,0,0.097688159,0,0,0,0.396177876,0.326748245,0,0.164520233
HLSR1630,0,0.697031477,0,0,0,0.085787977,0.167604459,0,0
HLSR1631,0,0.126753005,0.347088126,0.446400337,0,0,0,0,0
HLSR1632,0,0.137968722,0,0,0,0,0.798306191,0,0
HLSR1633,0,0,0,0,0,0,0,0,0.952830583
HLSR1634,0,0,0,0,0,0.073678477,0,0,0.926321523
HLSR1635,0,0.895627015,0.062090575,0,0,0.015759468,0,0,0
HLSR1636,0,0,0,0.245319854,0,0.228287841,0.473746744,0,0
HLSR1637,0.021280657,0,0,0.524662818,0,0.454056525,0,0,0
HLSR1638,0,0,0,0,0,0,0.998427482,0,0
HLSR1639,0,0,0.081987763,0,0,0.201433973,0,0,0.697067651
HLSR1640,0,0.856578014,0,0,0,0,0.035529743,0.021072342,0.069128221
HLSR1641,0,0,0,0,0,0.513764205,0.486235795,0,0
HLSR1642,0,0,0,0,0,0.82327403,0,0,0.168126734
HLSR1643,0,0,0,0,0.080251178,0.246954077,0.061094721,0,0.563340486
HLSR1644,0,0.400894471,0.315383525,0,0,0.158446722,0,0,0
HLSR1645,0,0.032246499,0,0,0,0,0,0,0.929655557
HLSR1646,0,0.569517608,0,0.368052403,0,0,0,0,0
HLSR1647,0,0,0,0,0,0.989174859,0,0,0
HLSR1648,0,0,0,0,0,0.966464502,0,0,0
HLSR1649,0,0.155718329,0,0,0,0,0.831423305,0,0
HLSR1650,0,0,0.521354007,0,0,0.112424708,0.032129906,0,0.284176748
HLSR1651,0,0.011555499,0,0,0,0.982744158,0,0,0
HLSR1652,0,0,0,0,0,0.245873815,0.739472148,0,0
HLSR1653,0,0,0,0,0,0.845541964,0,0,0.154458036
HLSR1654,0,0,0.226686496,0,0,0,0.446957515,0,0.230309169
HLSR1655,0,0.603162762,0,0.14286382,0,0.121495993,0,0,0.131343013
HLSR1656,0,0,0,0,0,0.72636504,0.265377104,0,0
HLSR1657,0,0.375259224,0,0.086497807,0,0.316745763,0,0,0.185567358
HLSR1658,0,0,0,0.956007086,0,0,0,0,0
HLSR1659,0,0.953461983,0,0,0,0,0.035235277,0,0
HLSR1660,0,0,0,0,0,0.990589401,0,0,0
HLSR1661,0,0,0,0.158760096,0,0,0.841239904,0,0
HLSR1662,0,0.261105684,0.37654098,0,0,0.030281678,0.202423549,0,0
HLSR1663,0,0.14777687,0,0.314514553,0,0.397174699,0.140533878,0,0
HLSR1664,0,0,0.323744105,0.552089265,0,0,0,0,0
HLSR1665,0,0,0,0,0,0.63643708,0,0,0
HLSR1666,0,0.040382438,0.015353435,0,0,0.399220611,0.025238862,0,0.507606823
HLSR1667,0,0,0.176931243,0.031117015,0,0,0.052840896,0.676441487,0
HLSR1668,0,0,0,0,0,0.514502901,0.440990526,0,0.018890039
HLSR1669,0,0,0.112364265,0.083912691,0,0.486198099,0.199324172,0.091697562,0
HLSR1670,0,0,0,0,0,0.742396084,0,0,0.257603916
HLSR1671,0,0.036663911,0,0,0,0,0,0,0.953537126
HLSR1672,0,0.471582354,0.115554661,0,0,0.188247012,0,0,0.154855746
HLSR1673,0,0,0,0,0,0,0.95644544,0,0
HLSR1674,0,0.050504379,0,0,0,0,0.92688261,0,0
HLSR1675,0,0.58191316,0.299216141,0,0,0,0,0,0
HLSR1676,0,0,0,0,0,0.273745936,0.193762787,0,0.495645441
HLSR1677,0,0,0.049427203,0,0,0.950572797,0,0,0
HLSR1678,0,0.110296449,0,0,0,0.295183739,0.570961388,0,0
HLSR1679,0,0,0,0,0,0.132190188,0.867809812,0,0
HLSR1680,0,0.391987209,0.318502389,0,0,0.289510403,0,0,0
HLSR1681,0,0.048722168,0,0,0,0,0,0,0.929436176
HLSR1682,0.157005033,0,0,0,0,0.054967826,0.704789785,0,0
ConcatenatedReads_10AA_TP_5_all,0,0,0,0,0,0,0,0,0
ConcatenatedReads_10PA_TP_5_all,0,0.823230062,0.030549852,0,0,0.118493441,0.010561256,0,0
ConcatenatedReads_10PB_TP_5_all,0,0.299208741,0,0,0,0.668197474,0,0,0
ConcatenatedReads_11AA_TP_3_all,0,0,0,0.799570019,0,0,0,0,0
ConcatenatedReads_11PA_TP_4_all,0,0,0,0,0,0,0,0,0
ConcatenatedReads_12AA_TP_3_all,0,0.216964956,0.283619069,0,0,0.093752598,0.119190781,0,0.206640778
ConcatenatedReads_12PA_TP_4_all,0,0.118832898,0.598532837,0,0,0.154734934,0,0,0.044743434
ConcatenatedReads_13AA_TP_4_all,0,0,0,0,0,0,0,0.607294931,0
ConcatenatedReads_13PA_TP_4_all,0.331984044,0,0,0,0,0.652621965,0,0,0
ConcatenatedReads_13PB_TP_1_all,0,0,0.045946722,0,0,0.092189007,0.260369274,0,0.531259419
ConcatenatedReads_14AA_TP_3_all,0,0,0,0,0,0,0,0,0
ConcatenatedReads_14PA_TP_2_all,0,0.111149262,0.145793885,0.16190895,0,0.11231828,0,0,0.350596474
ConcatenatedReads_15AA_TP_5_all,0,0,0,0.470787346,0,0.529212654,0,0,0
ConcatenatedReads_15AB_TP_4_all,0,0,0,0,0,0.643060899,0,0,0
ConcatenatedReads_15PA_TP_5_all,0,0,0,0.014663356,0,0.714082834,0,0,0.257513166
ConcatenatedReads_16PB_TP_3_all,0,0.027977335,0.053775382,0.305145921,0,0.134787203,0,0,0.417342446
ConcatenatedReads_17AA_TP_1_all,0,0,0,0,0,0,0,0,0
ConcatenatedReads_17AB_TP_1_all,0,0,0,0,0,0.752982365,0,0,0
ConcatenatedReads_17PA_TP_3_all,0,0,0,0.562614871,0,0.254498398,0.128793818,0,0.016564078
ConcatenatedReads_19AA_TP_1_all,0,0,0,0.091529916,0.01030673,0.878591122,0.019572233,0,0
ConcatenatedReads_19PA_TP_1_all,0,0.162877275,0,0.648743215,0,0.13257273,0,0,0
ConcatenatedReads_1AA_TP_4_all,0,0.015067208,0,0.529361175,0,0.339965941,0.011960046,0,0.089912142
ConcatenatedReads_1PA_TP_5_all,0,0,0.012625108,0.021634342,0,0.015014518,0.022411194,0,0.907409688
ConcatenatedReads_1PB_TP_2_all,0,0.088674059,0.393803181,0.041282879,0,0.305571031,0,0,0.076476977
ConcatenatedReads_21AA_TP_1_all,0,0,0,0,0,0.484766822,0,0,0
ConcatenatedReads_21PA_TP_5_all,0.011173919,0,0,0,0,0.835349941,0.079246527,0,0.070115936
ConcatenatedReads_22AA_TP_1_all,0,0.917295515,0,0,0,0,0,0.047532245,0
ConcatenatedReads_22PA_TP_1_all,0,0.373836327,0.092883055,0,0,0.314535732,0,0,0.136703209
ConcatenatedReads_23AA_TP_1_all,0,0,0,0,0,0,0,0,0
ConcatenatedReads_23PA_TP_1_all,0.014372609,0,0.365203324,0,0,0.021456396,0.097385795,0,0.368624326
ConcatenatedReads_24AA_TP_3_all,0,0,0,0,0,0.535869869,0,0,0
ConcatenatedReads_25AA_TP_1_all,0,0,0,0,0,0.487863441,0,0,0
ConcatenatedReads_25PA_TP_1_all,0,0,0.016305955,0.020037983,0,0.184316926,0,0.580977881,0.198361255
ConcatenatedReads_2AA_TP_5_all,0,0,0,0,0,0.687839938,0,0,0.263547962
ConcatenatedReads_2AB_TP_5_all,0,0,0,0,0,0.824490742,0,0,0
ConcatenatedReads_2PA_TP_3_all,0,0.264732366,0.017028524,0.01395059,0,0.0914037,0,0,0.544840962
ConcatenatedReads_2PB_TP_1_all,0,0.041158004,0.20796904,0.033946339,0,0.146136741,0,0.318187211,0.2346566
ConcatenatedReads_3AA_TP_2_all,0,0,0.225206935,0,0,0,0,0,0.389134014
ConcatenatedReads_3AB_TP_2_all,0,0,0,0,0,0,0,0,0
ConcatenatedReads_3PA_TP_2_all,0.010055562,0,0.132166269,0.054554457,0,0.227998133,0.043848499,0,0.490333314
ConcatenatedReads_4AA_TP_1_all,0,0,0,0,0.494539761,0.378597404,0.126862835,0,0
ConcatenatedReads_4AB_TP_1_all,0,0,0,0.062908412,0,0.210310695,0.726780893,0,0
ConcatenatedReads_4AC_TP_1_all,0,0,0,0,0,0,0.485907188,0,0
ConcatenatedReads_4PA_TP_2_all,0,0,0.865795724,0,0,0,0.029076793,0,0.047656174
ConcatenatedReads_5AA_TP_1_all,0,0,0.295201513,0,0,0.427899233,0,0,0
ConcatenatedReads_5AB_TP_3_all,0,0,0,0,0,0.398513032,0,0,0
ConcatenatedReads_5PA_TP_1_all,0,0.039282308,0.046959515,0.018418401,0.069678824,0.235499794,0,0,0.579401372
ConcatenatedReads_5PB_TP_3_all,0,0.04489125,0.073095574,0.062800123,0.032558707,0.638612703,0,0,0.123052293
ConcatenatedReads_6AA_TP_1_all,0,0.01529888,0,0.255899833,0,0.023639453,0,0.68319179,0
ConcatenatedReads_6PA_TP_1_all,0,0,0,0.018926785,0,0,0,0.373065594,0.447442357
ConcatenatedReads_7AA_TP_5_all,0,0,0,0,0.624198285,0.375801715,0,0,0
ConcatenatedReads_7AB_TP_3_all,0,0,0,0,0,0.568933588,0,0,0
ConcatenatedReads_7PA_TP_5_all,0,0.217043398,0.153252019,0,0,0.103028728,0,0,0.473089033
ConcatenatedReads_7PB_TP_4_all,0,0.032209217,0.039508994,0,0.03629865,0.803592242,0,0,0.067046195
ConcatenatedReads_8AA_TP_3_all,0,0.303655365,0,0,0,0.322135578,0.374209057,0,0
ConcatenatedReads_8AB_TP_4_all,0,0.115061255,0,0.069511647,0.021211895,0.376212693,0.289217023,0.090478842,0
ConcatenatedReads_8AC_TP_4_all,0,0.706097232,0,0,0,0.216174494,0.050233142,0,0.011988362
ConcatenatedReads_8PA_TP_3_all,0,0.563396177,0,0.02801057,0,0.12652599,0.216714807,0,0
ConcatenatedReads_8PB_TP_5_all,0,0.124176049,0.014071806,0.020865869,0.013008737,0.351116834,0.296078278,0.107710238,0.012697058
ConcatenatedReads_9AA_TP_1_all,0,0.022651492,0,0.406079027,0,0.399124132,0,0.15477782,0
ConcatenatedReads_9PA_TP_3_all,0,0.417440547,0.030747983,0.022286991,0,0.078918416,0.034457171,0.152225534,0.173837645
ConcatenatedReads_JSB_TP_2_all,0,0.051242726,0.076138691,0.061972412,0,0.013748976,0.618555764,0,0.084860275
ConcatenatedReads_TCL_TP_2_all,0,0.11836973,0.191683134,0,0,0.623648307,0,0,0.016628028
03cqr3,0,0,0,0,0,0,0,0,0
07mmo2,0,0.589622255,0.410377745,0,0,0,0,0,0
07sup4,0,0.163728442,0.046531489,0.133832582,0,0.019675155,0.031052086,0,0.541008469
09el0g,0,0,0,0,0,0,0,0,0
0flhbg,0,0,0.90676777,0,0,0,0,0,0
0jkqrw,0,0,0,0,0,0,0,0,0
0pedbf,0,0.20185881,0,0.466914038,0,0.307918673,0,0,0
0u5fui,0,0,0,0,0,0,0,0,0
0vgfgv,0,0,0,0,0,0.202900823,0,0,0
13rppw,0,0,0,0,0,0,0.998139816,0,0
1a6zs9,0,0,0.01385821,0.945617411,0,0.036530359,0,0,0
1hzcb6,0,0,0,0,0,0,0,0,0
1j58yz,0,0,0,0,0,0,0,0,0
1paal1,0,0,0,0,0,0,0,0,0
1qmozb,0,0,0,0,0,0,0,0,0
254sxe,0,0,0,0,0,0,0,0,0
275fmx,0,0.099265119,0.326806382,0,0,0.377042802,0.153058747,0,0
29cauy,0,0,0,0,0,0,0,0,0
2i9fnp,0,0,0,0,0,0.908246252,0,0,0
2low16,0,0,0,0,0,0,0,0,0
2nfg94,0,0,0,0,0,0,0,0,0
2svu8h,0,0,0,0,0,0,0,0.790287836,0
2t8mjw,0,0,0,0,0,0,0,0,0
31cqc7,0,0.235251083,0,0,0,0,0,0,0
39mg3t,0,0.281242954,0.068170678,0,0,0.635340314,0,0,0
3kszx1,0,0,0.45060337,0,0,0,0,0,0
3ktcfx,0,0,0,0,0,0,0,0,0
3sn1fc,0,0,0,0,0,0,0,0,0
3v23zv,0,0,0,0,0,0,0,0,0
3wu1gw,0,0,0,0,0,0,0,0,0
41kpsz,0,0.777567026,0,0,0,0,0,0,0
41s6xk,0,0,0.155357818,0.109134294,0,0,0.631815334,0,0.043437969
41v2m2,0,0,0,0,0,0,0,0,0
45wsr6,0,0.030199388,0.455601741,0.203868369,0,0.099101496,0.037284752,0,0.102685866
477hha,0,0,0,0,0,0,0,0,0
4gercj,0,0,0,0,0,0,0,0,0
4j7dv5,0,0,0.939461188,0,0,0,0,0,0
4o6c8v,0,0.559690349,0,0,0,0.440309651,0,0,0
4q2tly,0,0,0,0,0,0,0,0,0.789653438
4v7o4h,0,0.355932203,0,0,0,0,0,0,0
578kql,0,0,0,0,0,0,0,0,0
57gd71,0,0,0,0,0,0,0,0,0
5fr2wp,0,0,0,0,0,0,0,0,0.975134188
5g5l3o,0,0.063040466,0.019706225,0,0,0.320473135,0,0,0.571357403
5g76t3,0,0,0,0,0,0.688316871,0,0,0
5korgu,0,0,0,0,0,0,0,0,0
5osejw,0,0,0,0,0,0,0,0,0
5rgh42,0,0,0,0,0,0.987276897,0,0,0
5rwamz,0,0.665861348,0,0,0,0,0,0,0.334138652
5s4o3n,0,0.065496744,0.139926968,0.06421714,0,0.232641391,0.19739983,0,0.300317927
5wbqtn,0,0.019905263,0,0.018337447,0,0.676703574,0,0,0.271087608
6168iq,0,0,0,0,0,0,0,0,0
6792ti,0,0,0.633265788,0.07532807,0,0.202935103,0.044642679,0,0
6cuxry,0,0,0,0,0,0,0,0,0
6fk3ff,0,0,0.264254697,0,0,0.423250436,0.18914852,0,0
6uh0x4,0,0,0.998183905,0,0,0,0,0,0
6uzqja,0,0.166187339,0.073172458,0,0,0.132812828,0.079878319,0,0.514839257
6vzkc0,0,0.527379876,0,0.212577213,0,0.064264022,0.107333459,0,0.088445428
702coq,0,0,0,0.924244091,0,0,0,0,0
71b2zo,0,0,0,0,0,0,0,0,0
723x8x,0,0,0.649369333,0,0,0.314727944,0,0,0
75gtpl,0,0,0,0,0,0,0,0,0
79dlli,0,0,0,0,0,0,0.457945156,0,0
7et0ho,0,0,0,0.087320889,0,0,0.404641394,0.053282438,0.397738014
7gvmqd,0,0,0,0,0,0,0,0,0
7lj7zb,0,0,0.683920542,0,0,0,0,0,0
7mejr8,0,0,0,0,0,0,0.576258422,0,0
7mluyg,0,0.532730807,0.307406148,0,0,0,0,0,0
7qcuhd,0,0,0,0,0,0,0,0,0.858838132
89cia1,0,0,0,0,0,0,0.541210139,0,0
8cynjg,0,0,0.684810007,0.118736562,0,0,0,0.196453431,0
8h95ce,0,0,0,0,0,0,0,0,0
8l1auw,0.033606907,0,0.294875689,0,0,0.029769476,0.574433288,0,0
8lak4a,0,0.591289109,0.391160291,0,0,0,0,0,0
8p5xh9,0,0,0.887335252,0,0,0,0,0,0
8puhuv,0,0,0,0,0,0,0,0,0
8t7dc2,0,0,0,0,0,0,0,0,0
8vbv1e,0,0,0.924473609,0,0,0,0,0,0
92r5oj,0,0.622849029,0.041449275,0.165266492,0,0.041937249,0,0,0.078794834
93ai90,0,0,0,0,0,0,0,0,0
93ms56,0,0.384445903,0.557196985,0,0,0,0,0,0
94bknm,0,0,0.544908383,0,0,0,0,0,0
97xniz,0,0,0.98486278,0,0,0,0,0,0
9cfwd6,0,0,0,0,0,0,0,0,0
9gfdkg,0,0,0,0,0,0,0,0,0
9grh6p,0,0,0,0.37128553,0,0.026102598,0.602611872,0,0
9m93sn,0,0,0,0,0,0,0,0,0
9ro323,0,0.113349349,0,0,0,0.086365685,0.113918984,0,0.64019827
a0o2ik,0,0,0,0,0,0,0,0,0
a12fu1,0,0,0,0,0,0,0,0,0
a4lv0i,0,0,0,0,0,0,0,0,0
aa5rlo,0,0,0,0,0,0.651039183,0,0,0
abm6n0,0,0,0,0,0,0,0,0,0
ao2iv2,0,0,0,0,0,0,0,0,0
b0pnxj,0,0.322294317,0.457456783,0,0,0,0,0.035712548,0.091756197
b2fgla,0,0,0,0.307744709,0,0,0.568571011,0,0
b3aluf,0,0,0,0,0,0,0,0,0
b59gg7,0,0,0,0,0,0,0,0,0
be99pq,0,0,0,0,0,0,0,0,0
bfknk8,0,0,0,0,0,0,0,0,0
bil702,0,0,0,0,0,0,0,0,0.724133319
bkr78k,0,0,0,0,0,0,0,0,0
bljjwt,0,0,0,0,0,0,0,0,0
bnu943,0,0,0,0,0,0,0,0,0
bqh9cf,0,0,0,0,0,0.959989789,0,0,0
bvqdow,0,0,0,0,0,0,0,0,0
bzdrzj,0,0.348587581,0.506083405,0,0,0,0,0,0
c1wmc9,0,0,0,0,0,0,0,0,0
c4idkn,0,0,0,0,0,0,0,0,0
c56yhy,0,0,0,0,0,1,0,0,0
c7zeln,0,0,0,0,0,0,0,0,0
cg1wly,0,0,0.07489678,0,0,0,0,0,0.076713598
cp9doq,0,0.591227486,0,0,0,0.408772514,0,0,0
d3gxy1,0,0.864746792,0,0,0,0,0,0,0
d6q7lm,0,0.553151085,0,0,0,0,0,0,0
d71hcg,0,0,0.980278066,0,0,0,0,0,0
d9krfq,0,0,0,0,0,0.966971829,0,0,0
dijo7r,0,0,0,0,0,0,0,0,0
djcflr,0,0,0.788317178,0,0,0,0,0,0
djwfac,0,0,0,0,0,0,0,0,0
duroz9,0,0.424475097,0.408525068,0,0,0.047609975,0,0,0
dy281d,0,0,0.247734372,0,0,0,0,0,0.607642762
e2wca7,0,0,0,0,0,0,0,0,0
e3gq14,0,0,0,0,0,0,0,0,0
ea6und,0,0,0,0,0,0,0,0,0
edwu5x,0,0,0.510236284,0,0,0,0,0,0.489763716
eiiuy9,0,0,0,1,0,0,0,0,0
ep00dq,0,0,0,0,0,0,0,0,0
eqtdip,0,0.118766565,0.761694683,0,0,0,0.017133102,0,0.022310548
eresld,0,0.992162971,0,0,0,0,0,0,0
ex18dz,0,0,0,0,0,0,0,0,0
exldoy,0,0,0,0,0,0,0,0,0
f5u55l,0,0,0,0,0,0,0,0,0
f7t3ql,0,0,0,0,0,0,0,0,0
fbtsr3,0,0.124980323,0,0,0,0,0.147850907,0,0
fg29ka,0,0,0,0,0,0,0,0,0
fk32c8,0,0,0,0,0,0,0,0,0
flkh11,0,0,0,0,0,0,0,0,0
fp2bp4,0,0.936844428,0,0,0,0,0,0,0
fp8eu2,0,0,0,0,0,0.765689854,0,0,0
g17ydf,0,0,0,0,0,0,0,0,0
g4td9b,0,0.444739481,0.057627531,0,0,0.425813221,0,0,0.031304605
g5phg7,0,0,0.602631051,0,0,0,0,0,0.190866541
g7nr3e,0,0,0,0,0,0,0.5492183,0,0
g9jsq8,0,0,0,0,0,0,0,0,0.837564793
gcx414,0,0.18157019,0.269677175,0,0,0.028976952,0.240750872,0,0.188056502
gfmdn2,0,0,0,0,0,0,0,0,0.960696917
ggrxv3,0,0.448944417,0.418335117,0,0,0,0.021335813,0,0
gkjvz3,0.026359532,0,0,0,0,0,0,0,0
go0vuh,0,0,0,0,0,0,0,0,0
gz72rb,0,0,0,0,0,0,0,0,0
h8ctzx,0,0,0.923618579,0,0,0,0,0,0
hc3hq4,0,0,0.397957144,0,0,0,0,0,0
hd2l60,0,0,0,0,0,0,0,0,0
huliov,0,0.132788092,0.421479495,0.025591212,0,0,0,0,0.293398918
i3nyr0,0,0,0.68507175,0.058869688,0,0.046660775,0,0.164605366,0
i5zq91,0,0.524025037,0,0,0,0,0.408540388,0,0
ibo9pk,0,0,0,0,0,0.87493818,0,0,0
illt5c,0,0,0,0,0,0.694094631,0,0,0
imws6r,0,0,0,0.845535679,0,0,0,0,0
iun0q9,0,0,0,0,0,0,0,0,0
iv04sk,0,0,0.815041597,0,0,0,0,0,0
ivlkyq,0,0,0,0,0,0,0,0,0
iwb34a,0,0,0,0.24215338,0,0.75784662,0,0,0
ix481w,0,0,0,0,0,0.944444444,0.041750328,0,0
j1rl3s,0,0.69005591,0,0,0,0,0,0,0
j2qhhx,0,0.795423777,0,0,0,0,0,0,0
j6tsam,0,0.048271412,0.931318467,0,0,0,0,0,0
javlhu,0,0.122499686,0.212732454,0,0,0,0.548701296,0,0.083280642
jdc71o,0,0,0,0,0,0,0,0,0
jdsxmz,0,0,0,0,0,0,0,0,0
jfbnx4,0,0,0,0,0,0,0,0,0
jgiv00,0,0,0,0,0,0,0,0,0
jnkolz,0,0,0,0,0,0,0,0,0
jr99pc,0,0,0,0,0,0,0,0,0
jt7a6m,0,0,0.192005183,0,0,0.59004368,0.070700058,0,0.147251079
ju473i,0,0.137866039,0.743261411,0.081209248,0,0.037663302,0,0,0
jyoqb2,0.753184114,0,0,0,0,0,0,0,0
k185q4,0,0,0,0,0,0,0,0,0
k3dhw1,0,0.546101039,0.248630938,0,0,0,0,0,0.131141112
k6xn3d,0,0.039089218,0.060048012,0,0,0.022225429,0.019729122,0.036547538,0.79746439
k7p49w,0,0.54024152,0.45975848,0,0,0,0,0,0
k9gk4h,0,0,0,0,0,0,0,0,0
kbfvny,0,0.75163426,0,0,0,0,0,0,0
kocgjm,0,0,0,0,0,0,0,0,0
kxcplg,0,0,0.565582715,0,0,0,0,0,0
l657ha,0,0,0,0,0,0,0,0,0
l9yzby,0,0.764818263,0,0,0,0,0,0,0
lcdmw1,0,0,0,0,0,0,0,0,0
lhjxhf,0,0.570936282,0.376712582,0,0,0,0,0,0
llcv01,0,0.470041965,0.396996923,0,0,0,0,0,0.074912628
lw2ali,0,0,0,0,0,0,0,0,0
lw97h3,0,0,0,0,0,0,0,0,0
lxmlvg,0,0,0,0.404343246,0,0.390877641,0.204779112,0,0
mcedzo,0,0,0,0,0,0,0,0,0
mcu2ve,0,0,0,0,0,0,0,0,0
mj2mup,0,0,0,0,0,0.63533066,0,0,0
muq9ir,0,0.826861567,0,0,0,0,0,0,0
mxiizd,0,0,0,0,0,0,0,0,0
mz2lh1,0,0,0.870007444,0,0,0,0,0,0
n557wl,0,0,0,0,0,0,0,0,0
n5gs1i,0,0,0.663117099,0.234007241,0,0,0,0,0
nmb41z,0,0,0,0,0,0,0,0,0
o3c3gh,0.240647572,0.2654384,0,0,0,0.151829019,0.34208501,0,0
o3w7mx,0,0,0.417216413,0.2362685,0,0.293381038,0,0,0
o5im5x,0,0,0,0,0,0,0,0,0
o8g811,0,0,0,0,0,0.814785992,0.133346024,0,0
oa8bsf,0,0,0,0,0,0,0,0,0
oah3ix,0,0.761098594,0,0,0,0,0,0,0
ob1oyr,0,0,0,0,0,0,0,0,0.764895042
oeu4v5,0,0,0,0,0,1,0,0,0
onxiov,0,0.752492248,0.032790154,0,0,0.099847038,0,0.056890233,0
oqdyqj,0,0,0,0,0,0.576498114,0,0,0
ow1kva,0,0.767866043,0.069919875,0,0,0,0.104863901,0,0
p138ls,0,0,0,0,0,0,0,0,0
p4ydcw,0,0.170750364,0,0.313871539,0,0.097158922,0.418219175,0,0
par6mj,0,0,0,0,0,0,0,0,0
pjeinf,0,0,0,0,0,0,0,0,0
pjpyrw,0,0,0,0,0,0,0,0,0
pkes4b,0,0.529780481,0.019795507,0,0,0.153859089,0,0,0.253658402
ptm2rz,0,0,0,0,0,0,0,0,0
pvtjxl,0,0,0,0,0,0,0,0,0
pzqotb,0,0,0,0,0,0.931610514,0,0,0
q0drkf,0,0,0,0,0,0,0,0,0
q7z3me,0,0,0,0,0,0,0,0,0
qam8um,0,0,0,0,0,0,0,0,0
qg92f0,0,0,0,0,0,0,0,0,0
qli1x2,0,0.932319536,0.032297815,0.035382649,0,0,0,0,0
qmztnr,0,0,0.952946885,0,0,0,0,0,0
qyyizc,0,0.822102332,0,0,0,0,0,0,0
r4l0z6,0,0,0,0,0,0,0,0,0
r9f83q,0,0,0,0.162781084,0,0.130100631,0,0,0.6970974
r9u66r,0,0,0,0,0,0,0,0,0
rj779n,0,0,0,0,0,0,0,0,0
rk7x8b,0,0,0,0,0,0,0,0,0
rncp88,0,0,0.111664877,0,0,0.459491028,0.159163621,0.149716126,0.119964349
rnj6s2,0,0,0,0,0,0,0,0,0
rnofs3,0,0,0,0,0,0.25074766,0,0,0.724863817
rxw0ou,0,0,0,0,0,0,0,0,0
s3kpff,0,0,0.743679135,0,0,0,0,0,0
s94yfx,0,0,0,0.959088682,0,0,0,0,0
s97oon,0,0,0.71640425,0,0,0,0,0,0
sebm1e,0,0,0,0,0,0,0.962163813,0,0
secepw,0,0,0,0,0,0,0,0,0
selse3,0,0,0,0,0,0,0,0,0.993519235
sgsm1o,0,0.938911675,0,0,0,0,0,0,0
sgwh4a,0,0,0,0,0,0.474242421,0.291451724,0,0
skdiy9,0,0.395401783,0.405182893,0,0,0.016148092,0,0,0.061345846
srlk3f,0,0,0,0,0,0,0,0,0
ssc43h,0,0.255319149,0,0,0,0,0,0,0
sx5mlm,0,0.47665379,0.059244976,0,0,0.411125234,0,0,0.023752004
sy4fru,0,0.305233424,0.694766576,0,0,0,0,0,0
t1cw2j,0,0,0,0,0,0,0,0,0
t3jq36,0,0,0.599764378,0,0,0,0,0,0
t3k80l,0,0,0,0,0,0,0,0,0.662251114
torr3u,0,0,0,0.533253973,0,0,0.268771919,0,0
tq02fh,0,0,0,0,0,0,0,0,0
tt9ohu,0,0.499295901,0.049368396,0,0,0,0.451335703,0,0
ttp50p,0,0,0,0,0,0,0.80562202,0,0
tuptsx,0,0,0,0,0,0.236857961,0.235830565,0,0.527311473
u1bteo,0,0,0,0.977321411,0,0,0,0,0
u68imk,0,0,0.736491788,0,0,0.118211328,0.145296885,0,0
udct6t,0,0,0,0,0,0,0,0,0
ugpvak,0,0,0,0,0,0,0,0,0
uhd682,0,0,0,0,0,0,0,0,0
uirz9q,0,0.794389057,0.17133631,0,0,0,0,0,0
ujqhm8,0,0.850266186,0,0,0,0,0,0,0
utps4o,0,0,0.819084215,0,0,0,0,0,0
uw3f2o,0,0,0,0,0,0,0,0,0
v0doa1,0,0,0,0,0,0.963576159,0,0,0
v2ftmu,0,0.355540823,0,0,0,0.408001833,0,0,0.236457344
v4miro,0,0,0,0,0,0,0,0,0
v91r5a,0,0,0,0,0,0,0,0,0
vb080o,0,0.714695362,0,0,0,0.110090403,0.083209947,0,0.088143523
vck0gg,0,0,0,0,0,0,0,0,0
vnfq38,0,0,0,0,0,0,0.968352681,0,0
vphq1t,0.015714595,0.836645282,0.087846446,0,0,0,0,0,0.019075477
vr8eax,0,0,0.397897399,0.546778243,0,0,0,0,0
vrmzg2,0,0,0,0,0,0,0,0,0
vs135y,0,0,0,0,0,0,0,0,0
vz50ag,0,0,0,0,0,0,0,0,0
w1vmid,0,0.845763666,0,0,0,0,0,0,0
wd2vty,0,0,0.148395176,0,0,0.777777778,0,0,0
whq4wv,0,0,0,0,0,0,0,0,0
wjy6tm,0,0,0,0,0,0,0,0,0.898622901
wuvvf9,0,0,0,0,0,0,0,0,0.995500595
wwiti8,0,0.034366507,0.16059418,0.315617136,0,0.195313453,0.021965469,0.048032902,0.175780094
wyj6vt,0,0,0,0,0,0,0,0,0
x2nwwx,0,0,0,0,0,0,0,0,0
x5tmys,0,0.643942748,0,0,0,0,0,0,0
xb7lla,0,0,0,0,0,0,0,0,0
xkee7j,0,0.205382477,0.588363779,0,0,0.119733408,0,0,0
xkg2py,0,0,0,0,0,0,0,0,0
xu0xbs,0,0,0,0,0,0,0.646730249,0,0
xvylcm,0,0,0.74088988,0,0,0,0.190109791,0,0
yaz3nd,0,0,0,0,0,0,0.625237978,0,0
yc6mzf,0,0.377333715,0.194838043,0,0,0.120239612,0.244025957,0,0
ye3bc4,0,0,0,0,0,0,0,0,0
yixard,0,0.130547847,0.238630391,0,0,0.402328694,0,0,0.228493068
yja174,0,0,0,0,0,0,0,0,0
ym1qk5,0,0,0,0,0,0,0,0,0
ynw4n5,0,0,0,0,0,0,0,0,0
yodw0t,0,0.906342713,0.04887058,0,0,0.01124146,0,0,0
yqgqyd,0,0.244000809,0.010548531,0,0,0.018267531,0,0,0.670751047
yu4ggi,0,0,0,0,0,0,0,0,0
z0gqr4,0,0,0.654570191,0,0,0,0,0,0
zcxvlm,0,0,0,0.249955298,0,0,0.689088101,0,0
zdvtjj,0,0.89252476,0,0,0,0.02878589,0,0,0.043872731
zhnrql,0,0.580950057,0,0,0,0.291207384,0,0,0
zjz2e0,0,0,0,0,0,0,0,0,0
zkn6zg,0,0,0.887429271,0,0,0,0,0,0
zr070j,0,0,0,0,0,0,0,0,0
zr41w0,0,0.604424796,0.169755215,0,0,0.111511095,0.114308894,0,0
ztxdc0,0,0.666561641,0,0,0,0,0,0,0
zyrrbt,0,0.938171869,0,0,0,0,0,0,0.043536427
4c8nng,0,0.877353929,0,0,0,0,0,0,0.099945677
14bm2r,0,0,0,0,0,0.773406814,0,0,0
dph6xj,0,0,0,0,0,0,0,0,0
hzfbmz,0,0.514095059,0.245602042,0,0,0.015679356,0,0,0.126020392
espz0o,0,0,0.765518175,0,0,0,0,0,0
39w7w7,0,0.693934934,0.218382213,0,0,0,0,0,0
zkt998,0,0,0,0,0,0,0,0,0
0v1u5i,0,0,0,0,0,0,0,0,0
V10D,0,0,0.248796887,0,0,0.289530291,0,0,0.421554458
V10G,0,0.493664449,0,0,0,0,0,0,0.286372501
V11D,0,0.105737396,0,0,0,0.875929783,0,0,0
V11G,0,0.089001068,0,0,0,0.910998932,0,0,0
V12D,0,0.133484112,0.174182746,0,0,0.211238167,0.410629463,0,0
V12G,0,0.413175444,0.078923582,0,0,0.16043502,0.273619616,0,0
V13D,0,0.021260707,0.827156605,0.020771328,0,0.043279342,0,0,0.051440233
V13G,0,0.038449247,0.813082827,0.066493257,0,0.015267264,0.01994239,0,0.010400398
V14D,0,0,0,0,0,0.993944563,0,0,0
V14G,0,0,0,0,0,0.994106297,0,0,0
V15D,0,0,0,0,0,0.314555126,0.601623168,0,0
V15G,0,0,0,0,0,0.601643524,0.269217408,0,0
V16D,0.015666087,0.021682466,0.426694515,0.355541734,0,0.056943555,0.01298675,0,0.049394151
V16G,0.020639199,0.032758839,0.461898047,0.184204491,0,0.094974952,0.027663058,0,0.112322975
V18D,0,0.059267594,0,0,0,0.363212124,0,0,0.560617062
V18G,0,0.408517196,0,0,0,0.284883989,0,0,0.259015999
V19D,0,0.902683391,0,0,0,0.05718615,0.015864163,0,0
V19G,0,0.779895806,0,0,0,0.038856908,0.134717674,0,0
V1D,0,0.155690154,0,0,0,0,0,0,0.801253062
V1G,0,0.396323284,0,0,0,0.141260068,0,0,0.462416648
V20D,0.018485925,0.940121089,0,0,0,0,0,0,0.025648171
V20G,0.032203596,0.897564491,0,0,0,0,0,0,0.04906118
V21D,0,0,0.137649029,0,0,0.784651327,0.018930867,0,0.021690553
V21G,0,0.021438506,0.21317596,0,0,0.63675451,0.022432241,0.02414849,0.053304716
V23D,0,0.477942481,0,0.171692474,0,0.264637342,0,0.010969211,0.03791641
V23G,0,0.503088818,0,0.159187844,0,0.255750591,0,0.017525113,0.022588329
V25D,0,0,0,0,0,0.959815242,0,0,0
V25G,0,0,0,0,0,0.976780186,0,0,0
V26D,0,0.175699521,0.04922429,0,0,0.319448189,0,0,0.418704854
V26G,0,0.199667143,0.046295229,0,0,0.223446247,0,0,0.492602508
V27D,0,0.013451121,0.011846976,0.010649732,0,0.875321173,0,0,0.079989298
V27G,0,0.011518726,0.019245848,0,0,0.866372221,0,0.011474919,0.076833195
V28D,0.023771245,0,0,0,0,0.141792575,0,0,0.834436181
V28G,0,0,0,0,0,0.173391192,0,0,0.794261265
V29D,0,0.717309358,0.048834385,0,0,0.071251204,0.023622025,0,0.090492703
V29G,0,0.727932248,0.044642514,0.010512553,0,0.037837568,0.040497181,0,0.088253547
V2G,0,0,0,0,0,0.611111111,0,0.028983918,0.338498975
V30D,0,0.452554531,0,0,0,0.182227353,0,0,0.327604262
V30G,0,0.651219106,0,0,0,0.087975865,0,0,0.220151068
V31D,0,0,0.023450221,0.043782987,0,0.80919227,0,0,0.105446972
V31G,0,0.011334301,0.011136959,0.011015438,0,0.87190475,0,0,0.084935477
V32D,0,0.291840422,0,0,0,0.17878551,0,0,0.490232912
V32G,0,0.324700356,0,0,0,0.276870919,0,0,0.367591718
V33D,0,0,0,0,0,0.923886254,0.068992099,0,0
V33G,0,0,0,0,0,0.966686669,0.022183216,0,0
V34D,0,0.023864813,0,0.017341276,0,0.484875287,0,0,0.467907334
V34G,0,0,0,0,0,0.203082357,0,0,0.761162776
V35D,0,0.150389952,0.248573812,0.438360766,0,0.099905779,0,0,0
V35G,0,0.237866836,0.217480008,0.338963576,0,0.120801862,0,0,0
V36D,0,0,0,0,0,0.163884911,0,0.189932225,0.550681755
V36G,0,0,0,0,0,0.112473904,0,0.241866308,0.63225434
V37D,0,0,0,0.848742473,0,0.131066411,0,0,0
V37G,0,0.026607049,0,0.89949065,0,0.072870274,0,0,0
V38D,0,0,0,0,0,0.993362193,0,0,0
V38G,0,0,0,0,0,0.993653422,0,0,0
V3D,0,0,0.029568815,0,0.051898388,0.589817964,0,0,0.311856556
V3G,0,0,0.030489336,0,0.067214339,0.405990957,0,0,0.48281791
V40D,0,0.101207438,0,0.05257923,0,0.433107536,0.377338718,0,0
V40G,0,0.123792657,0.029933649,0.029666254,0,0.635457766,0.109906811,0,0.045849009
V41D,0,0.551528245,0,0.025009019,0,0.364238528,0,0,0
V41G,0.022904132,0.589463018,0,0.021069735,0,0.321647994,0,0,0
V42D,0,0,0,0,0,0.745057658,0,0,0.202869612
V42G,0,0,0,0,0,0.809688368,0,0,0
V43D,0,0.131072794,0.11575504,0,0,0.606295127,0,0,0.120257097
V43G,0,0.143534384,0.032762398,0,0,0.310352648,0.018488354,0,0.458422886
V44D,0,0.450365497,0.025564178,0,0,0,0,0,0.47329061
V44G,0,0.37318659,0.080495947,0,0,0,0,0,0.478427421
V45D,0,0,0,0.109352571,0,0.818615752,0,0,0
V45G,0,0,0,0.121054589,0,0.64025285,0.238692561,0,0
V46D,0,0.025773517,0.023751509,0,0,0.454984335,0.199884135,0,0.267549802
V46G,0,0.016890971,0,0,0,0.212193064,0.50305939,0,0.217774787
V47D,0,0.641440329,0.019739761,0,0,0.083360805,0,0,0.209341304
V47G,0,0.680709334,0.030079618,0,0,0.044998567,0,0,0.196921279
V48D,0,0,0.702165673,0,0,0.106411299,0,0,0.106330593
V48G,0,0,0.542792701,0,0,0.33078276,0,0,0.064899783
V4D,0,0.051978461,0.367573598,0,0,0.515845929,0,0,0.043901172
V4G,0,0.053334794,0.036648136,0,0,0.855791268,0.029027944,0,0.025197858
V51D,0,0.17209027,0,0,0,0.105384537,0.05098185,0,0.631590449
V51G,0,0.203904895,0,0,0,0.016973518,0.186289124,0.016524145,0.509475441
V52D,0,0.056749168,0,0,0,0.044472976,0,0,0.891034641
V52G,0,0,0,0,0,0,0,0,0.875012887
V53D,0,0,0,0,0,0.111984001,0,0.156488705,0.70819125
V53G,0,0,0,0.042837069,0,0.193777293,0,0.142346644,0.572839763
V54D,0,0.140807795,0,0,0,0.132348927,0,0,0.696124453
V54G,0,0.185524132,0,0,0,0.06507952,0,0,0.716309009
V55D,0,0.861714181,0.031246853,0,0,0,0,0,0.07858012
V55G,0,0.843847485,0.020488289,0,0,0,0,0,0.097830563
V56D,0,0.502961517,0.022081163,0,0,0.442893909,0,0,0.014920829
V56G,0,0.423332403,0,0,0,0.522497969,0,0,0.03036347
V57D,0,0.289083901,0,0,0,0.092409833,0,0,0.574153917
V57G,0,0.416945823,0,0,0,0.206965718,0,0,0.343538251
V58D,0,0.052463756,0.020077417,0,0,0.16173391,0.015159595,0,0.733368093
V58G,0,0.087585429,0.01162417,0.015284081,0,0.117067673,0.133409342,0,0.588692514
V5D,0,0.151739538,0,0.593313237,0,0.095641267,0.079725355,0,0.043064704
V5G,0,0.079363559,0,0.621382496,0,0.158307666,0.022689109,0,0.099928507
V7D,0,0,0,0,0,0.555509182,0,0.4324882,0
V7G,0,0,0,0.032620937,0,0.718724878,0,0.199452102,0.049202083
V8D,0,0.252956857,0,0,0,0,0,0,0.643233616
V8G,0,0.11485894,0,0,0,0,0,0,0.81907503
V9D,0,0.446612283,0,0,0,0.086910709,0.117584447,0,0.334339046
V9G,0,0.413344628,0,0,0,0.192975983,0.156191063,0,0.237488326
SCC-DE-002-HS2,0,0,0,0.502025412,0,0.497974588,0,0,0
SCC-DE-005-HS1,0,0.236187023,0.036155996,0,0,0.420976429,0,0,0
SCC-DE-005-HS2,0,0.202027254,0,0,0,0.576351741,0,0,0
SCC-DE-007-HS1,0,0.415698642,0.270423235,0,0,0.186694074,0,0.010291169,0.101434604
SCC-DE-007-HS2,0.01974276,0.658257503,0.196717667,0,0,0.018674287,0,0,0.047872232
SCC-DE-008-HS1,0,0.201023129,0.695095839,0.042387341,0,0.061493691,0,0,0
SCC-DE-009-HS1,0,0,0,0,0,0.764407286,0,0,0.058690171
SCC-DE-009-HS2,0,0,0,0,0,0.798955731,0.029175098,0,0
SCC-DE-010-HS2,0,0,0.806330428,0,0,0.106044982,0,0,0.076742774
SCC-DE-011-HS1,0,0,0,0,0,1,0,0,0
SCC-DE-011-HS2,0,0,0,0,0,0,0,0,0
SCC-DE-012-HS2,0,0,0,0.5,0,0.249480402,0,0,0
SCC-DE-014-HS2,0,0,0,0,0,0,0,0,0
SCC-DE-015-HS1,0,0.376302568,0,0,0,0.623697432,0,0,0
SCC-DE-015-HS2,0,0.362462819,0,0,0,0.637537181,0,0,0
SCC-DE-016-HS2,0,0,0,0.028559697,0,0.969089868,0,0,0
SCC-DE-017-HS1,0,0,0,0,0,0,0,0,0
SCC-DE-018-HS1,0,0,0.62284985,0,0,0.315564321,0,0,0.061585829
SCC-DE-018-HS2,0,0,0.79412544,0,0,0,0,0,0
SCC-DE-019-HS1,0,0,0,0,0,0.823026757,0,0,0
SCC-DE-022-HS2,0,0.585180528,0.20803938,0,0,0.194531287,0,0.012248805,0
SCC-DE-023-HS2,0,0,0,0,0,0,0,0,0.755428352
SCC-DE-025-HS1,0,0.162894139,0,0,0,0.790794979,0,0,0
SCC-DE-026-HS1,0,0.106403518,0,0,0,0.685734975,0,0,0.204235526
SCC-DE-026-HS2,0,0,0,0,0,0.608010116,0,0,0.391989884
SCC-DE-027-HS1,0,0.320109282,0,0,0,0.376331986,0,0,0.303558732
SCC-DE-028-HS2,0,0.155421632,0.022758279,0.244199179,0,0.418920945,0,0,0.158699965
SCC-DE-029-HS1,0,0,0,0,0,0.978494624,0,0,0
SCC-DE-033-HS2,0,0,0,0,0,0.977975133,0,0,0.021850562
SCC-DE-035-HS1,0,0,0,0,0,0.401331832,0,0,0
SCC-DE-035-HS2,0,0,0,0.318406354,0,0.681593646,0,0,0
SCC-DE-036-HS1,0,0,0.090322857,0,0,0.152478448,0,0,0.756482034
SCC-DE-036-HS2,0,0.039346546,0,0,0,0.241881954,0,0,0.7187715
SCC-DE-039-HS1,0,0,0,0,0,0.620876638,0,0,0.36823811
SCC-DE-042-HS1,0.197039354,0.343021148,0.115068711,0,0,0.278625954,0,0,0.050884299
SCC-DE-042-HS2,0,0.331672714,0.043515096,0,0,0.612961709,0,0,0
SCC-DE-044-HS1,0,0,0,0,0,1,0,0,0
SCC-DE-050-HS1,0,0,0.122894066,0.128947859,0,0.182608679,0.32544388,0,0.240105516
SCC-DE-052-HS1,0,0.171166472,0.483970489,0,0,0.145345018,0,0,0.199518022
SCC-DE-052-HS2,0,0.315348478,0.249852907,0,0,0.085035734,0,0,0.349762881
SCC-DE-054-HS1,0,0,0.549826263,0,0,0.450173737,0,0,0
SCC-DE-055-HS1,0,0,0,0,0,0,0,0,0
SCC-DE-056-HS1,0,0,0,0,0,0.163798544,0,0,0.836201456
SCC-DE-064-HS1,0,0.066196414,0,0,0,0.919149831,0,0,0.014653756
SCC-DE-064-HS2,0,0,0,0,0,0,0,0,0
SCC-DE-067-HS1,0,0.010459824,0,0.16371824,0,0.81953212,0,0,0
SCC-DE-067-HS2,0,0,0,0.150475375,0,0.822263798,0,0,0
SCC-DE-068-HS2,0,0.697481557,0.302518443,0,0,0,0,0,0
SCC-DE-070-HS1,0,0.157961541,0.334797789,0.049399269,0,0.170470577,0,0.076114166,0.211256658
SCC-DE-071-HS2,0,0,0,0,0,0,0,0,0
SCC-DE-074-HS1,0,0.014061614,0,0,0,0.932835821,0,0,0
SCC-DE-080-HS1,0,0,0,0,0,0.263883887,0,0,0