Study Author,Year,BioProject,Region,SampleName,tot_reads,Coryne,Cuti,Other,Staph,Strep
Baker,2024,SUB14054091,USA,ConcatenatedReads_10AA_TP_5_all,5361017,195470,490828,3776028,289826,608865
Baker,2024,SUB14054091,USA,ConcatenatedReads_10PA_TP_5_all,19459730,117286,17892498,1043318,210351,196277
Baker,2024,SUB14054091,USA,ConcatenatedReads_10PB_TP_5_all,6479031,343136,4632870,1091155,382783,29087
Baker,2024,SUB14054091,USA,ConcatenatedReads_11AA_TP_3_all,8218578,149755,1686661,3018682,2711046,652434
Baker,2024,SUB14054091,USA,ConcatenatedReads_11PA_TP_4_all,9675353,407568,747545,3455780,4299146,765314
Baker,2024,SUB14054091,USA,ConcatenatedReads_12AA_TP_3_all,12426290,195307,5288211,5326713,171346,1444713
Baker,2024,SUB14054091,USA,ConcatenatedReads_12PA_TP_4_all,7217029,19373,6402690,359341,421162,14463
Baker,2024,SUB14054091,USA,ConcatenatedReads_13AA_TP_4_all,7653181,148612,1034423,5540973,175482,753691
Baker,2024,SUB14054091,USA,ConcatenatedReads_13PA_TP_4_all,2483001,48756,1607925,767650,44512,14158
Baker,2024,SUB14054091,USA,ConcatenatedReads_13PB_TP_1_all,12312999,70984,9400824,1323374,1362220,155597
Baker,2024,SUB14054091,USA,ConcatenatedReads_14AA_TP_3_all,5575955,176848,317266,3774115,58220,1249506
Baker,2024,SUB14054091,USA,ConcatenatedReads_14PA_TP_2_all,37244596,180308,31137844,1447036,3942291,537117
Baker,2024,SUB14054091,USA,ConcatenatedReads_15AA_TP_5_all,4934680,293543,529369,3339161,324766,447841
Baker,2024,SUB14054091,USA,ConcatenatedReads_15AB_TP_4_all,8916749,232059,322486,6050481,336487,1975236
Baker,2024,SUB14054091,USA,ConcatenatedReads_15PA_TP_5_all,57301744,2399066,46794103,2279948,5771792,56835
Baker,2024,SUB14054091,USA,ConcatenatedReads_16PB_TP_3_all,19386481,82223,13246316,1121529,4510828,425585
Baker,2024,SUB14054091,USA,ConcatenatedReads_17AA_TP_1_all,3575138,261277,222170,2514293,85176,492222
Baker,2024,SUB14054091,USA,ConcatenatedReads_17AB_TP_1_all,1797648,59403,233540,1290535,54108,160062
Baker,2024,SUB14054091,USA,ConcatenatedReads_17PA_TP_3_all,47645949,319436,38810125,4651209,2937413,927766
Baker,2024,SUB14054091,USA,ConcatenatedReads_19AA_TP_1_all,13451074,181525,11440291,1214412,434902,179944
Baker,2024,SUB14054091,USA,ConcatenatedReads_19PA_TP_1_all,14115893,151305,10050682,3519302,174014,220590
Baker,2024,SUB14054091,USA,ConcatenatedReads_1AA_TP_4_all,3428035,29620,2417266,654021,72952,254176
Baker,2024,SUB14054091,USA,ConcatenatedReads_1PA_TP_5_all,14598728,122600,11176503,1425202,1455268,419155
Baker,2024,SUB14054091,USA,ConcatenatedReads_1PB_TP_2_all,23304598,925433,18934738,2923709,363938,156780
Baker,2024,SUB14054091,USA,ConcatenatedReads_21AA_TP_1_all,6193275,984958,394793,3803268,292576,717680
Baker,2024,SUB14054091,USA,ConcatenatedReads_21PA_TP_5_all,14305318,594422,9319906,2488270,1488029,414691
Baker,2024,SUB14054091,USA,ConcatenatedReads_22AA_TP_1_all,6183054,297532,2461813,2446656,201152,775901
Baker,2024,SUB14054091,USA,ConcatenatedReads_22PA_TP_1_all,27534763,56394,24382162,958740,2109288,28179
Baker,2024,SUB14054091,USA,ConcatenatedReads_23AA_TP_1_all,6436220,117347,465779,4035940,271635,1545519
Baker,2024,SUB14054091,USA,ConcatenatedReads_23PA_TP_1_all,15133391,146393,13018096,1463137,289492,216273
Baker,2024,SUB14054091,USA,ConcatenatedReads_24AA_TP_3_all,6726233,346631,215427,4369904,153606,1640665
Baker,2024,SUB14054091,USA,ConcatenatedReads_25AA_TP_1_all,2744558,295286,295778,1678132,126865,348497
Baker,2024,SUB14054091,USA,ConcatenatedReads_25PA_TP_1_all,30073013,206591,26989933,810037,2048131,18321
Baker,2024,SUB14054091,USA,ConcatenatedReads_2AA_TP_5_all,10891860,316299,4978786,3127279,1459416,1010080
Baker,2024,SUB14054091,USA,ConcatenatedReads_2AB_TP_5_all,4874677,203563,659532,3558622,71011,381949
Baker,2024,SUB14054091,USA,ConcatenatedReads_2PA_TP_3_all,2141320,3544,1545144,91036,462423,39173
Baker,2024,SUB14054091,USA,ConcatenatedReads_2PB_TP_1_all,567837,19211,317049,151261,66304,14012
Baker,2024,SUB14054091,USA,ConcatenatedReads_3AA_TP_2_all,10857558,358310,708769,7485701,702954,1601824
Baker,2024,SUB14054091,USA,ConcatenatedReads_3AB_TP_2_all,21006892,146629,316033,12888629,315602,7339999
Baker,2024,SUB14054091,USA,ConcatenatedReads_3PA_TP_2_all,2063498,8131,1767115,258306,12410,17536
Baker,2024,SUB14054091,USA,ConcatenatedReads_4AA_TP_1_all,1713291,69918,460257,728495,234542,220079
Baker,2024,SUB14054091,USA,ConcatenatedReads_4AB_TP_1_all,4985001,21187,263810,1162381,3167439,370184
Baker,2024,SUB14054091,USA,ConcatenatedReads_4AC_TP_1_all,3794949,111390,236059,2176012,239799,1031689
Baker,2024,SUB14054091,USA,ConcatenatedReads_4PA_TP_2_all,33087904,356652,23679294,7448106,600266,1003586
Baker,2024,SUB14054091,USA,ConcatenatedReads_5AA_TP_1_all,5323460,125515,340499,3289428,164148,1403870
Baker,2024,SUB14054091,USA,ConcatenatedReads_5AB_TP_3_all,6479150,362246,227376,4461029,238041,1190458
Baker,2024,SUB14054091,USA,ConcatenatedReads_5PA_TP_1_all,905677,17180,793717,61307,24934,8539
Baker,2024,SUB14054091,USA,ConcatenatedReads_5PB_TP_3_all,4823326,237886,3195523,361460,951116,77341
Baker,2024,SUB14054091,USA,ConcatenatedReads_6AA_TP_1_all,233830,11658,161144,21579,32554,6895
Baker,2024,SUB14054091,USA,ConcatenatedReads_6PA_TP_1_all,86169,7036,41668,21879,13628,1958
Baker,2024,SUB14054091,USA,ConcatenatedReads_7AA_TP_5_all,16616637,186524,11340091,3246207,1060463,783352
Baker,2024,SUB14054091,USA,ConcatenatedReads_7AB_TP_3_all,5397631,228916,291615,3654614,219106,1003380
Baker,2024,SUB14054091,USA,ConcatenatedReads_7PA_TP_5_all,5862531,986796,3636977,911190,222560,105008
Baker,2024,SUB14054091,USA,ConcatenatedReads_7PB_TP_4_all,8835204,153879,6116049,1092951,850386,621939
Baker,2024,SUB14054091,USA,ConcatenatedReads_8AA_TP_3_all,3458158,98187,254877,2561733,50550,492811
Baker,2024,SUB14054091,USA,ConcatenatedReads_8AB_TP_4_all,3369107,115930,2497115,166181,566150,23731
Baker,2024,SUB14054091,USA,ConcatenatedReads_8AC_TP_4_all,2479854,293767,571849,907067,300376,406795
Baker,2024,SUB14054091,USA,ConcatenatedReads_8PA_TP_3_all,391025,22058,297085,18781,49377,3724
Baker,2024,SUB14054091,USA,ConcatenatedReads_8PB_TP_5_all,22220018,956002,17690429,1787390,1584279,201918
Baker,2024,SUB14054091,USA,ConcatenatedReads_9AA_TP_1_all,13053529,107108,11202312,1549930,141576,52603
Baker,2024,SUB14054091,USA,ConcatenatedReads_9PA_TP_3_all,24474570,369014,10742426,8889932,1281218,3191980
Baker,2024,SUB14054091,USA,ConcatenatedReads_JSB_TP_2_all,56651206,416001,52310465,2113216,1229292,582232
Baker,2024,SUB14054091,USA,ConcatenatedReads_TCL_TP_2_all,12198504,231008,7685105,1061341,3069648,151402
Barnard,2016,PRJNA507062,USA,HLSR1601,3304733,707,3054228,215125,34047,626
Barnard,2016,PRJNA507062,USA,HLSR1602,242277,18,231668,10439,144,8
Barnard,2016,PRJNA507062,USA,HLSR1603,1960844,882,1819318,134064,5527,1053
Barnard,2016,PRJNA507062,USA,HLSR1604,726400,332,718410,6350,1149,159
Barnard,2016,PRJNA507062,USA,HLSR1605,2237323,90,2208102,7482,21482,167
Barnard,2016,PRJNA507062,USA,HLSR1606,2292928,1616,2101686,184941,3986,699
Barnard,2016,PRJNA507062,USA,HLSR1607,18880868,8640,18806041,10258,55906,23
Barnard,2016,PRJNA507062,USA,HLSR1608,4339749,314,4214850,123679,602,304
Barnard,2016,PRJNA507062,USA,HLSR1609,6435244,7641,6365653,55215,6666,69
Barnard,2016,PRJNA507062,USA,HLSR1610,487626,18,486490,438,655,25
Barnard,2016,PRJNA507062,USA,HLSR1611,532521,10982,367325,149848,2810,1556
Barnard,2016,PRJNA507062,USA,HLSR1612,9171924,1262,9088744,81207,523,188
Barnard,2016,PRJNA507062,USA,HLSR1613,4426267,76353,3999585,14758,335532,39
Barnard,2016,PRJNA507062,USA,HLSR1614,2784549,731,2779693,3264,796,65
Barnard,2016,PRJNA507062,USA,HLSR1615,297514,502,207705,83888,5084,335
Barnard,2016,PRJNA507062,USA,HLSR1616,918795,1067,878622,36720,2315,71
Barnard,2016,PRJNA507062,USA,HLSR1617,201524,61,159986,41039,373,65
Barnard,2016,PRJNA507062,USA,HLSR1618,999953,104,995759,2701,973,416
Barnard,2016,PRJNA507062,USA,HLSR1619,1155076,1239,228302,923393,1369,773
Barnard,2016,PRJNA507062,USA,HLSR1620,1254408,350,1229106,21440,3364,148
Barnard,2016,PRJNA507062,USA,HLSR1621,2127499,821,1829674,286659,8862,1483
Barnard,2016,PRJNA507062,USA,HLSR1622,10503142,2049,7647793,2849150,1541,2609
Barnard,2016,PRJNA507062,USA,HLSR1623,847303,430,489327,234136,122893,517
Barnard,2016,PRJNA507062,USA,HLSR1624,136984,2160,117694,9752,7371,7
Barnard,2016,PRJNA507062,USA,HLSR1625,2382185,85,2377660,4075,349,16
Barnard,2016,PRJNA507062,USA,HLSR1626,1736558,26036,1374083,295729,5083,35627
Barnard,2016,PRJNA507062,USA,HLSR1627,340312,499,292278,17882,29283,370
Barnard,2016,PRJNA507062,USA,HLSR1628,2425469,17159,2392972,4125,11152,61
Barnard,2016,PRJNA507062,USA,HLSR1629,846076,1769,821103,14842,7962,400
Barnard,2016,PRJNA507062,USA,HLSR1630,5428680,308,5420832,6648,823,69
Barnard,2016,PRJNA507062,USA,HLSR1631,408128,45,391559,15852,610,62
Barnard,2016,PRJNA507062,USA,HLSR1632,1493465,1857,1457851,30047,3468,242
Barnard,2016,PRJNA507062,USA,HLSR1633,934873,734,846489,74659,12530,461
Barnard,2016,PRJNA507062,USA,HLSR1634,984596,608,823315,149883,10381,409
Barnard,2016,PRJNA507062,USA,HLSR1635,4254831,4086,4235470,10306,4905,64
Barnard,2016,PRJNA507062,USA,HLSR1636,864215,432,561004,273869,28566,344
Barnard,2016,PRJNA507062,USA,HLSR1637,1486030,995,1217722,149792,115853,1668
Barnard,2016,PRJNA507062,USA,HLSR1638,4874032,27943,4776991,4972,64034,92
Barnard,2016,PRJNA507062,USA,HLSR1639,4172546,3918,3934697,216458,17330,143
Barnard,2016,PRJNA507062,USA,HLSR1640,5663471,882,5540247,112056,7684,2602
Barnard,2016,PRJNA507062,USA,HLSR1641,349043,123,309439,38894,533,54
Barnard,2016,PRJNA507062,USA,HLSR1642,2136924,569,2133413,1815,981,146
Barnard,2016,PRJNA507062,USA,HLSR1643,1001432,7006,809456,148384,34395,2191
Barnard,2016,PRJNA507062,USA,HLSR1644,1160119,1508,987832,163965,5777,1037
Barnard,2016,PRJNA507062,USA,HLSR1645,1823109,410,1796731,19070,6769,129
Barnard,2016,PRJNA507062,USA,HLSR1646,510185,373,491433,16798,1555,26
Barnard,2016,PRJNA507062,USA,HLSR1647,732057,10463,714225,5372,1913,84
Barnard,2016,PRJNA507062,USA,HLSR1648,1586842,4803,997608,577575,5829,1027
Barnard,2016,PRJNA507062,USA,HLSR1649,292923,79,256922,15223,19992,707
Barnard,2016,PRJNA507062,USA,HLSR1650,1948849,158,1905486,42874,257,74
Barnard,2016,PRJNA507062,USA,HLSR1651,3846282,287,3745886,83461,16426,222
Barnard,2016,PRJNA507062,USA,HLSR1652,12205777,158,12170176,4200,31195,48
Barnard,2016,PRJNA507062,USA,HLSR1653,184182,107,127775,34737,20560,1003
Barnard,2016,PRJNA507062,USA,HLSR1654,822785,1845,776761,39014,4234,931
Barnard,2016,PRJNA507062,USA,HLSR1655,1650402,997,1558942,87866,1492,1105
Barnard,2016,PRJNA507062,USA,HLSR1656,3190316,206,3085096,104643,280,91
Barnard,2016,PRJNA507062,USA,HLSR1657,6666048,13019,6469973,144189,38648,219
Barnard,2016,PRJNA507062,USA,HLSR1658,3258135,2773,3199868,45025,9815,654
Barnard,2016,PRJNA507062,USA,HLSR1659,2334605,34829,2232284,37672,29739,81
Barnard,2016,PRJNA507062,USA,HLSR1660,755728,139,747251,2920,5365,53
Barnard,2016,PRJNA507062,USA,HLSR1661,142127,109,96759,10335,34887,37
Barnard,2016,PRJNA507062,USA,HLSR1662,1454095,576,1415480,34324,3533,182
Barnard,2016,PRJNA507062,USA,HLSR1663,356420,930,354394,783,275,38
Barnard,2016,PRJNA507062,USA,HLSR1664,976844,2840,601136,328062,44372,434
Barnard,2016,PRJNA507062,USA,HLSR1665,111271,258,96571,14180,231,31
Barnard,2016,PRJNA507062,USA,HLSR1666,3179994,2089,3105167,53063,19608,67
Barnard,2016,PRJNA507062,USA,HLSR1667,4420643,860,4276663,51702,91339,79
Barnard,2016,PRJNA507062,USA,HLSR1668,6647199,5726,6197765,431234,7416,5058
Barnard,2016,PRJNA507062,USA,HLSR1669,355946,3871,234686,97213,20105,71
Barnard,2016,PRJNA507062,USA,HLSR1670,455591,3967,366592,81264,3650,118
Barnard,2016,PRJNA507062,USA,HLSR1671,7095449,1489,6675899,405469,12201,391
Barnard,2016,PRJNA507062,USA,HLSR1672,4054325,141,4023693,27697,2720,74
Barnard,2016,PRJNA507062,USA,HLSR1673,288509,1436,107515,176146,2543,869
Barnard,2016,PRJNA507062,USA,HLSR1674,3483914,228,3432830,50376,393,87
Barnard,2016,PRJNA507062,USA,HLSR1675,3610295,46,3603715,3611,2919,4
Barnard,2016,PRJNA507062,USA,HLSR1676,3099819,344,3031032,2108,66222,113
Barnard,2016,PRJNA507062,USA,HLSR1677,1027412,893,656663,365403,3993,460
Barnard,2016,PRJNA507062,USA,HLSR1678,2904355,1023,2881632,18666,3006,28
Barnard,2016,PRJNA507062,USA,HLSR1679,922158,1434,661563,256567,2242,352
Barnard,2016,PRJNA507062,USA,HLSR1680,872179,8101,184757,643269,22271,13781
Barnard,2016,PRJNA507062,USA,HLSR1681,5487713,1045,5259381,198947,27993,347
Barnard,2016,PRJNA507062,USA,HLSR1682,725018,352,662197,41636,20459,374
Hall,2018,PRJNA435265,USA,AN01_Pore_WGS,3948439,3328,2265519,1506965,155487,17140
Hall,2018,PRJNA435265,USA,AN02_Pore_WGS,4207208,7817,3616830,542027,18816,21718
Hall,2018,PRJNA435265,USA,AN03_Pore_WGS,3038859,10954,79484,2899542,23547,25332
Hall,2018,PRJNA435265,USA,AN05_Pore_WGS,200764,900,15566,157185,26327,786
Hall,2018,PRJNA435265,USA,AN06_Pore_WGS,33548572,326445,32784270,114819,322508,530
Hall,2018,PRJNA435265,USA,AN07_Pore_WGS,18859774,2082,18782450,55092,19283,867
Hall,2018,PRJNA435265,USA,AN08_Pore_WGS,23082281,6067,20920258,1515155,634364,6437
Hall,2018,PRJNA435265,USA,AN09_Pore_WGS,67016011,1457,65744919,364656,904828,151
Hall,2018,PRJNA435265,USA,AN10_Pore_WGS,12414997,426,12355714,39970,18568,319
Hall,2018,PRJNA435265,USA,AN11_Swab_WGS,8072818,611310,6451546,828573,155010,26379
Hall,2018,PRJNA435265,USA,AN12_Swab_WGS,4298597,4362,4103608,113184,54954,22489
Hall,2018,PRJNA435265,USA,AN13_Swab_WGS,8470010,4663,8299418,135706,23200,7023
Hall,2018,PRJNA435265,USA,AN14_Swab_WGS,1132109,653022,229430,220102,17277,12278
Hall,2018,PRJNA435265,USA,AN15_Swab_WGS,7841473,52217,103256,7426516,81972,177512
Hall,2018,PRJNA435265,USA,AN16_Swab_WGS,837636,32396,324203,373787,32407,74843
Hall,2018,PRJNA435265,USA,AN17_Swab_WGS,1356516,20262,869373,337319,69301,60261
Hall,2018,PRJNA435265,USA,AN18_Swab_WGS,25310531,6787,25080398,209791,6512,7043
Hall,2018,PRJNA435265,USA,AN19_Swab_WGS,28286402,16911,26457821,1172753,594359,44558
Hall,2018,PRJNA435265,USA,AN20_Swab_WGS,9391896,54532,9127643,70852,138294,575
Leung,2020,PRJNA478488,China,PAH_Individual105,1200390,236014,133883,739327,1114,90052
Leung,2020,PRJNA478488,China,PAH_Individual11,3790496,93093,1732998,1943005,6135,15265
Leung,2020,PRJNA478488,China,PAH_Individual12,10214940,443136,6327506,3411429,15284,17585
Leung,2020,PRJNA478488,China,PAH_Individual26,3284189,206191,2297069,641305,88196,51428
Leung,2020,PRJNA478488,China,PAH_Individual27,4870895,201513,702243,3924392,2955,39792
Leung,2020,PRJNA478488,China,PAH_Individual431,11264299,395459,9118192,1729197,3058,18393
Leung,2020,PRJNA478488,China,PAH_Individual437,1553888,86521,1234892,221931,4006,6538
Leung,2020,PRJNA478488,China,PAH_Individual440,7921195,339194,2357518,5218549,597,5337
Leung,2020,PRJNA478488,China,PAH_Individual446,3261419,497744,1817702,935063,4608,6302
Leung,2020,PRJNA478488,China,PAH_Individual477,9744680,103712,8887801,749441,423,3303
Leung,2020,PRJNA478488,China,PAH_Individual482,8398441,175668,6774787,1391637,28253,28096
Leung,2020,PRJNA478488,China,PAH_Individual491,47774,1650,10492,30981,2262,2389
Leung,2020,PRJNA478488,China,PAH_Individual501,56653,2638,22183,31241,214,377
Leung,2020,PRJNA478488,China,PAH_Individual511,1162664,161271,713572,285177,135,2509
Leung,2020,PRJNA478488,China,PAH_Individual518,1985546,43297,1504219,414893,3986,19151
Leung,2020,PRJNA478488,China,PAH_Individual533,7663237,82471,6855827,703775,2092,19072
Leung,2020,PRJNA478488,China,PAH_Individual54,1241565,14466,94331,1129810,532,2426
Leung,2020,PRJNA478488,China,PAH_Individual59,2536771,1258178,112034,1147510,6343,12706
Leung,2020,PRJNA478488,China,PAH_Individual7,2074788,266813,476426,1327223,413,3913
Leung,2020,PRJNA478488,China,PAH_Individual74,628278,37353,169236,418020,691,2978
Leung,2020,PRJNA478488,China,PAH_Individual75,10241424,2225086,2358192,5639221,1283,17642
Leung,2020,PRJNA478488,China,PAH_Individual8,184294,14505,97534,71198,453,604
Leung,2020,PRJNA478488,China,PAH_Individual94,309733,29562,180772,95266,2374,1759
Leung,2020,PRJNA478488,China,PAH_Individual97,444502,13989,17185,377038,7268,29022
Li,2021,CNP0000635,China,FDT01001cheek,12059744,1731529,5866497,4342925,100250,18543
Li,2021,CNP0000635,China,FDT01002cheek,14583369,88451,6813834,7580520,83639,16925
Li,2021,CNP0000635,China,FDT01003cheek,3661340,56146,2685078,805878,104286,9952
Li,2021,CNP0000635,China,FDT01004cheek,3010380,68326,719973,2073667,100048,48366
Li,2021,CNP0000635,China,FDT01005cheek,5680415,172802,611476,3643576,1059663,192898
Li,2021,CNP0000635,China,FDT01006cheek,1826396,56815,288863,911089,567767,1862
Li,2021,CNP0000635,China,FDT01007cheek,2428553,52716,1392471,942795,35140,5431
Li,2021,CNP0000635,China,FDT01008cheek,7835637,231054,4251910,2989469,321767,41437
Li,2021,CNP0000635,China,FDT01009cheek,21579002,66424,14071101,7392027,27944,21506
Li,2021,CNP0000635,China,FDT01010cheek,12186150,353883,5417247,6059082,307897,48041
Li,2021,CNP0000635,China,FDT01011cheek,3853617,283611,1724641,1781099,45690,18576
Li,2021,CNP0000635,China,FDT01012cheek,12517130,197457,7713367,4282662,301925,21719
Li,2021,CNP0000635,China,FDT01013cheek,16730181,1374112,7900970,6905487,521496,28116
Li,2021,CNP0000635,China,FDT01014cheek,9936109,134098,7810829,1568082,382200,40900
Li,2021,CNP0000635,China,FDT01015cheek,9101869,4615,3261785,5803745,26863,4861
Li,2021,CNP0000635,China,FDT01016cheek,3149753,241761,1810753,838397,246646,12196
Li,2021,CNP0000635,China,FDT01017cheek,13774786,147157,8495514,3827549,1278855,25711
Li,2021,CNP0000635,China,FDT01018cheek,16903326,69093,12269443,4281408,279578,3804
Li,2021,CNP0000635,China,FDT01019cheek,2267113,10699,907619,772695,549442,26658
Li,2021,CNP0000635,China,FDT01020cheek,14611380,182115,6452553,7854197,115746,6769
Li,2021,CNP0000635,China,FDT01021cheek,5166196,128981,87524,4726329,18986,204376
Li,2021,CNP0000635,China,FDT01022cheek,12068652,19679,547876,11464908,25642,10547
Li,2021,CNP0000635,China,FDT01023cheek,28718864,456249,9622170,18354519,28795,257131
Li,2021,CNP0000635,China,FDT01024cheek,19593321,5258055,10950479,3246891,98990,38906
Li,2021,CNP0000635,China,FDT01025cheek,8340700,170806,6381486,321791,1388730,77887
Li,2021,CNP0000635,China,FDT01026cheek,11204326,211800,6672186,4121908,100893,97539
Li,2021,CNP0000635,China,FDT01028cheek,298401,17438,180444,69039,30958,522
Li,2021,CNP0000635,China,FDT01029cheek,11762316,215777,5211582,5219379,1100026,15552
Li,2021,CNP0000635,China,FDT01030cheek,15977020,1731407,11820238,1770207,640551,14617
Li,2021,CNP0000635,China,FDT01031cheek,1299596,60498,500196,644835,71391,22676
Li,2021,CNP0000635,China,FDT01032cheek,25872465,337330,2729466,22740179,49843,15647
Li,2021,CNP0000635,China,FDT01033cheek,20287837,65498,18628367,1123602,460761,9609
Li,2021,CNP0000635,China,FDT01035cheek,13493308,1251106,8243978,2115980,1816846,65398
Li,2021,CNP0000635,China,FDT01037cheek,16770265,1158418,9825416,4411291,1352042,23098
Li,2021,CNP0000635,China,FDT01038cheek,856926,17605,714697,100979,9446,14199
Li,2021,CNP0000635,China,FDT01039cheek,2227110,31166,2039490,142447,3344,10663
Li,2021,CNP0000635,China,FDT01040cheek,6801777,15736,2652865,4059408,57599,16169
Li,2021,CNP0000635,China,FDT01041cheek,893196,116560,555952,181786,23447,15451
Li,2021,CNP0000635,China,FDT01042cheek,12599786,1281790,8118136,3060975,60433,78452
Li,2021,CNP0000635,China,FDT01044cheek,357698,21473,93309,148898,71851,22167
Li,2021,CNP0000635,China,FDT01045cheek,19268858,52028,17690894,529056,941576,55304
Li,2021,CNP0000635,China,FDT01047cheek,20298404,204513,17606158,1904911,522718,60104
Li,2021,CNP0000635,China,FDT01048cheek,20307478,53897,19546301,602493,93076,11711
Li,2021,CNP0000635,China,FDT01049cheek,4374663,9072,1822248,2159504,378006,5833
Li,2021,CNP0000635,China,FDT01050cheek,23515264,13830,23002949,461704,20549,16232
Li,2021,CNP0000635,China,FDT01051cheek,11742220,92284,7760887,3377149,473519,38381
Li,2021,CNP0000635,China,FDT01052cheek,2367645,34850,890610,1373864,50402,17919
Li,2021,CNP0000635,China,FDT01054cheek,4015238,126723,516532,3314492,13532,43959
Li,2021,CNP0000635,China,FDT01055cheek,7224847,136517,403109,5477740,648885,558596
Li,2021,CNP0000635,China,FDT01056cheek,10679993,235332,3074606,6984637,213818,171600
Li,2021,CNP0000635,China,FDT01057cheek,4529275,62256,430035,3921358,39338,76288
Li,2021,CNP0000635,China,FDT01058cheek,3454025,30357,1624787,1423627,352350,22904
Li,2021,CNP0000635,China,FDT01059cheek,11648526,348065,8918540,1907091,458017,16813
Li,2021,CNP0000635,China,FDT01060cheek,3845828,550927,269719,2805139,112088,107955
Li,2021,CNP0000635,China,FDT01061cheek,6373207,4861,342513,6016833,6823,2177
Li,2021,CNP0000635,China,FDT01062cheek,5928051,256869,479353,4694883,85373,411573
Li,2021,CNP0000635,China,FDT01063cheek,15804178,130991,12831751,2531307,278176,31953
Li,2021,CNP0000635,China,FDT01064cheek,11462791,253533,7363050,3371027,348430,126751
Li,2021,CNP0000635,China,FDT01065cheek,8005381,103177,910474,6801554,139384,50792
Li,2021,CNP0000635,China,FDT01067cheek,3805524,231062,709417,2532733,64532,267780
Li,2021,CNP0000635,China,FDT01068cheek,17523987,149029,1898658,15394821,49752,31727
Li,2021,CNP0000635,China,FDT01069cheek,15114588,129556,1558922,13150784,136119,139207
Li,2021,CNP0000635,China,FDT01070cheek,1188391,132164,69913,626389,328342,31583
Li,2021,CNP0000635,China,FDT01071cheek,402943,18056,49462,323501,5296,6628
Li,2021,CNP0000635,China,FDT01072cheek,1078766,22389,168307,772414,89548,26108
Li,2021,CNP0000635,China,FDT01073cheek,8276909,95503,7322674,815495,22378,20859
Li,2021,CNP0000635,China,FDT01074cheek,2967862,167396,949360,1395416,167962,287728
Li,2021,CNP0000635,China,FDT01075cheek,16643586,296260,11183090,4937350,159052,67834
Li,2021,CNP0000635,China,FDT01076cheek,9040203,147234,84398,8733783,51760,23028
Li,2021,CNP0000635,China,FDT01077cheek,1399328,64584,173445,1050236,39444,71619
Li,2021,CNP0000635,China,FDT01078cheek,6858269,106164,160507,6434033,74160,83405
Li,2021,CNP0000635,China,FDT01079cheek,1472537,14818,104096,1330422,17970,5231
Li,2021,CNP0000635,China,FDT01080cheek,6627200,628492,77264,5834170,33030,54244
Li,2021,CNP0000635,China,FDT01081cheek,4925707,476672,162981,4152654,88688,44712
Li,2021,CNP0000635,China,FDT01082cheek,8141844,105440,2073455,5838133,109191,15625
Li,2021,CNP0000635,China,FDT01083cheek,3893054,269916,886200,2472417,229457,35064
Li,2021,CNP0000635,China,FDT01085cheek,405815,3733,44288,345039,8112,4643
Li,2021,CNP0000635,China,FDT01086cheek,4293982,133775,3359030,609649,178096,13432
Li,2021,CNP0000635,China,FDT01087cheek,5655126,991709,3329122,1265055,40816,28424
Li,2021,CNP0000635,China,FDT01088cheek,11388562,472330,8652487,1961429,220979,81337
Li,2021,CNP0000635,China,FDT01089cheek,2289502,217914,703293,1157011,33408,177876
Li,2021,CNP0000635,China,FDT01090cheek,1918573,80745,573066,1243596,12356,8810
Li,2021,CNP0000635,China,FDT01091cheek,1635141,145113,388942,870707,119077,111302
Li,2021,CNP0000635,China,FDT01092cheek,1351756,445268,117801,713371,63599,11717
Li,2021,CNP0000635,China,FDT01094cheek,14525058,107196,445601,13907426,22172,42663
Li,2021,CNP0000635,China,FDT01096cheek,10198744,86224,9302418,728703,63951,17448
Li,2021,CNP0000635,China,FDT01097cheek,16835716,25804,597358,16138401,52051,22102
Li,2021,CNP0000635,China,FDT01098cheek,4530679,454468,1110522,2923606,33343,8740
Li,2021,CNP0000635,China,FDT01099cheek,2502822,44321,537701,1112752,778779,29269
Li,2021,CNP0000635,China,FDT01100cheek,1016896,21486,311925,629682,15294,38509
Li,2021,CNP0000635,China,FDT01101cheek,6188300,472849,4379093,1074147,182861,79350
Li,2021,CNP0000635,China,FDT01102cheek,3381733,50577,1428173,1896959,4628,1396
Li,2021,CNP0000635,China,FDT01103cheek,3261093,133808,2582058,484666,49106,11455
Li,2021,CNP0000635,China,FDT01104cheek,3130850,82676,705969,2243277,64273,34655
Li,2021,CNP0000635,China,FDT01105cheek,5214518,29619,78021,5064328,30449,12101
Li,2021,CNP0000635,China,FDT01106cheek,1111798,33793,589091,432619,24683,31612
Li,2021,CNP0000635,China,FDT01107cheek,2577010,98481,193919,1876913,10486,397211
Li,2021,CNP0000635,China,FDT01108cheek,3828773,41326,327397,3430201,9820,20029
Li,2021,CNP0000635,China,FDT01110cheek,1301454,68288,830136,391106,5423,6501
Li,2021,CNP0000635,China,FDT01111cheek,10476853,18845,12712,10420481,6050,18765
Li,2021,CNP0000635,China,FDT01112cheek,1359763,6265,34923,1193472,7650,117453
Li,2021,CNP0000635,China,FDT01114cheek,1723097,36503,3421,1412315,14318,256540
Li,2021,CNP0000635,China,FDT01115cheek,3910337,76429,99098,3660259,48868,25683
Li,2021,CNP0000635,China,FDT01116cheek,1097181,6613,1804,1085448,2475,841
Li,2021,CNP0000635,China,FDT01117cheek,5636919,385034,3259936,1951161,37712,3076
Li,2021,CNP0000635,China,FDT01118cheek,11705451,83670,764583,10733923,78241,45034
Li,2021,CNP0000635,China,FDT01119cheek,5892894,119332,1405723,4331296,25374,11169
Li,2021,CNP0000635,China,FDT01120cheek,10726479,835324,66960,5433227,9903,4381065
Li,2021,CNP0000635,China,FDT01121cheek,2799119,147227,2106639,355679,95335,94239
Li,2021,CNP0000635,China,FDT01122cheek,3009076,105534,119720,2563143,96760,123919
Li,2021,CNP0000635,China,FDT01123cheek,2797509,56771,1014344,1643542,23804,59048
Li,2021,CNP0000635,China,FDT01124cheek,372574,56736,161528,145504,3388,5418
Li,2021,CNP0000635,China,FDT01125cheek,2347094,192914,1044877,778591,48038,282674
Li,2021,CNP0000635,China,FDT01126cheek,13795974,275760,9584122,2988612,49096,898384
Li,2021,CNP0000635,China,FDT01127cheek,5930619,249013,651746,4831361,27702,170797
Li,2021,CNP0000635,China,FDT01129cheek,3631262,96424,1689740,1306996,262120,275982
Li,2021,CNP0000635,China,FDT01130cheek,3008043,94930,96535,2760985,17092,38501
Li,2021,CNP0000635,China,FDT01131cheek,5170502,521913,2075004,2299593,266791,7201
Li,2021,CNP0000635,China,FDT01132cheek,3443428,100315,739742,2496802,52949,53620
Li,2021,CNP0000635,China,FDT01133cheek,11349080,248225,27114,10929550,27124,117067
Li,2021,CNP0000635,China,FDT01134cheek,3706086,130705,343012,2897192,311427,23750
Li,2021,CNP0000635,China,FDT01135cheek,2813882,21147,62068,2669172,12348,49147
Li,2021,CNP0000635,China,FDT01136cheek,8547687,108168,1338269,5761439,41322,1298489
Li,2021,CNP0000635,China,FDT01137cheek,1497191,29723,181800,1253401,17110,15157
Li,2021,CNP0000635,China,FDT01138cheek,6161471,95177,68237,5611331,14821,371905
Li,2021,CNP0000635,China,FDT01139cheek,22391153,120100,1162168,20847378,136239,125268
Li,2021,CNP0000635,China,FDT01140cheek,6717496,212224,4316244,2008290,113111,67627
Li,2021,CNP0000635,China,FDT01141cheek,2028352,54872,1240783,647340,44561,40796
Li,2021,CNP0000635,China,FDT01142cheek,6274599,481513,5091189,391009,247585,63303
Li,2021,CNP0000635,China,FDT01146cheek,5640642,120479,311668,4948133,37481,222881
Li,2021,CNP0000635,China,FDT01147cheek,5347998,452378,1841841,2962189,52245,39345
Li,2021,CNP0000635,China,FDT01148cheek,5973742,123319,85680,5372521,374770,17452
Li,2021,CNP0000635,China,FDT01149cheek,6452135,311987,50136,5917342,44133,128537
Li,2021,CNP0000635,China,FDT01151cheek,18107288,80780,396607,17284621,231878,113402
Li,2021,CNP0000635,China,FDT01152cheek,1734087,145286,209342,1085624,75072,218763
Li,2021,CNP0000635,China,FDT01153cheek,2975324,122997,47772,2744229,41005,19321
Li,2021,CNP0000635,China,FDT01154cheek,9420147,213409,338574,8759672,51300,57192
Li,2021,CNP0000635,China,FDT01155cheek,2955508,83116,42027,2734848,8280,87237
Li,2021,CNP0000635,China,FDT01156cheek,1988450,201388,1434857,178420,62734,111051
Li,2021,CNP0000635,China,FDT01157cheek,7563531,21690,7138429,311492,36320,55600
Li,2021,CNP0000635,China,FDT01158cheek,1287617,97076,1000945,134147,11364,44085
Li,2021,CNP0000635,China,FDT01159cheek,4873689,165112,2772265,1667239,214670,54403
Li,2021,CNP0000635,China,FDT01160cheek,19503272,242254,15627354,3370591,243884,19189
Li,2021,CNP0000635,China,FDT01161cheek,2184421,64767,1736967,281662,45880,55145
Li,2021,CNP0000635,China,FDT01162cheek,9947677,224912,1897355,7715372,70514,39524
Li,2021,CNP0000635,China,FDT01163cheek,6124702,105030,1180947,4822132,7494,9099
Li,2021,CNP0000635,China,FDT01164cheek,5888563,70727,20320,5494376,27378,275762
Li,2021,CNP0000635,China,FDT01165cheek,4165873,266344,1790314,1306751,337913,464551
Li,2021,CNP0000635,China,FDT01166cheek,1007452,45753,42044,877252,6030,36373
Li,2021,CNP0000635,China,FDT01167cheek,3688367,142685,778100,2713277,21024,33281
Li,2021,CNP0000635,China,FDT01168cheek,5515811,229596,198144,4857229,111359,119483
Li,2021,CNP0000635,China,FDT01169cheek,1137127,68719,456757,507837,30199,73615
Li,2021,CNP0000635,China,FDT01170cheek,3055490,33139,2516015,408939,31857,65540
Li,2021,CNP0000635,China,FDT01171cheek,3295758,121394,666806,2253654,161979,91925
Li,2021,CNP0000635,China,FDT01172cheek,381985,6611,184724,152845,7910,29895
Li,2021,CNP0000635,China,FDT01173cheek,1893355,71908,375226,1437658,3907,4656
Li,2021,CNP0000635,China,FDT01174cheek,21455839,580872,5399224,15356101,46223,73419
Li,2021,CNP0000635,China,FDT01175cheek,559968,26374,478641,44384,9783,786
Li,2021,CNP0000635,China,FDT01176cheek,3829388,99330,1211149,2467182,46217,5510
Li,2021,CNP0000635,China,FDT01177cheek,1336398,33261,979757,212414,24437,86529
Li,2021,CNP0000635,China,FDT01178cheek,3705405,148249,2304255,979850,21943,251108
Li,2021,CNP0000635,China,FDT01179cheek,3830633,116083,91125,3573593,10198,39634
Li,2021,CNP0000635,China,FDT01180cheek,6693992,255933,137274,5849468,13160,438157
Li,2021,CNP0000635,China,FDT01181cheek,25402494,40563,745443,24392210,193031,31247
Li,2021,CNP0000635,China,FDT01182cheek,10216398,3002823,6324399,468996,405092,15088
Li,2021,CNP0000635,China,FDT01183cheek,1360904,33079,56301,948429,11768,311327
Li,2021,CNP0000635,China,FDT01184cheek,15091241,57073,42142,14950528,7555,33943
Li,2021,CNP0000635,China,FDT01186cheek,1010809,27377,548062,410680,10451,14239
Li,2021,CNP0000635,China,FDT01187cheek,2558408,186072,465891,1748945,37373,120127
Li,2021,CNP0000635,China,FDT01188cheek,25138279,251274,934265,23809669,18468,124603
Li,2021,CNP0000635,China,FDT01190cheek,2888211,408218,308439,1664222,283596,223736
Li,2021,CNP0000635,China,FDT0864cheek,10583336,770103,5913124,3808456,41426,50227
Li,2021,CNP0000635,China,FDT0865cheek,5824803,164236,1827468,3509923,104444,218732
Li,2021,CNP0000635,China,FDT0867cheek,17347474,166525,13880746,1825381,1381326,93496
Li,2021,CNP0000635,China,FDT0868cheek,18609676,1147219,5760366,10869840,715526,116725
Li,2021,CNP0000635,China,FDT0869cheek,616507,24474,143290,337993,47319,63431
Li,2021,CNP0000635,China,FDT0870cheek,5691339,67863,5236428,327002,23598,36448
Li,2021,CNP0000635,China,FDT0871cheek,1927207,234596,734449,742800,39451,175911
Li,2021,CNP0000635,China,FDT0872cheek,679562,26058,279295,298398,15870,59941
Li,2021,CNP0000635,China,FDT0873cheek,614127,32291,74122,328590,12101,167023
Li,2021,CNP0000635,China,FDT0875cheek,4201373,42659,3117902,920373,84680,35759
Li,2021,CNP0000635,China,FDT0876cheek,19358044,184008,17918693,688974,220008,346361
Li,2021,CNP0000635,China,FDT0881cheek,14918829,826775,1882364,11824835,358736,26119
Li,2021,CNP0000635,China,FDT0884cheek,16149584,144744,47270,15861715,33697,62158
Li,2021,CNP0000635,China,FDT0886cheek,5303944,1161509,3556018,410825,145789,29803
Li,2021,CNP0000635,China,FDT0887cheek,8561227,781431,5224760,1927335,558609,69092
Li,2021,CNP0000635,China,FDT0888cheek,3973688,44542,1005678,2831874,33059,58535
Li,2021,CNP0000635,China,FDT0889cheek,588685,18251,16713,539468,6714,7539
Li,2021,CNP0000635,China,FDT0890cheek,1440536,59558,7110,1331814,15026,27028
Li,2021,CNP0000635,China,FDT0892cheek,2102515,10193,1208785,867003,9342,7192
Li,2021,CNP0000635,China,FDT0893cheek,5866190,105619,1162174,4511243,21656,65498
Li,2021,CNP0000635,China,FDT0895cheek,14860415,459802,639750,13354911,21197,384755
Li,2021,CNP0000635,China,FDT0896cheek,1935595,54311,215761,1635068,11750,18705
Li,2021,CNP0000635,China,FDT0897cheek,6875241,124499,260141,6461443,4880,24278
Li,2021,CNP0000635,China,FDT0898cheek,4506110,146192,1353198,2893746,43026,69948
Li,2021,CNP0000635,China,FDT0899cheek,2750256,166349,1973508,562495,12297,35607
Li,2021,CNP0000635,China,FDT0900cheek,1624921,145340,320429,988072,58503,112577
Li,2021,CNP0000635,China,FDT0901cheek,10458914,129088,2485785,7766745,20123,57173
Li,2021,CNP0000635,China,FDT0902cheek,7156905,33151,2884465,4208299,23860,7130
Li,2021,CNP0000635,China,FDT0903cheek,1382844,23427,163608,1192929,1443,1437
Li,2021,CNP0000635,China,FDT0904cheek,659444,29894,139481,449119,14622,26328
Li,2021,CNP0000635,China,FDT0905cheek,2625578,27102,1609005,968399,13783,7289
Li,2021,CNP0000635,China,FDT0906cheek,4359124,91649,517435,3740623,3881,5536
Li,2021,CNP0000635,China,FDT0907cheek,1629449,25191,96317,1487988,3465,16488
Li,2021,CNP0000635,China,FDT0909cheek,1696520,283993,826009,527193,56239,3086
Li,2021,CNP0000635,China,FDT0910cheek,3199777,12104,1471872,1705981,4242,5578
Li,2021,CNP0000635,China,FDT0911cheek,3600949,155195,1942661,1501046,347,1700
Li,2021,CNP0000635,China,FDT0912cheek,1630522,7322,80332,1539743,424,2701
Li,2021,CNP0000635,China,FDT0914cheek,1058852,90908,308649,624482,12513,22300
Li,2021,CNP0000635,China,FDT0916cheek,4486324,1000023,480134,2505945,96827,403395
Li,2021,CNP0000635,China,FDT0917cheek,4586219,54544,203030,4299341,10547,18757
Li,2021,CNP0000635,China,FDT0918cheek,850695,25862,443468,316226,8010,57129
Li,2021,CNP0000635,China,FDT0919cheek,3951113,56816,2362378,746725,17610,767584
Li,2021,CNP0000635,China,FDT0920cheek,3003676,39983,2514726,416143,11751,21073
Li,2021,CNP0000635,China,FDT0921cheek,4622394,73932,3929643,588163,24823,5833
Li,2021,CNP0000635,China,FDT0922cheek,1063741,29821,930953,93483,3347,6137
Li,2021,CNP0000635,China,FDT0923cheek,213854,12855,8302,180944,6969,4784
Li,2021,CNP0000635,China,FDT0924cheek,662357,8461,527191,124533,1434,738
Li,2021,CNP0000635,China,FDT0925cheek,5436111,133453,2269970,2978087,15477,39124
Li,2021,CNP0000635,China,FDT0926cheek,2904901,1357495,894091,394882,141456,116977
Li,2021,CNP0000635,China,FDT0929cheek,7387963,308253,72301,7001152,2132,4125
Li,2021,CNP0000635,China,FDT0930cheek,14041857,206745,12571104,1139536,66626,57846
Li,2021,CNP0000635,China,FDT0931cheek,3363321,92185,501794,2568324,23966,177052
Li,2021,CNP0000635,China,FDT0932cheek,13008660,69193,41382,12888829,5014,4242
Li,2021,CNP0000635,China,FDT0934cheek,2150120,146059,79541,1850906,58604,15010
Li,2021,CNP0000635,China,FDT0935cheek,3095033,45216,2730634,165019,87758,66406
Li,2021,CNP0000635,China,FDT0936cheek,8380127,132219,365949,7636836,159826,85297
Li,2021,CNP0000635,China,FDT0937cheek,743528,177103,165173,273729,12248,115275
Li,2021,CNP0000635,China,FDT0939cheek,15027707,24354,290818,14671344,32948,8243
Li,2021,CNP0000635,China,FDT0940cheek,5850284,51437,4645812,464100,651539,37396
Li,2021,CNP0000635,China,FDT0941cheek,1668537,293065,761896,268065,39178,306333
Li,2021,CNP0000635,China,FDT0942cheek,1350446,54486,12866,1268456,9916,4722
Li,2021,CNP0000635,China,FDT0944cheek,861767,29291,410681,234197,152565,35033
Li,2021,CNP0000635,China,FDT0945cheek,1062782,37457,699136,203608,94956,27625
Li,2021,CNP0000635,China,FDT0946cheek,6413661,243585,5563849,416414,164725,25088
Li,2021,CNP0000635,China,FDT0947cheek,380717,27297,46980,297106,8703,631
Li,2021,CNP0000635,China,FDT0948cheek,9023127,588432,1689545,6570269,161881,13000
Li,2021,CNP0000635,China,FDT0949cheek,1021443,82951,647768,233101,49183,8440
Li,2021,CNP0000635,China,FDT0950cheek,1633339,447557,165621,546308,176859,296994
Li,2021,CNP0000635,China,FDT0951cheek,10265707,156350,1907576,7893455,226549,81777
Li,2021,CNP0000635,China,FDT0952cheek,5052563,163416,3949842,398134,84791,456380
Li,2021,CNP0000635,China,FDT0955cheek,1913397,126134,235560,798910,407532,345261
Li,2021,CNP0000635,China,FDT0956cheek,505656,3217,345192,137166,14533,5548
Li,2021,CNP0000635,China,FDT0958cheek,3053540,53156,1335775,1651296,8602,4711
Li,2021,CNP0000635,China,FDT0960cheek,9427186,181899,175574,9047788,12859,9066
Li,2021,CNP0000635,China,FDT0961cheek,657143,53449,43520,515701,15930,28543
Li,2021,CNP0000635,China,FDT0964cheek,4295112,66355,3773995,433319,17932,3511
Li,2021,CNP0000635,China,FDT0966cheek,238337,4772,158550,70758,2928,1329
Li,2021,CNP0000635,China,FDT0967cheek,3038858,207798,1349043,1461970,14588,5459
Li,2021,CNP0000635,China,FDT0968cheek,10000478,225028,7888897,1845573,24047,16933
Li,2021,CNP0000635,China,FDT0969cheek,2104532,48000,148245,1885796,2774,19717
Li,2021,CNP0000635,China,FDT0971cheek,6148276,352594,4212710,1496777,59580,26615
Li,2021,CNP0000635,China,FDT0972cheek,1009885,57935,220295,669275,27309,35071
Li,2021,CNP0000635,China,FDT0973cheek,16372837,29429,16088700,245341,2708,6659
Li,2021,CNP0000635,China,FDT0975cheek,4325697,234759,1298215,2716799,13727,62197
Li,2021,CNP0000635,China,FDT0976cheek,2277137,13885,32415,2226555,356,3926
Li,2021,CNP0000635,China,FDT0977cheek,16096533,194027,529097,15353700,3714,15995
Li,2021,CNP0000635,China,FDT0978cheek,33161069,128603,481556,32516536,24712,9662
Li,2021,CNP0000635,China,FDT0979cheek,27742256,157511,307714,27202818,6002,68211
Li,2021,CNP0000635,China,FDT0980cheek,20357131,65519,41339,20231104,4046,15123
Li,2021,CNP0000635,China,FDT0981cheek,1794471,60238,482649,1061522,182962,7100
Li,2021,CNP0000635,China,FDT0982cheek,434680,8480,371642,50948,1993,1617
Li,2021,CNP0000635,China,FDT0983cheek,2672760,10949,966623,1686162,5474,3552
Li,2021,CNP0000635,China,FDT0984cheek,7105212,49098,40035,6898639,8451,108989
Li,2021,CNP0000635,China,FDT0985cheek,30512132,1274143,931904,28258682,32243,15160
Li,2021,CNP0000635,China,FDT0987cheek,15248997,88744,295138,14830281,20608,14226
Li,2021,CNP0000635,China,FDT0988cheek,15674399,68100,8149769,7371312,58879,26339
Li,2021,CNP0000635,China,FDT0990cheek,6436170,34252,1466677,4903295,23284,8662
Li,2021,CNP0000635,China,FDT0991cheek,13356262,125748,809245,12340315,29924,51030
Li,2021,CNP0000635,China,FDT0992cheek,5748459,17525,412489,5304752,9707,3986
Li,2021,CNP0000635,China,FDT0993cheek,6575116,246342,759589,5034279,413097,121809
Li,2021,CNP0000635,China,FDT0996cheek,27899080,272578,2486873,24915326,129419,94884
Li,2021,CNP0000635,China,FDT0997cheek,39715850,92861,5688004,33884212,14088,36685
Li,2021,CNP0000635,China,FDT0999cheek,16194611,29508,7019849,6483107,2573105,89042
Oh,2014,PRJNA46333,USA,MET0012,2312154,17804,2241980,15356,35459,1555
Oh,2014,PRJNA46333,USA,MET0050,563491,1773,524517,33723,2931,547
Oh,2014,PRJNA46333,USA,MET0074,1906256,610,1725253,174380,5527,486
Oh,2014,PRJNA46333,USA,MET0092,728579,9118,673051,17758,23812,4840
Oh,2014,PRJNA46333,USA,MET0136,8812759,12108,8240446,286566,219738,53901
Oh,2014,PRJNA46333,USA,MET0157,1219446,22071,742100,431418,22956,901
Oh,2014,PRJNA46333,USA,MET0185,783993,83971,633880,24540,35080,6522
Oh,2014,PRJNA46333,USA,MET0204,2394940,87357,1522321,500889,278364,6009
Oh,2014,PRJNA46333,USA,MET0221,4830112,73125,4557889,90783,104364,3951
Oh,2014,PRJNA46333,USA,MET0238,3232557,844,2818599,348030,59728,5356
Oh,2014,PRJNA46333,USA,MET0288,7962971,128631,5967138,1573483,245796,47923
Oh,2014,PRJNA46333,USA,MET0305,2447306,8323,2326419,78736,12453,21375
Voight,2022,PRJNA736108 (Germany),Europe,SCC-DE-002-HS2,32764,1998,17402,7280,5793,291
Voight,2022,PRJNA736108 (Germany),Europe,SCC-DE-005-HS1,108491,4213,15507,60913,27180,678
Voight,2022,PRJNA736108 (Germany),Europe,SCC-DE-005-HS2,347637,35993,27705,202459,79684,1796
Voight,2022,PRJNA736108 (Germany),Europe,SCC-DE-007-HS1,288629,31548,243187,10526,2298,1070
Voight,2022,PRJNA736108 (Germany),Europe,SCC-DE-007-HS2,778126,27461,720855,23188,3959,2663
Voight,2022,PRJNA736108 (Germany),Europe,SCC-DE-008-HS1,72264,1095,61267,5298,3819,785
Voight,2022,PRJNA736108 (Germany),Europe,SCC-DE-009-HS1,53456,5415,7920,33071,1231,5819
Voight,2022,PRJNA736108 (Germany),Europe,SCC-DE-009-HS2,31511,3333,13173,11510,1136,2359
Voight,2022,PRJNA736108 (Germany),Europe,SCC-DE-010-HS2,537297,3784,409591,46306,24657,52959
Voight,2022,PRJNA736108 (Germany),Europe,SCC-DE-011-HS1,55377,2712,6483,27053,14956,4173
Voight,2022,PRJNA736108 (Germany),Europe,SCC-DE-011-HS2,36827,270,1331,27049,6905,1272
Voight,2022,PRJNA736108 (Germany),Europe,SCC-DE-012-HS2,69432,3104,7328,43403,13682,1915
Voight,2022,PRJNA736108 (Germany),Europe,SCC-DE-014-HS2,4640,166,1153,1956,804,561
Voight,2022,PRJNA736108 (Germany),Europe,SCC-DE-015-HS1,49207,2496,10579,20957,3362,11813
Voight,2022,PRJNA736108 (Germany),Europe,SCC-DE-015-HS2,19002,727,9706,2409,5291,869
Voight,2022,PRJNA736108 (Germany),Europe,SCC-DE-016-HS2,446905,33594,232176,144072,32426,4637
Voight,2022,PRJNA736108 (Germany),Europe,SCC-DE-017-HS1,38821,526,1534,12413,24059,289
Voight,2022,PRJNA736108 (Germany),Europe,SCC-DE-018-HS1,114918,22056,27657,29796,28362,7047
Voight,2022,PRJNA736108 (Germany),Europe,SCC-DE-018-HS2,56359,12234,16681,13588,10668,3188
Voight,2022,PRJNA736108 (Germany),Europe,SCC-DE-019-HS1,123878,65646,31509,18919,3107,4697
Voight,2022,PRJNA736108 (Germany),Europe,SCC-DE-022-HS2,168223,4596,153611,7081,2547,388
Voight,2022,PRJNA736108 (Germany),Europe,SCC-DE-023-HS2,205298,12584,12337,165855,7496,7026
Voight,2022,PRJNA736108 (Germany),Europe,SCC-DE-025-HS1,50309,3617,25396,6786,13486,1024
Voight,2022,PRJNA736108 (Germany),Europe,SCC-DE-026-HS1,187970,20466,134883,21877,7229,3515
Voight,2022,PRJNA736108 (Germany),Europe,SCC-DE-026-HS2,61262,3580,44398,9389,1656,2239
Voight,2022,PRJNA736108 (Germany),Europe,SCC-DE-027-HS1,70871,430,66982,1007,2342,110
Voight,2022,PRJNA736108 (Germany),Europe,SCC-DE-028-HS2,182382,57894,67483,16800,38866,1339
Voight,2022,PRJNA736108 (Germany),Europe,SCC-DE-029-HS1,26108,268,22622,1635,959,624
Voight,2022,PRJNA736108 (Germany),Europe,SCC-DE-033-HS2,289434,12161,246135,11368,6594,13176
Voight,2022,PRJNA736108 (Germany),Europe,SCC-DE-035-HS1,36631,27479,5859,1779,1406,108
Voight,2022,PRJNA736108 (Germany),Europe,SCC-DE-035-HS2,12423,2208,8628,1096,398,93
Voight,2022,PRJNA736108 (Germany),Europe,SCC-DE-036-HS1,722026,11783,524655,182301,1555,1732
Voight,2022,PRJNA736108 (Germany),Europe,SCC-DE-036-HS2,984489,55751,68747,846680,6599,6712
Voight,2022,PRJNA736108 (Germany),Europe,SCC-DE-039-HS1,338945,26161,211981,55570,38665,6568
Voight,2022,PRJNA736108 (Germany),Europe,SCC-DE-042-HS1,569210,44297,376734,55765,91728,686
Voight,2022,PRJNA736108 (Germany),Europe,SCC-DE-042-HS2,279216,125015,93195,16890,43544,572
Voight,2022,PRJNA736108 (Germany),Europe,SCC-DE-044-HS1,95780,18248,37062,38123,1025,1322
Voight,2022,PRJNA736108 (Germany),Europe,SCC-DE-050-HS1,295345,25222,149938,85624,13050,21511
Voight,2022,PRJNA736108 (Germany),Europe,SCC-DE-052-HS1,172292,8463,157103,5035,1606,85
Voight,2022,PRJNA736108 (Germany),Europe,SCC-DE-052-HS2,144778,14953,124231,3521,1960,113
Voight,2022,PRJNA736108 (Germany),Europe,SCC-DE-054-HS1,25448,596,20611,2574,1358,309
Voight,2022,PRJNA736108 (Germany),Europe,SCC-DE-055-HS1,5761,172,1577,3064,114,834
Voight,2022,PRJNA736108 (Germany),Europe,SCC-DE-056-HS1,35590,4150,15486,9425,6126,403
Voight,2022,PRJNA736108 (Germany),Europe,SCC-DE-064-HS1,314676,34783,207964,49801,19524,2604
Voight,2022,PRJNA736108 (Germany),Europe,SCC-DE-064-HS2,7569,363,1286,711,5035,174
Voight,2022,PRJNA736108 (Germany),Europe,SCC-DE-067-HS1,468694,98859,248102,44199,58607,18927
Voight,2022,PRJNA736108 (Germany),Europe,SCC-DE-067-HS2,250447,89071,106110,30511,13869,10886
Voight,2022,PRJNA736108 (Germany),Europe,SCC-DE-068-HS2,56638,656,51990,3077,587,328
Voight,2022,PRJNA736108 (Germany),Europe,SCC-DE-070-HS1,484102,63035,359637,49436,5017,6977
Voight,2022,PRJNA736108 (Germany),Europe,SCC-DE-071-HS2,11938,384,7724,1361,1774,695
Voight,2022,PRJNA736108 (Germany),Europe,SCC-DE-074-HS1,126945,22913,42042,44252,13736,4002
Voight,2022,PRJNA736108 (Germany),Europe,SCC-DE-080-HS1,7088,1031,4541,756,753,7
Zhou,2023,PRJNA1040852,Europe,V10D,779907,9593,657319,84775,19983,8237
Zhou,2023,PRJNA1040852,Europe,V10G,1396533,24737,1016771,265639,35786,53600
Zhou,2023,PRJNA1040852,Europe,V11D,1511894,14853,1378562,31638,79636,7205
Zhou,2023,PRJNA1040852,Europe,V11G,11009116,124756,10047271,328188,458509,50392
Zhou,2023,PRJNA1040852,Europe,V12D,601369,10809,326283,153119,97917,13241
Zhou,2023,PRJNA1040852,Europe,V12G,991581,19200,631344,159256,156874,24907
Zhou,2023,PRJNA1040852,Europe,V13D,482680,9724,415817,37208,14663,5268
Zhou,2023,PRJNA1040852,Europe,V13G,269713,7451,224651,22690,9482,5439
Zhou,2023,PRJNA1040852,Europe,V14D,14405585,11814,14202154,100249,82656,8712
Zhou,2023,PRJNA1040852,Europe,V14G,15200621,26065,14835491,215163,109187,14715
Zhou,2023,PRJNA1040852,Europe,V15D,13407233,228441,12996889,94508,73029,14366
Zhou,2023,PRJNA1040852,Europe,V15G,4843397,257524,4309808,148158,69510,58397
Zhou,2023,PRJNA1040852,Europe,V16D,5256234,3109,4550338,669536,25523,7728
Zhou,2023,PRJNA1040852,Europe,V16G,4685435,4719,3838537,817117,13755,11307
Zhou,2023,PRJNA1040852,Europe,V18D,20784833,63747,20275869,52012,382133,11072
Zhou,2023,PRJNA1040852,Europe,V18G,20330927,344587,19503713,95902,366154,20571
Zhou,2023,PRJNA1040852,Europe,V19D,17511495,79872,17136289,144158,131984,19192
Zhou,2023,PRJNA1040852,Europe,V19G,8891996,43678,8564542,115876,154806,13094
Zhou,2023,PRJNA1040852,Europe,V1D,5037312,32793,4285721,167423,430056,121319
Zhou,2023,PRJNA1040852,Europe,V1G,9070590,80535,6994396,633809,980186,381664
Zhou,2023,PRJNA1040852,Europe,V20D,23052658,31139,22763985,143362,103141,11031
Zhou,2023,PRJNA1040852,Europe,V20G,14729052,47405,14355146,207346,83247,35908
Zhou,2023,PRJNA1040852,Europe,V21D,22814144,79273,21730881,197586,796146,10258
Zhou,2023,PRJNA1040852,Europe,V21G,8505401,37355,7799975,194731,464626,8714
Zhou,2023,PRJNA1040852,Europe,V23D,1673994,21948,1425660,119444,63635,43307
Zhou,2023,PRJNA1040852,Europe,V23G,1841429,17351,1458512,203563,19369,142634
Zhou,2023,PRJNA1040852,Europe,V25D,3485836,20984,3214555,140826,98749,10722
Zhou,2023,PRJNA1040852,Europe,V25G,3580112,16751,3261684,160242,123416,18019
Zhou,2023,PRJNA1040852,Europe,V26D,12778048,144883,11294246,412135,880876,45908
Zhou,2023,PRJNA1040852,Europe,V26G,6805616,63427,5479262,412703,805726,44498
Zhou,2023,PRJNA1040852,Europe,V27D,1713627,6554,1626850,18109,56926,5188
Zhou,2023,PRJNA1040852,Europe,V27G,1246534,13338,1115115,40822,59292,17967
Zhou,2023,PRJNA1040852,Europe,V28D,15039499,41369,14679629,142789,160988,14724
Zhou,2023,PRJNA1040852,Europe,V28G,8121389,70608,7616187,225139,146549,62906
Zhou,2023,PRJNA1040852,Europe,V29D,1129274,5691,859308,148213,24881,91181
Zhou,2023,PRJNA1040852,Europe,V29G,1948022,14564,1506142,233391,62802,131123
Zhou,2023,PRJNA1040852,Europe,V2G,560998,9837,436738,64854,38980,10589
Zhou,2023,PRJNA1040852,Europe,V30D,1150213,19280,882464,153049,72796,22624
Zhou,2023,PRJNA1040852,Europe,V30G,4566340,19082,3642905,610166,289046,5141
Zhou,2023,PRJNA1040852,Europe,V31D,5719670,27484,4839258,786028,54064,12836
Zhou,2023,PRJNA1040852,Europe,V31G,9085409,60471,8548965,178454,283769,13750
Zhou,2023,PRJNA1040852,Europe,V32D,1385999,21033,1197246,54264,108103,5353
Zhou,2023,PRJNA1040852,Europe,V32G,309564,17307,120510,100691,46000,25056
Zhou,2023,PRJNA1040852,Europe,V33D,244667,22186,86410,86572,30370,19129
Zhou,2023,PRJNA1040852,Europe,V33G,4147602,203319,3395483,197065,339643,12092
Zhou,2023,PRJNA1040852,Europe,V34D,5369806,214960,4007660,312541,750811,83834
Zhou,2023,PRJNA1040852,Europe,V34G,354886,9606,166439,147934,14222,16685
Zhou,2023,PRJNA1040852,Europe,V35D,369726,12321,149933,167952,19417,20103
Zhou,2023,PRJNA1040852,Europe,V35G,2404843,9768,2347260,33147,11177,3491
Zhou,2023,PRJNA1040852,Europe,V36D,1591209,5167,1551056,23070,7565,4351
Zhou,2023,PRJNA1040852,Europe,V36G,2780284,700794,1850678,155920,31384,41508
Zhou,2023,PRJNA1040852,Europe,V37D,5610479,1346504,2986367,875261,114152,288195
Zhou,2023,PRJNA1040852,Europe,V37G,1948022,14564,1506142,233391,62802,131123
Zhou,2023,PRJNA1040852,Europe,V38D,560998,9837,436738,64854,38980,10589
Zhou,2023,PRJNA1040852,Europe,V38G,1150213,19280,882464,153049,72796,22624
Zhou,2023,PRJNA1040852,Europe,V3D,1725577,8827,1269370,176669,258998,11713
Zhou,2023,PRJNA1040852,Europe,V3G,1849689,14923,1431604,238275,142686,22201
Zhou,2023,PRJNA1040852,Europe,V40D,4566340,19082,3642905,610166,289046,5141
Zhou,2023,PRJNA1040852,Europe,V40G,5719670,27484,4839258,786028,54064,12836
Zhou,2023,PRJNA1040852,Europe,V41D,9085409,60471,8548965,178454,283769,13750
Zhou,2023,PRJNA1040852,Europe,V41G,1385999,21033,1197246,54264,108103,5353
Zhou,2023,PRJNA1040852,Europe,V42D,309564,17307,120510,100691,46000,25056
Zhou,2023,PRJNA1040852,Europe,V42G,244667,22186,86410,86572,30370,19129
Zhou,2023,PRJNA1040852,Europe,V43D,4147602,203319,3395483,197065,339643,12092
Zhou,2023,PRJNA1040852,Europe,V43G,5369806,214960,4007660,312541,750811,83834
Zhou,2023,PRJNA1040852,Europe,V44D,1981577,24554,1711594,200922,9708,34799
Zhou,2023,PRJNA1040852,Europe,V44G,2972307,132767,2168703,482091,84358,104388
Zhou,2023,PRJNA1040852,Europe,V45D,354886,9606,166439,147934,14222,16685
Zhou,2023,PRJNA1040852,Europe,V45G,369726,12321,149933,167952,19417,20103
Zhou,2023,PRJNA1040852,Europe,V46D,8657558,167611,7272143,648526,497419,71859
Zhou,2023,PRJNA1040852,Europe,V46G,7227212,93718,6435614,347869,319537,30474
Zhou,2023,PRJNA1040852,Europe,V47D,8520789,34398,8075610,253611,89284,67886
Zhou,2023,PRJNA1040852,Europe,V47G,10597568,44425,9670181,530933,65821,286208
Zhou,2023,PRJNA1040852,Europe,V48D,3122085,180076,1926896,751972,198608,64533
Zhou,2023,PRJNA1040852,Europe,V48G,11348253,444919,6880556,3269567,519538,233673
Zhou,2023,PRJNA1040852,Europe,V4D,779907,9593,657319,84775,19983,8237
Zhou,2023,PRJNA1040852,Europe,V4G,1396533,24737,1016771,265639,35786,53600
Zhou,2023,PRJNA1040852,Europe,V51D,27045262,116484,25642957,566378,637670,81773
Zhou,2023,PRJNA1040852,Europe,V51G,14760428,429294,12985200,635032,342840,368062
Zhou,2023,PRJNA1040852,Europe,V52D,1150884,35301,623061,212579,201453,78490
Zhou,2023,PRJNA1040852,Europe,V52G,340260,18341,153685,101148,27693,39393
Zhou,2023,PRJNA1040852,Europe,V53D,765474,158435,489864,83523,27723,5929
Zhou,2023,PRJNA1040852,Europe,V53G,749032,116412,485606,103787,32398,10829
Zhou,2023,PRJNA1040852,Europe,V54D,5929672,192118,5269429,253013,197504,17608
Zhou,2023,PRJNA1040852,Europe,V54G,5271087,256412,4501804,325944,145119,41808
Zhou,2023,PRJNA1040852,Europe,V55D,1642389,4993,1534584,41241,59370,2201
Zhou,2023,PRJNA1040852,Europe,V55G,4416118,25896,4025360,184527,174016,6319
Zhou,2023,PRJNA1040852,Europe,V56D,4338083,390569,2582697,1241500,86272,37045
Zhou,2023,PRJNA1040852,Europe,V56G,10278051,649831,5884709,3525763,181577,36171
Zhou,2023,PRJNA1040852,Europe,V57D,2404843,9768,2347260,33147,11177,3491
Zhou,2023,PRJNA1040852,Europe,V57G,1591209,5167,1551056,23070,7565,4351
Zhou,2023,PRJNA1040852,Europe,V58D,2780284,700794,1850678,155920,31384,41508
Zhou,2023,PRJNA1040852,Europe,V58G,5610479,1346504,2986367,875261,114152,288195
Zhou,2023,PRJNA1040852,Europe,V5D,1511894,14853,1378562,31638,79636,7205
Zhou,2023,PRJNA1040852,Europe,V5G,11009116,124756,10047271,328188,458509,50392
Zhou,2023,PRJNA1040852,Europe,V7D,601369,10809,326283,153119,97917,13241
Zhou,2023,PRJNA1040852,Europe,V7G,991581,19200,631344,159256,156874,24907
Zhou,2023,PRJNA1040852,Europe,V8D,868114,164250,489208,145318,48429,20909
Zhou,2023,PRJNA1040852,Europe,V8G,628814,98479,367084,91393,61359,10499
Zhou,2023,PRJNA1040852,Europe,V9D,548939,22471,313338,146081,62325,4724
Zhou,2023,PRJNA1040852,Europe,V9G,243592,9373,125250,77678,27945,3346