#rname,startpos,endpos,numreads,covbases,coverage,meandepth,meanbaseq,meanmapq,filename
NC_028967.1,1,29605,54,3885,13.1228,0.177504,35.4,16.0,AN01_Pore_WGS_ref_Pacnes_phage_NC028967_cov.tsv
NC_028967.1,1,29605,60,4527,15.2913,0.196217,35.9,24.8,AN02_Pore_WGS_ref_Pacnes_phage_NC028967_cov.tsv
NC_028967.1,1,29605,8,578,1.95237,0.0255362,36.5,14.8,AN03_Pore_WGS_ref_Pacnes_phage_NC028967_cov.tsv
NC_028967.1,1,29605,1228,23092,78.0003,4.03672,35.4,21.9,AN08_Pore_WGS_ref_Pacnes_phage_NC028967_cov.tsv
NC_028967.1,1,29605,4,308,1.04036,0.0136463,34.9,15.5,AN09_Pore_WGS_ref_Pacnes_phage_NC028967_cov.tsv
NC_028967.1,1,29605,10,817,2.75967,0.0328998,34.3,23.0,AN10_Pore_WGS_ref_Pacnes_phage_NC028967_cov.tsv
NC_028967.1,1,29605,284,13655,46.124,0.93876,34.4,12.3,AN11_Swab_WGS_ref_Pacnes_phage_NC028967_cov.tsv
NC_028967.1,1,29605,20,1631,5.5092,0.0656984,34.7,15.8,AN12_Swab_WGS_ref_Pacnes_phage_NC028967_cov.tsv
NC_028967.1,1,29605,1916,25914,87.5325,6.33417,35.1,23.1,AN13_Swab_WGS_ref_Pacnes_phage_NC028967_cov.tsv
NC_028967.1,1,29605,240,12756,43.0873,0.789731,34.0,20.7,AN14_Swab_WGS_ref_Pacnes_phage_NC028967_cov.tsv
NC_028967.1,1,29605,36,2374,8.01892,0.11238,34.8,23.8,AN15_Swab_WGS_ref_Pacnes_phage_NC028967_cov.tsv
NC_028967.1,1,29605,1476,25526,86.2219,4.88691,34.3,20.8,AN16_Swab_WGS_ref_Pacnes_phage_NC028967_cov.tsv
NC_028967.1,1,29605,1232,25495,86.1172,4.06992,34.5,21.4,AN17_Swab_WGS_ref_Pacnes_phage_NC028967_cov.tsv
NC_028967.1,1,29605,1164,24042,81.2093,3.86137,34.6,16.4,AN18_Swab_WGS_ref_Pacnes_phage_NC028967_cov.tsv
NC_028967.1,1,29605,94,7415,25.0464,0.310285,33.3,16.6,AN20_Swab_WGS_ref_Pacnes_phage_NC028967_cov.tsv
NC_028967.1,1,29605,54,2848,9.62,0.129505,36.8,23.5,ConcatenatedReads_10AA_TP_5_all_ref_Pacnes_phage_NC028967_cov.tsv
NC_028967.1,1,29605,20932,27051,91.3731,51.3279,36.4,17.3,ConcatenatedReads_10PB_TP_5_all_ref_Pacnes_phage_NC028967_cov.tsv
NC_028967.1,1,29605,46,2418,8.16754,0.111839,36.7,21.7,ConcatenatedReads_11PA_TP_4_all_ref_Pacnes_phage_NC028967_cov.tsv
NC_028967.1,1,29605,26,1415,4.7796,0.0648539,36.9,15.3,ConcatenatedReads_13PA_TP_4_all_ref_Pacnes_phage_NC028967_cov.tsv
NC_028967.1,1,29605,974,21992,74.2847,2.4303,35.6,21.6,ConcatenatedReads_13PB_TP_1_all_ref_Pacnes_phage_NC028967_cov.tsv
NC_028967.1,1,29605,118,4842,16.3553,0.284715,36.7,23.7,ConcatenatedReads_14AA_TP_3_all_ref_Pacnes_phage_NC028967_cov.tsv
NC_028967.1,1,29605,25910,27907,94.2645,64.3088,36.4,27.7,ConcatenatedReads_14PA_TP_2_all_ref_Pacnes_phage_NC028967_cov.tsv
NC_028967.1,1,29605,126,5647,19.0745,0.308765,36.6,17.0,ConcatenatedReads_15AA_TP_5_all_ref_Pacnes_phage_NC028967_cov.tsv
NC_028967.1,1,29605,104,5191,17.5342,0.253403,36.9,17.7,ConcatenatedReads_15AB_TP_4_all_ref_Pacnes_phage_NC028967_cov.tsv
NC_028967.1,1,29605,35280,27850,94.0719,87.5109,36.2,27.8,ConcatenatedReads_16PB_TP_3_all_ref_Pacnes_phage_NC028967_cov.tsv
NC_028967.1,1,29605,100,4462,15.0718,0.236109,36.6,24.1,ConcatenatedReads_17AA_TP_1_all_ref_Pacnes_phage_NC028967_cov.tsv
NC_028967.1,1,29605,2690,24777,83.6919,6.64557,36.2,19.9,ConcatenatedReads_19AA_TP_1_all_ref_Pacnes_phage_NC028967_cov.tsv
NC_028967.1,1,29605,30958,28822,97.3552,76.7922,36.4,25.2,ConcatenatedReads_1PB_TP_2_all_ref_Pacnes_phage_NC028967_cov.tsv
NC_028967.1,1,29605,72,3494,11.8021,0.177301,36.6,17.2,ConcatenatedReads_21AA_TP_1_all_ref_Pacnes_phage_NC028967_cov.tsv
NC_028967.1,1,29605,15030,26987,91.1569,37.3494,36.4,21.0,ConcatenatedReads_21PA_TP_5_all_ref_Pacnes_phage_NC028967_cov.tsv
NC_028967.1,1,29605,16,756,2.55362,0.0389799,36.9,24.6,ConcatenatedReads_22AA_TP_1_all_ref_Pacnes_phage_NC028967_cov.tsv
NC_028967.1,1,29605,28,1215,4.10404,0.0652592,36.8,21.9,ConcatenatedReads_24AA_TP_3_all_ref_Pacnes_phage_NC028967_cov.tsv
NC_028967.1,1,29605,10406,26542,89.6538,25.1206,36.7,22.3,ConcatenatedReads_2AA_TP_5_all_ref_Pacnes_phage_NC028967_cov.tsv
NC_028967.1,1,29605,68,3633,12.2716,0.167911,36.9,23.2,ConcatenatedReads_2AB_TP_5_all_ref_Pacnes_phage_NC028967_cov.tsv
NC_028967.1,1,29605,96,5944,20.0777,0.242831,34.6,21.0,ConcatenatedReads_2PA_TP_3_all_ref_Pacnes_phage_NC028967_cov.tsv
NC_028967.1,1,29605,7756,27833,94.0145,19.5848,34.4,20.7,ConcatenatedReads_2PB_TP_1_all_ref_Pacnes_phage_NC028967_cov.tsv
NC_028967.1,1,29605,144,7174,24.2324,0.353656,36.4,20.6,ConcatenatedReads_3AA_TP_2_all_ref_Pacnes_phage_NC028967_cov.tsv
NC_028967.1,1,29605,4324,26261,88.7046,10.9175,34.4,23.4,ConcatenatedReads_3PA_TP_2_all_ref_Pacnes_phage_NC028967_cov.tsv
NC_028967.1,1,29605,18,1081,3.65141,0.044756,35.0,23.2,ConcatenatedReads_4AA_TP_1_all_ref_Pacnes_phage_NC028967_cov.tsv
NC_028967.1,1,29605,36,1953,6.59686,0.0894444,36.7,17.4,ConcatenatedReads_5AB_TP_3_all_ref_Pacnes_phage_NC028967_cov.tsv
NC_028967.1,1,29605,4,234,0.790407,0.0101334,35.3,25.0,ConcatenatedReads_5PA_TP_1_all_ref_Pacnes_phage_NC028967_cov.tsv
NC_028967.1,1,29605,156290,29072,98.1996,393.465,34.4,22.3,ConcatenatedReads_5PB_TP_3_all_ref_Pacnes_phage_NC028967_cov.tsv
NC_028967.1,1,29605,44,2231,7.53589,0.108124,36.1,27.0,ConcatenatedReads_7AB_TP_3_all_ref_Pacnes_phage_NC028967_cov.tsv
NC_028967.1,1,29605,14,809,2.73265,0.035467,36.9,32.4,ConcatenatedReads_7PA_TP_5_all_ref_Pacnes_phage_NC028967_cov.tsv
NC_028967.1,1,29605,35932,28143,95.0616,90.4358,34.4,22.0,ConcatenatedReads_7PB_TP_4_all_ref_Pacnes_phage_NC028967_cov.tsv
NC_028967.1,1,29605,14,797,2.69211,0.0344199,34.0,19.0,ConcatenatedReads_8AB_TP_4_all_ref_Pacnes_phage_NC028967_cov.tsv
NC_028967.1,1,29605,22,1493,5.04307,0.0546867,33.8,21.3,ConcatenatedReads_8AC_TP_4_all_ref_Pacnes_phage_NC028967_cov.tsv
NC_028967.1,1,29605,74,4605,15.5548,0.184057,34.2,20.4,ConcatenatedReads_8PA_TP_3_all_ref_Pacnes_phage_NC028967_cov.tsv
NC_028967.1,1,29605,44076,24223,81.8206,108.488,36.4,21.4,ConcatenatedReads_8PB_TP_5_all_ref_Pacnes_phage_NC028967_cov.tsv
NC_028967.1,1,29605,484,17005,57.4396,1.19615,36.2,22.9,ConcatenatedReads_TCL_TP_2_all_ref_Pacnes_phage_NC028967_cov.tsv
NC_028967.1,1,29605,17260,24352,82.2564,52.7563,35.3,7.58,FDT01001cheek_ref_Pacnes_phage_NC028967_cov.tsv
NC_028967.1,1,29605,41024,24169,81.6382,125.325,35.4,8.68,FDT01002cheek_ref_Pacnes_phage_NC028967_cov.tsv
NC_028967.1,1,29605,19774,21473,72.5317,60.2801,35.4,14.4,FDT01003cheek_ref_Pacnes_phage_NC028967_cov.tsv
NC_028967.1,1,29605,52,1950,6.58673,0.160007,34.9,8.35,FDT01004cheek_ref_Pacnes_phage_NC028967_cov.tsv
NC_028967.1,1,29605,208,1947,6.57659,0.603952,35.5,8.33,FDT01005cheek_ref_Pacnes_phage_NC028967_cov.tsv
NC_028967.1,1,29605,66,2852,9.63351,0.203175,35.0,5.39,FDT01006cheek_ref_Pacnes_phage_NC028967_cov.tsv
NC_028967.1,1,29605,1848,15784,53.3153,5.69738,35.0,7.83,FDT01007cheek_ref_Pacnes_phage_NC028967_cov.tsv
NC_028967.1,1,29605,67642,25498,86.1273,207.895,35.3,7.74,FDT01010cheek_ref_Pacnes_phage_NC028967_cov.tsv
NC_028967.1,1,29605,5640,24931,84.2121,17.2002,34.9,8.85,FDT01011cheek_ref_Pacnes_phage_NC028967_cov.tsv
NC_028967.1,1,29605,64064,25430,85.8977,197.374,35.3,10.9,FDT01012cheek_ref_Pacnes_phage_NC028967_cov.tsv
NC_028967.1,1,29605,107334,25136,84.9046,334.422,35.2,6.89,FDT01013cheek_ref_Pacnes_phage_NC028967_cov.tsv
NC_028967.1,1,29605,14624,20850,70.4273,45.0595,35.3,6.29,FDT01014cheek_ref_Pacnes_phage_NC028967_cov.tsv
NC_028967.1,1,29605,3654,21999,74.3084,11.2637,34.9,11.1,FDT01016cheek_ref_Pacnes_phage_NC028967_cov.tsv
NC_028967.1,1,29605,12234,21904,73.9875,38.2663,34.8,13.7,FDT01017cheek_ref_Pacnes_phage_NC028967_cov.tsv
NC_028967.1,1,29605,15388,23365,78.9225,47.7441,34.6,9.9,FDT01018cheek_ref_Pacnes_phage_NC028967_cov.tsv
NC_028967.1,1,29605,28,1870,6.3165,0.0888701,34.5,8.14,FDT01019cheek_ref_Pacnes_phage_NC028967_cov.tsv
NC_028967.1,1,29605,752104,27289,92.177,2408.11,34.9,8.05,FDT01020cheek_ref_Pacnes_phage_NC028967_cov.tsv
NC_028967.1,1,29605,28,1649,5.57001,0.0876203,32.2,8.93,FDT01021cheek_ref_Pacnes_phage_NC028967_cov.tsv
NC_028967.1,1,29605,24556,22655,76.5242,75.5025,35.0,12.5,FDT01022cheek_ref_Pacnes_phage_NC028967_cov.tsv
NC_028967.1,1,29605,30716,23246,78.5205,94.0849,35.1,5.72,FDT01023cheek_ref_Pacnes_phage_NC028967_cov.tsv
NC_028967.1,1,29605,900,12650,42.7293,2.74788,34.5,6.45,FDT01024cheek_ref_Pacnes_phage_NC028967_cov.tsv
NC_028967.1,1,29605,11280,22343,75.4704,34.3554,34.6,6.61,FDT01025cheek_ref_Pacnes_phage_NC028967_cov.tsv
NC_028967.1,1,29605,9420,24680,83.3643,29.2557,34.6,8.91,FDT01028cheek_ref_Pacnes_phage_NC028967_cov.tsv
NC_028967.1,1,29605,3408,18072,61.0437,10.36,35.0,6.17,FDT01030cheek_ref_Pacnes_phage_NC028967_cov.tsv
NC_028967.1,1,29605,1594,11987,40.4898,4.88141,34.9,8.42,FDT01031cheek_ref_Pacnes_phage_NC028967_cov.tsv
NC_028967.1,1,29605,4366,14652,49.4916,13.2262,34.8,4.78,FDT01038cheek_ref_Pacnes_phage_NC028967_cov.tsv
NC_028967.1,1,29605,676,7833,26.4584,2.06259,34.7,7.11,FDT01039cheek_ref_Pacnes_phage_NC028967_cov.tsv
NC_028967.1,1,29605,198,3117,10.5286,0.599257,33.9,7.37,FDT01040cheek_ref_Pacnes_phage_NC028967_cov.tsv
NC_028967.1,1,29605,12790,24885,84.0567,39.1967,33.7,9.91,FDT01041cheek_ref_Pacnes_phage_NC028967_cov.tsv
NC_028967.1,1,29605,5160,19100,64.5161,15.978,33.8,11.9,FDT01042cheek_ref_Pacnes_phage_NC028967_cov.tsv
NC_028967.1,1,29605,11376,22354,75.5075,35.156,34.8,7.05,FDT01045cheek_ref_Pacnes_phage_NC028967_cov.tsv
NC_028967.1,1,29605,107798,26694,90.1672,335.513,35.0,11.1,FDT01047cheek_ref_Pacnes_phage_NC028967_cov.tsv
NC_028967.1,1,29605,102466,25756,86.9988,319.011,35.0,8.1,FDT01048cheek_ref_Pacnes_phage_NC028967_cov.tsv
NC_028967.1,1,29605,532,8195,27.6811,1.64091,35.1,6.47,FDT01049cheek_ref_Pacnes_phage_NC028967_cov.tsv
NC_028967.1,1,29605,118,3065,10.353,0.363959,34.2,14.8,FDT01050cheek_ref_Pacnes_phage_NC028967_cov.tsv
NC_028967.1,1,29605,32382,24189,81.7058,100.964,34.8,5.5,FDT01051cheek_ref_Pacnes_phage_NC028967_cov.tsv
NC_028967.1,1,29605,942,7011,23.6818,2.90187,34.4,9.86,FDT01052cheek_ref_Pacnes_phage_NC028967_cov.tsv
NC_028967.1,1,29605,808,8011,27.0596,2.51589,34.4,10.8,FDT01054cheek_ref_Pacnes_phage_NC028967_cov.tsv
NC_028967.1,1,29605,3666,16188,54.68,11.1865,34.8,8.89,FDT01056cheek_ref_Pacnes_phage_NC028967_cov.tsv
NC_028967.1,1,29605,6942,7893,26.661,21.4877,34.9,8.49,FDT01058cheek_ref_Pacnes_phage_NC028967_cov.tsv
NC_028967.1,1,29605,6906,11374,38.4192,21.1552,35.0,7.06,FDT01059cheek_ref_Pacnes_phage_NC028967_cov.tsv
NC_028967.1,1,29605,340,11112,37.5342,1.06357,34.5,8.92,FDT01060cheek_ref_Pacnes_phage_NC028967_cov.tsv
NC_028967.1,1,29605,22,1043,3.52305,0.066813,34.5,9.36,FDT01061cheek_ref_Pacnes_phage_NC028967_cov.tsv
NC_028967.1,1,29605,46,1947,6.57659,0.139875,34.8,5.7,FDT01062cheek_ref_Pacnes_phage_NC028967_cov.tsv
NC_028967.1,1,29605,22856,24046,81.2228,70.7783,35.0,13.4,FDT01063cheek_ref_Pacnes_phage_NC028967_cov.tsv
NC_028967.1,1,29605,3376,14488,48.9377,10.5011,35.0,5.14,FDT01064cheek_ref_Pacnes_phage_NC028967_cov.tsv
NC_028967.1,1,29605,616,8680,29.3194,1.89772,34.7,7.07,FDT01065cheek_ref_Pacnes_phage_NC028967_cov.tsv
NC_028967.1,1,29605,1164,7132,24.0905,3.59777,34.9,9.95,FDT01067cheek_ref_Pacnes_phage_NC028967_cov.tsv
NC_028967.1,1,29605,9800,12158,41.0674,30.1468,34.7,11.2,FDT01068cheek_ref_Pacnes_phage_NC028967_cov.tsv
NC_028967.1,1,29605,256,2961,10.0017,0.791285,34.9,8.49,FDT01070cheek_ref_Pacnes_phage_NC028967_cov.tsv
NC_028967.1,1,29605,832,9089,30.7009,2.55244,34.8,9.36,FDT01074cheek_ref_Pacnes_phage_NC028967_cov.tsv
NC_028967.1,1,29605,1542,13822,46.6881,4.7617,34.7,7.74,FDT01075cheek_ref_Pacnes_phage_NC028967_cov.tsv
NC_028967.1,1,29605,774,4847,16.3722,2.29806,33.8,9.69,FDT01076cheek_ref_Pacnes_phage_NC028967_cov.tsv
NC_028967.1,1,29605,94,2262,7.6406,0.283668,33.3,5.32,FDT01077cheek_ref_Pacnes_phage_NC028967_cov.tsv
NC_028967.1,1,29605,5218,16318,55.1191,15.9953,34.6,8.13,FDT01082cheek_ref_Pacnes_phage_NC028967_cov.tsv
NC_028967.1,1,29605,7406,9194,31.0556,22.1953,35.4,11.1,FDT01083cheek_ref_Pacnes_phage_NC028967_cov.tsv
NC_028967.1,1,29605,2,199,0.672184,0.00672184,26.4,0.0,FDT01085cheek_ref_Pacnes_phage_NC028967_cov.tsv
NC_028967.1,1,29605,2348,13098,44.2425,7.09039,34.6,7.43,FDT01086cheek_ref_Pacnes_phage_NC028967_cov.tsv
NC_028967.1,1,29605,16576,16003,54.0551,51.2257,34.6,7.36,FDT01087cheek_ref_Pacnes_phage_NC028967_cov.tsv
NC_028967.1,1,29605,13804,24664,83.3103,43.1041,34.8,10.8,FDT01088cheek_ref_Pacnes_phage_NC028967_cov.tsv
NC_028967.1,1,29605,576,10710,36.1763,1.81365,34.6,10.1,FDT01089cheek_ref_Pacnes_phage_NC028967_cov.tsv
NC_028967.1,1,29605,220,6835,23.0873,0.66813,34.4,3.03,FDT01090cheek_ref_Pacnes_phage_NC028967_cov.tsv
NC_028967.1,1,29605,266,5785,19.5406,0.821449,34.7,10.8,FDT01091cheek_ref_Pacnes_phage_NC028967_cov.tsv
NC_028967.1,1,29605,422,5319,17.9666,1.26891,35.0,10.1,FDT01092cheek_ref_Pacnes_phage_NC028967_cov.tsv
NC_028967.1,1,29605,182,5143,17.3721,0.55592,35.0,7.09,FDT01097cheek_ref_Pacnes_phage_NC028967_cov.tsv
NC_028967.1,1,29605,1742,13065,44.1311,5.26344,34.8,7.23,FDT01102cheek_ref_Pacnes_phage_NC028967_cov.tsv
NC_028967.1,1,29605,8,548,1.85104,0.0244891,32.9,13.8,FDT01105cheek_ref_Pacnes_phage_NC028967_cov.tsv
NC_028967.1,1,29605,624,4668,15.7676,1.90819,34.5,5.89,FDT01107cheek_ref_Pacnes_phage_NC028967_cov.tsv
NC_028967.1,1,29605,4,293,0.989698,0.0122614,34.7,0.0,FDT01111cheek_ref_Pacnes_phage_NC028967_cov.tsv
NC_028967.1,1,29605,28,1444,4.87755,0.0886675,36.0,3.21,FDT01112cheek_ref_Pacnes_phage_NC028967_cov.tsv
NC_028967.1,1,29605,0,0,0.0,0.0,0.0,0.0,FDT01114cheek_ref_Pacnes_phage_NC028967_cov.tsv
NC_028967.1,1,29605,286,4981,16.8249,0.879716,34.8,8.16,FDT01115cheek_ref_Pacnes_phage_NC028967_cov.tsv
NC_028967.1,1,29605,0,0,0.0,0.0,0.0,0.0,FDT01116cheek_ref_Pacnes_phage_NC028967_cov.tsv
NC_028967.1,1,29605,1644,13531,45.7051,5.1547,34.7,4.12,FDT01117cheek_ref_Pacnes_phage_NC028967_cov.tsv
NC_028967.1,1,29605,14,1050,3.5467,0.0428306,34.2,15.7,FDT01118cheek_ref_Pacnes_phage_NC028967_cov.tsv
NC_028967.1,1,29605,1124,9585,32.3763,3.49357,35.4,3.46,FDT01119cheek_ref_Pacnes_phage_NC028967_cov.tsv
NC_028967.1,1,29605,64,2134,7.20824,0.196825,34.5,10.0,FDT01120cheek_ref_Pacnes_phage_NC028967_cov.tsv
NC_028967.1,1,29605,2,172,0.580983,0.00675562,34.4,3.0,FDT01121cheek_ref_Pacnes_phage_NC028967_cov.tsv
NC_028967.1,1,29605,32,2287,7.72505,0.0996791,34.1,6.75,FDT01122cheek_ref_Pacnes_phage_NC028967_cov.tsv
NC_028967.1,1,29605,290,6331,21.3849,0.89289,35.0,6.35,FDT01123cheek_ref_Pacnes_phage_NC028967_cov.tsv
NC_028967.1,1,29605,54,1753,5.9213,0.17041,34.7,7.52,FDT01124cheek_ref_Pacnes_phage_NC028967_cov.tsv
NC_028967.1,1,29605,2188,6629,22.3915,6.7699,34.6,6.56,FDT01125cheek_ref_Pacnes_phage_NC028967_cov.tsv
NC_028967.1,1,29605,250,3966,13.3964,0.772741,35.2,5.09,FDT01126cheek_ref_Pacnes_phage_NC028967_cov.tsv
NC_028967.1,1,29605,172,3438,11.6129,0.512582,34.6,8.78,FDT01127cheek_ref_Pacnes_phage_NC028967_cov.tsv
NC_028967.1,1,29605,6018,16917,57.1424,18.9199,35.2,6.52,FDT01129cheek_ref_Pacnes_phage_NC028967_cov.tsv
NC_028967.1,1,29605,32,1464,4.94511,0.0986995,34.3,6.31,FDT01130cheek_ref_Pacnes_phage_NC028967_cov.tsv
NC_028967.1,1,29605,3468,14147,47.7858,10.6419,35.1,5.52,FDT01131cheek_ref_Pacnes_phage_NC028967_cov.tsv
NC_028967.1,1,29605,3038,15106,51.0252,9.33694,34.8,10.1,FDT01132cheek_ref_Pacnes_phage_NC028967_cov.tsv
NC_028967.1,1,29605,50,1438,4.85729,0.1519,34.8,7.08,FDT01135cheek_ref_Pacnes_phage_NC028967_cov.tsv
NC_028967.1,1,29605,84,4126,13.9368,0.260665,35.0,3.76,FDT01136cheek_ref_Pacnes_phage_NC028967_cov.tsv
NC_028967.1,1,29605,34,1458,4.92484,0.10353,35.8,3.35,FDT01137cheek_ref_Pacnes_phage_NC028967_cov.tsv
NC_028967.1,1,29605,16,746,2.51984,0.0476946,35.8,0.75,FDT01138cheek_ref_Pacnes_phage_NC028967_cov.tsv
NC_028967.1,1,29605,2216,11299,38.1659,6.79041,34.8,10.3,FDT01139cheek_ref_Pacnes_phage_NC028967_cov.tsv
NC_028967.1,1,29605,244,5290,17.8686,0.741935,34.4,7.51,FDT01141cheek_ref_Pacnes_phage_NC028967_cov.tsv
NC_028967.1,1,29605,410,7174,24.2324,1.26857,35.2,6.1,FDT01142cheek_ref_Pacnes_phage_NC028967_cov.tsv
NC_028967.1,1,29605,180,2732,9.22817,0.562912,34.9,3.52,FDT01146cheek_ref_Pacnes_phage_NC028967_cov.tsv
NC_028967.1,1,29605,14,1117,3.77301,0.0438777,35.8,10.3,FDT01147cheek_ref_Pacnes_phage_NC028967_cov.tsv
NC_028967.1,1,29605,402,3919,13.2376,1.24016,35.1,8.52,FDT01148cheek_ref_Pacnes_phage_NC028967_cov.tsv
NC_028967.1,1,29605,1744,10517,35.5244,5.47509,34.8,6.85,FDT01151cheek_ref_Pacnes_phage_NC028967_cov.tsv
NC_028967.1,1,29605,118,4428,14.9569,0.361561,35.0,4.51,FDT01152cheek_ref_Pacnes_phage_NC028967_cov.tsv
NC_028967.1,1,29605,494,7561,25.5396,1.5113,34.9,9.6,FDT01153cheek_ref_Pacnes_phage_NC028967_cov.tsv
NC_028967.1,1,29605,652,5278,17.8281,2.00037,34.5,7.77,FDT01155cheek_ref_Pacnes_phage_NC028967_cov.tsv
NC_028967.1,1,29605,186,3940,13.3086,0.565952,34.9,7.96,FDT01156cheek_ref_Pacnes_phage_NC028967_cov.tsv
NC_028967.1,1,29605,990,8102,27.367,3.02571,35.2,5.54,FDT01157cheek_ref_Pacnes_phage_NC028967_cov.tsv
NC_028967.1,1,29605,254,4818,16.2743,0.773146,35.3,8.57,FDT01158cheek_ref_Pacnes_phage_NC028967_cov.tsv
NC_028967.1,1,29605,636,9953,33.6193,1.96686,34.2,3.75,FDT01160cheek_ref_Pacnes_phage_NC028967_cov.tsv
NC_028967.1,1,29605,210,4638,15.6663,0.641074,35.0,8.43,FDT01162cheek_ref_Pacnes_phage_NC028967_cov.tsv
NC_028967.1,1,29605,96,2842,9.59973,0.298429,34.8,7.69,FDT01163cheek_ref_Pacnes_phage_NC028967_cov.tsv
NC_028967.1,1,29605,12,796,2.68874,0.0365479,35.3,4.83,FDT01164cheek_ref_Pacnes_phage_NC028967_cov.tsv
NC_028967.1,1,29605,302,12481,42.1584,0.98784,35.8,16.9,FDT01166cheek_ref_Pacnes_phage_NC028967_cov.tsv
NC_028967.1,1,29605,198,4748,16.0378,0.601723,34.9,5.25,FDT01167cheek_ref_Pacnes_phage_NC028967_cov.tsv
NC_028967.1,1,29605,216,2979,10.0625,0.684547,35.1,4.95,FDT01168cheek_ref_Pacnes_phage_NC028967_cov.tsv
NC_028967.1,1,29605,322,4751,16.048,0.983753,34.9,6.8,FDT01169cheek_ref_Pacnes_phage_NC028967_cov.tsv
NC_028967.1,1,29605,1234,13639,46.0699,3.77548,34.8,5.4,FDT01170cheek_ref_Pacnes_phage_NC028967_cov.tsv
NC_028967.1,1,29605,3108,15460,52.2209,9.57098,34.8,8.45,FDT01171cheek_ref_Pacnes_phage_NC028967_cov.tsv
NC_028967.1,1,29605,292,4754,16.0581,0.892011,35.2,9.11,FDT01172cheek_ref_Pacnes_phage_NC028967_cov.tsv
NC_028967.1,1,29605,78,2138,7.22175,0.233846,35.7,6.36,FDT01173cheek_ref_Pacnes_phage_NC028967_cov.tsv
NC_028967.1,1,29605,2344,9893,33.4167,7.24425,35.5,3.92,FDT01174cheek_ref_Pacnes_phage_NC028967_cov.tsv
NC_028967.1,1,29605,304,6740,22.7664,0.941834,34.9,9.07,FDT01175cheek_ref_Pacnes_phage_NC028967_cov.tsv
NC_028967.1,1,29605,856,10810,36.5141,2.59598,35.3,6.44,FDT01176cheek_ref_Pacnes_phage_NC028967_cov.tsv
NC_028967.1,1,29605,1040,12939,43.7055,3.21223,34.8,13.4,FDT01177cheek_ref_Pacnes_phage_NC028967_cov.tsv
NC_028967.1,1,29605,78,4286,14.4773,0.235197,35.4,14.1,FDT01180cheek_ref_Pacnes_phage_NC028967_cov.tsv
NC_028967.1,1,29605,460,4907,16.5749,1.41395,35.0,7.52,FDT01181cheek_ref_Pacnes_phage_NC028967_cov.tsv
NC_028967.1,1,29605,28,1421,4.79986,0.0865057,34.7,9.07,FDT01182cheek_ref_Pacnes_phage_NC028967_cov.tsv
NC_028967.1,1,29605,194,4754,16.0581,0.577098,35.0,8.22,FDT01183cheek_ref_Pacnes_phage_NC028967_cov.tsv
NC_028967.1,1,29605,88,3343,11.292,0.269887,35.2,13.4,FDT01184cheek_ref_Pacnes_phage_NC028967_cov.tsv
NC_028967.1,1,29605,502,10393,35.1056,1.54471,34.8,9.64,FDT01186cheek_ref_Pacnes_phage_NC028967_cov.tsv
NC_028967.1,1,29605,398,6522,22.0301,1.24803,35.3,7.35,FDT01187cheek_ref_Pacnes_phage_NC028967_cov.tsv
NC_028967.1,1,29605,1000,7097,23.9723,3.07911,35.3,10.7,FDT01188cheek_ref_Pacnes_phage_NC028967_cov.tsv
NC_028967.1,1,29605,1030,9782,33.0417,3.11657,34.6,4.94,FDT01190cheek_ref_Pacnes_phage_NC028967_cov.tsv
NC_028967.1,1,29605,14720,23290,78.6691,44.8418,35.3,6.31,FDT0864cheek_ref_Pacnes_phage_NC028967_cov.tsv
NC_028967.1,1,29605,7092,18569,62.7225,21.5606,35.1,8.01,FDT0865cheek_ref_Pacnes_phage_NC028967_cov.tsv
NC_028967.1,1,29605,114,4620,15.6055,0.349671,34.9,8.28,FDT0867cheek_ref_Pacnes_phage_NC028967_cov.tsv
NC_028967.1,1,29605,5612,14964,50.5455,17.2621,35.0,7.18,FDT0871cheek_ref_Pacnes_phage_NC028967_cov.tsv
NC_028967.1,1,29605,5288,16740,56.5445,16.0129,34.8,8.91,FDT0872cheek_ref_Pacnes_phage_NC028967_cov.tsv
NC_028967.1,1,29605,2568,17474,59.0238,7.87833,34.7,7.45,FDT0875cheek_ref_Pacnes_phage_NC028967_cov.tsv
NC_028967.1,1,29605,21444,18997,64.1682,65.8807,35.1,9.26,FDT0876cheek_ref_Pacnes_phage_NC028967_cov.tsv
NC_028967.1,1,29605,2712,8473,28.6202,8.33883,35.1,4.6,FDT0881cheek_ref_Pacnes_phage_NC028967_cov.tsv
NC_028967.1,1,29605,20,1493,5.04307,0.0621854,34.9,10.4,FDT0884cheek_ref_Pacnes_phage_NC028967_cov.tsv
NC_028967.1,1,29605,11792,16718,56.4702,35.6492,35.1,11.8,FDT0887cheek_ref_Pacnes_phage_NC028967_cov.tsv
NC_028967.1,1,29605,138,3615,12.2108,0.433677,35.0,4.62,FDT0888cheek_ref_Pacnes_phage_NC028967_cov.tsv
NC_028967.1,1,29605,124,1359,4.59044,0.375882,35.1,11.1,FDT0889cheek_ref_Pacnes_phage_NC028967_cov.tsv
NC_028967.1,1,29605,0,0,0.0,0.0,0.0,0.0,FDT0890cheek_ref_Pacnes_phage_NC028967_cov.tsv
NC_028967.1,1,29605,832,6770,22.8678,2.5243,35.1,7.6,FDT0892cheek_ref_Pacnes_phage_NC028967_cov.tsv
NC_028967.1,1,29605,722,7390,24.962,2.19372,35.1,5.0,FDT0896cheek_ref_Pacnes_phage_NC028967_cov.tsv
NC_028967.1,1,29605,92,978,3.3035,0.282824,35.2,6.11,FDT0897cheek_ref_Pacnes_phage_NC028967_cov.tsv
NC_028967.1,1,29605,13348,20369,68.8026,40.8613,35.0,8.34,FDT0898cheek_ref_Pacnes_phage_NC028967_cov.tsv
NC_028967.1,1,29605,1248,6566,22.1787,3.79443,35.4,5.17,FDT0900cheek_ref_Pacnes_phage_NC028967_cov.tsv
NC_028967.1,1,29605,638,10822,36.5546,1.96149,34.7,6.04,FDT0901cheek_ref_Pacnes_phage_NC028967_cov.tsv
NC_028967.1,1,29605,12,919,3.10421,0.0357034,36.0,1.0,FDT0903cheek_ref_Pacnes_phage_NC028967_cov.tsv
NC_028967.1,1,29605,20,1336,4.51275,0.0619152,35.7,5.0,FDT0904cheek_ref_Pacnes_phage_NC028967_cov.tsv
NC_028967.1,1,29605,1242,15082,50.9441,3.81584,34.9,2.81,FDT0906cheek_ref_Pacnes_phage_NC028967_cov.tsv
NC_028967.1,1,29605,300,8478,28.6371,0.88225,35.3,17.9,FDT0907cheek_ref_Pacnes_phage_NC028967_cov.tsv
NC_028967.1,1,29605,982,7829,26.4449,2.95774,34.8,6.66,FDT0910cheek_ref_Pacnes_phage_NC028967_cov.tsv
NC_028967.1,1,29605,448,12811,43.2731,1.32447,35.4,9.55,FDT0911cheek_ref_Pacnes_phage_NC028967_cov.tsv
NC_028967.1,1,29605,688,4662,15.7473,2.10478,34.8,5.74,FDT0914cheek_ref_Pacnes_phage_NC028967_cov.tsv
NC_028967.1,1,29605,30,1471,4.96876,0.092383,34.6,10.4,FDT0916cheek_ref_Pacnes_phage_NC028967_cov.tsv
NC_028967.1,1,29605,188,3670,12.3966,0.571187,35.1,10.9,FDT0918cheek_ref_Pacnes_phage_NC028967_cov.tsv
NC_028967.1,1,29605,596,6609,22.3239,1.84361,34.9,2.63,FDT0919cheek_ref_Pacnes_phage_NC028967_cov.tsv
NC_028967.1,1,29605,2142,13263,44.7999,6.49634,35.0,4.74,FDT0920cheek_ref_Pacnes_phage_NC028967_cov.tsv
NC_028967.1,1,29605,296,4362,14.734,0.903057,35.0,6.59,FDT0921cheek_ref_Pacnes_phage_NC028967_cov.tsv
NC_028967.1,1,29605,5322,17002,57.4295,16.2778,35.2,6.96,FDT0922cheek_ref_Pacnes_phage_NC028967_cov.tsv
NC_028967.1,1,29605,22,736,2.48607,0.0670495,34.6,23.5,FDT0923cheek_ref_Pacnes_phage_NC028967_cov.tsv
NC_028967.1,1,29605,130,2516,8.49856,0.396994,34.8,10.2,FDT0924cheek_ref_Pacnes_phage_NC028967_cov.tsv
NC_028967.1,1,29605,3312,12356,41.7362,10.2466,35.3,6.8,FDT0926cheek_ref_Pacnes_phage_NC028967_cov.tsv
NC_028967.1,1,29605,14,871,2.94207,0.0398919,36.1,6.14,FDT0929cheek_ref_Pacnes_phage_NC028967_cov.tsv
NC_028967.1,1,29605,734,11821,39.9291,2.26681,35.0,7.49,FDT0930cheek_ref_Pacnes_phage_NC028967_cov.tsv
NC_028967.1,1,29605,570,10621,35.8757,1.74572,35.2,8.36,FDT0931cheek_ref_Pacnes_phage_NC028967_cov.tsv
NC_028967.1,1,29605,26,984,3.32376,0.0795136,35.6,3.62,FDT0932cheek_ref_Pacnes_phage_NC028967_cov.tsv
NC_028967.1,1,29605,0,0,0.0,0.0,0.0,0.0,FDT0934cheek_ref_Pacnes_phage_NC028967_cov.tsv
NC_028967.1,1,29605,2846,20193,68.2081,8.91782,34.5,7.28,FDT0935cheek_ref_Pacnes_phage_NC028967_cov.tsv
NC_028967.1,1,29605,1200,13775,46.5293,3.6302,34.6,5.0,FDT0936cheek_ref_Pacnes_phage_NC028967_cov.tsv
NC_028967.1,1,29605,356,4826,16.3013,1.08296,35.1,8.32,FDT0937cheek_ref_Pacnes_phage_NC028967_cov.tsv
NC_028967.1,1,29605,272,4854,16.3959,0.83442,34.4,10.0,FDT0939cheek_ref_Pacnes_phage_NC028967_cov.tsv
NC_028967.1,1,29605,152,4385,14.8117,0.474177,34.4,7.91,FDT0940cheek_ref_Pacnes_phage_NC028967_cov.tsv
NC_028967.1,1,29605,3896,21613,73.0046,11.9976,34.6,5.8,FDT0941cheek_ref_Pacnes_phage_NC028967_cov.tsv
NC_028967.1,1,29605,464,8233,27.8095,1.43594,34.7,11.8,FDT0945cheek_ref_Pacnes_phage_NC028967_cov.tsv
NC_028967.1,1,29605,7746,22409,75.6933,23.594,34.7,4.99,FDT0946cheek_ref_Pacnes_phage_NC028967_cov.tsv
NC_028967.1,1,29605,438,7911,26.7218,1.34599,34.3,7.95,FDT0948cheek_ref_Pacnes_phage_NC028967_cov.tsv
NC_028967.1,1,29605,112,5416,18.2942,0.3443,34.5,11.6,FDT0949cheek_ref_Pacnes_phage_NC028967_cov.tsv
NC_028967.1,1,29605,4822,19964,67.4346,14.8531,35.1,9.54,FDT0955cheek_ref_Pacnes_phage_NC028967_cov.tsv
NC_028967.1,1,29605,1334,9021,30.4712,3.77413,35.7,5.48,FDT0956cheek_ref_Pacnes_phage_NC028967_cov.tsv
NC_028967.1,1,29605,104,3514,11.8696,0.310589,35.5,8.38,FDT0958cheek_ref_Pacnes_phage_NC028967_cov.tsv
NC_028967.1,1,29605,82,2327,7.86016,0.244959,35.8,7.17,FDT0960cheek_ref_Pacnes_phage_NC028967_cov.tsv
NC_028967.1,1,29605,22,424,1.43219,0.0638743,35.8,12.6,FDT0961cheek_ref_Pacnes_phage_NC028967_cov.tsv
NC_028967.1,1,29605,2052,14807,50.0152,6.2681,35.3,4.73,FDT0964cheek_ref_Pacnes_phage_NC028967_cov.tsv
NC_028967.1,1,29605,46,2478,8.37021,0.138119,34.3,6.17,FDT0966cheek_ref_Pacnes_phage_NC028967_cov.tsv
NC_028967.1,1,29605,1374,14431,48.7451,4.15298,35.3,7.36,FDT0968cheek_ref_Pacnes_phage_NC028967_cov.tsv
NC_028967.1,1,29605,40,2316,7.823,0.121094,34.6,5.15,FDT0969cheek_ref_Pacnes_phage_NC028967_cov.tsv
NC_028967.1,1,29605,2652,15058,50.863,7.86219,35.2,5.4,FDT0975cheek_ref_Pacnes_phage_NC028967_cov.tsv
NC_028967.1,1,29605,104,2821,9.5288,0.31971,34.7,11.5,FDT0976cheek_ref_Pacnes_phage_NC028967_cov.tsv
NC_028967.1,1,29605,58,2695,9.10319,0.174025,34.9,6.38,FDT0978cheek_ref_Pacnes_phage_NC028967_cov.tsv
NC_028967.1,1,29605,158,5122,17.3011,0.473873,35.5,9.14,FDT0979cheek_ref_Pacnes_phage_NC028967_cov.tsv
NC_028967.1,1,29605,288,7383,24.9384,0.885526,35.0,6.62,FDT0982cheek_ref_Pacnes_phage_NC028967_cov.tsv
NC_028967.1,1,29605,1416,11208,37.8585,4.3392,34.7,10.6,FDT0983cheek_ref_Pacnes_phage_NC028967_cov.tsv
NC_028967.1,1,29605,2654,12989,43.8743,8.1595,35.1,7.18,FDT0985cheek_ref_Pacnes_phage_NC028967_cov.tsv
NC_028967.1,1,29605,1600,8422,28.4479,5.00797,35.5,8.61,FDT0987cheek_ref_Pacnes_phage_NC028967_cov.tsv
NC_028967.1,1,29605,544,8836,29.8463,1.63908,35.3,7.7,FDT0988cheek_ref_Pacnes_phage_NC028967_cov.tsv
NC_028967.1,1,29605,12776,22761,76.8823,38.9474,35.2,10.5,FDT0990cheek_ref_Pacnes_phage_NC028967_cov.tsv
NC_028967.1,1,29605,6386,18746,63.3204,19.4733,35.2,3.76,FDT0991cheek_ref_Pacnes_phage_NC028967_cov.tsv
NC_028967.1,1,29605,624,9879,33.3694,1.9085,34.9,6.13,FDT0992cheek_ref_Pacnes_phage_NC028967_cov.tsv
NC_028967.1,1,29605,396,5955,20.1148,1.20172,34.9,6.96,FDT0993cheek_ref_Pacnes_phage_NC028967_cov.tsv
NC_028967.1,1,29605,2598,15608,52.7208,7.84482,35.3,4.72,FDT0996cheek_ref_Pacnes_phage_NC028967_cov.tsv
NC_028967.1,1,29605,5902,17950,60.6317,18.2208,35.5,11.6,FDT0997cheek_ref_Pacnes_phage_NC028967_cov.tsv
NC_028967.1,1,29605,69864,26259,88.6979,214.329,35.5,7.47,FDT0999cheek_ref_Pacnes_phage_NC028967_cov.tsv
NC_028967.1,1,29605,28,1502,5.07347,0.0805945,37.0,14.4,HLSR1601_ref_Pacnes_phage_NC028967_cov.tsv
NC_028967.1,1,29605,2,201,0.678939,0.00678939,35.8,0.0,HLSR1602_ref_Pacnes_phage_NC028967_cov.tsv
NC_028967.1,1,29605,1796,21898,73.9672,5.42307,36.6,18.9,HLSR1603_ref_Pacnes_phage_NC028967_cov.tsv
NC_028967.1,1,29605,1458,22701,76.6796,4.67745,35.5,24.4,HLSR1605_ref_Pacnes_phage_NC028967_cov.tsv
NC_028967.1,1,29605,128,4510,15.2339,0.387097,35.7,19.5,HLSR1606_ref_Pacnes_phage_NC028967_cov.tsv
NC_028967.1,1,29605,982,19564,66.0834,3.19433,35.5,19.5,HLSR1607_ref_Pacnes_phage_NC028967_cov.tsv
NC_028967.1,1,29605,64,6246,21.0978,0.393244,34.4,11.8,HLSR1608_ref_Pacnes_phage_NC028967_cov.tsv
NC_028967.1,1,29605,19578,26244,88.6472,63.4092,35.7,18.7,HLSR1609_ref_Pacnes_phage_NC028967_cov.tsv
NC_028967.1,1,29605,34,1829,6.17801,0.097112,36.0,23.8,HLSR1611_ref_Pacnes_phage_NC028967_cov.tsv
NC_028967.1,1,29605,10,653,2.20571,0.0315825,36.0,25.2,HLSR1612_ref_Pacnes_phage_NC028967_cov.tsv
NC_028967.1,1,29605,250,11901,40.1993,0.78838,34.5,19.6,HLSR1613_ref_Pacnes_phage_NC028967_cov.tsv
NC_028967.1,1,29605,0,0,0.0,0.0,0.0,0.0,HLSR1614_ref_Pacnes_phage_NC028967_cov.tsv
NC_028967.1,1,29605,414,12590,42.5266,1.27049,37.0,16.3,HLSR1615_ref_Pacnes_phage_NC028967_cov.tsv
NC_028967.1,1,29605,33600,28052,94.7543,233.281,34.9,15.9,HLSR1616_ref_Pacnes_phage_NC028967_cov.tsv
NC_028967.1,1,29605,44,3111,10.5084,0.137679,33.7,19.4,HLSR1617_ref_Pacnes_phage_NC028967_cov.tsv
NC_028967.1,1,29605,136,10924,36.8992,0.828306,31.7,11.9,HLSR1618_ref_Pacnes_phage_NC028967_cov.tsv
NC_028967.1,1,29605,38,1591,5.37409,0.117007,36.0,13.5,HLSR1619_ref_Pacnes_phage_NC028967_cov.tsv
NC_028967.1,1,29605,2944,19273,65.1005,8.33673,37.3,14.1,HLSR1620_ref_Pacnes_phage_NC028967_cov.tsv
NC_028967.1,1,29605,1046,18587,62.7833,3.15744,36.7,20.1,HLSR1621_ref_Pacnes_phage_NC028967_cov.tsv
NC_028967.1,1,29605,866,20237,68.3567,2.80966,35.2,16.2,HLSR1622_ref_Pacnes_phage_NC028967_cov.tsv
NC_028967.1,1,29605,1724,23574,79.6284,5.43952,36.2,18.3,HLSR1623_ref_Pacnes_phage_NC028967_cov.tsv
NC_028967.1,1,29605,5440,20959,70.7955,17.4245,35.5,12.6,HLSR1624_ref_Pacnes_phage_NC028967_cov.tsv
NC_028967.1,1,29605,0,0,0.0,0.0,0.0,0.0,HLSR1625_ref_Pacnes_phage_NC028967_cov.tsv
NC_028967.1,1,29605,20,939,3.17176,0.0595508,37.0,25.2,HLSR1626_ref_Pacnes_phage_NC028967_cov.tsv
NC_028967.1,1,29605,2,112,0.378314,0.00682317,36.3,42.0,HLSR1627_ref_Pacnes_phage_NC028967_cov.tsv
NC_028967.1,1,29605,2,161,0.543827,0.00543827,30.5,0.0,HLSR1628_ref_Pacnes_phage_NC028967_cov.tsv
NC_028967.1,1,29605,7642,25349,85.624,52.3337,34.2,12.2,HLSR1629_ref_Pacnes_phage_NC028967_cov.tsv
NC_028967.1,1,29605,64,3973,13.42,0.206823,34.5,11.8,HLSR1630_ref_Pacnes_phage_NC028967_cov.tsv
NC_028967.1,1,29605,3720,21199,71.6061,11.3463,36.6,13.2,HLSR1632_ref_Pacnes_phage_NC028967_cov.tsv
NC_028967.1,1,29605,28,1568,5.2964,0.0891403,36.8,19.5,HLSR1633_ref_Pacnes_phage_NC028967_cov.tsv
NC_028967.1,1,29605,12,617,2.08411,0.0330012,37.3,16.5,HLSR1634_ref_Pacnes_phage_NC028967_cov.tsv
NC_028967.1,1,29605,140,12856,43.4251,0.97568,29.4,8.01,HLSR1635_ref_Pacnes_phage_NC028967_cov.tsv
NC_028967.1,1,29605,90,5730,19.3548,0.289715,35.6,15.8,HLSR1636_ref_Pacnes_phage_NC028967_cov.tsv
NC_028967.1,1,29605,1226,19904,67.2319,3.75801,36.5,23.5,HLSR1637_ref_Pacnes_phage_NC028967_cov.tsv
NC_028967.1,1,29605,638,15989,54.0078,1.98298,36.3,12.7,HLSR1638_ref_Pacnes_phage_NC028967_cov.tsv
NC_028967.1,1,29605,17562,28166,95.1393,54.9142,35.2,21.1,HLSR1639_ref_Pacnes_phage_NC028967_cov.tsv
NC_028967.1,1,29605,54932,27565,93.1093,175.141,36.2,20.5,HLSR1640_ref_Pacnes_phage_NC028967_cov.tsv
NC_028967.1,1,29605,6,239,0.807296,0.0162473,31.6,14.0,HLSR1641_ref_Pacnes_phage_NC028967_cov.tsv
NC_028967.1,1,29605,12,1631,5.5092,0.10103,30.8,18.5,HLSR1642_ref_Pacnes_phage_NC028967_cov.tsv
NC_028967.1,1,29605,300,11043,37.3011,0.89039,36.9,18.9,HLSR1643_ref_Pacnes_phage_NC028967_cov.tsv
NC_028967.1,1,29605,4330,26905,90.8799,13.3038,36.3,20.8,HLSR1644_ref_Pacnes_phage_NC028967_cov.tsv
NC_028967.1,1,29605,550,15185,51.292,1.67164,36.8,19.9,HLSR1645_ref_Pacnes_phage_NC028967_cov.tsv
NC_028967.1,1,29605,12,854,2.88465,0.036987,36.3,15.3,HLSR1646_ref_Pacnes_phage_NC028967_cov.tsv
NC_028967.1,1,29605,20,2000,6.75562,0.102415,29.5,10.5,HLSR1647_ref_Pacnes_phage_NC028967_cov.tsv
NC_028967.1,1,29605,386,14266,48.1878,1.19257,35.8,19.8,HLSR1648_ref_Pacnes_phage_NC028967_cov.tsv
NC_028967.1,1,29605,8,637,2.15166,0.0272251,36.6,12.0,HLSR1649_ref_Pacnes_phage_NC028967_cov.tsv
NC_028967.1,1,29605,4838,25044,84.5938,15.1819,36.4,20.1,HLSR1650_ref_Pacnes_phage_NC028967_cov.tsv
NC_028967.1,1,29605,14,639,2.15842,0.0395879,36.9,28.1,HLSR1651_ref_Pacnes_phage_NC028967_cov.tsv
NC_028967.1,1,29605,12,731,2.46918,0.0404324,34.6,29.2,HLSR1652_ref_Pacnes_phage_NC028967_cov.tsv
NC_028967.1,1,29605,0,0,0.0,0.0,0.0,0.0,HLSR1653_ref_Pacnes_phage_NC028967_cov.tsv
NC_028967.1,1,29605,206,10073,34.0247,0.652964,36.7,18.1,HLSR1654_ref_Pacnes_phage_NC028967_cov.tsv
NC_028967.1,1,29605,4,284,0.959297,0.0125992,37.2,16.0,HLSR1655_ref_Pacnes_phage_NC028967_cov.tsv
NC_028967.1,1,29605,436,12393,41.8612,1.32454,36.8,15.3,HLSR1659_ref_Pacnes_phage_NC028967_cov.tsv
NC_028967.1,1,29605,0,0,0.0,0.0,0.0,0.0,HLSR1662_ref_Pacnes_phage_NC028967_cov.tsv
NC_028967.1,1,29605,140,7450,25.1647,0.445229,35.4,17.7,HLSR1664_ref_Pacnes_phage_NC028967_cov.tsv
NC_028967.1,1,29605,11442,26252,88.6742,35.8685,36.3,20.4,HLSR1665_ref_Pacnes_phage_NC028967_cov.tsv
NC_028967.1,1,29605,86,4263,14.3996,0.261273,36.2,20.9,HLSR1667_ref_Pacnes_phage_NC028967_cov.tsv
NC_028967.1,1,29605,108,6120,20.6722,0.353792,35.9,14.4,HLSR1668_ref_Pacnes_phage_NC028967_cov.tsv
NC_028967.1,1,29605,770,20770,70.1571,2.53933,34.4,17.5,HLSR1669_ref_Pacnes_phage_NC028967_cov.tsv
NC_028967.1,1,29605,5586,26639,89.9814,16.6582,36.8,17.8,HLSR1670_ref_Pacnes_phage_NC028967_cov.tsv
NC_028967.1,1,29605,14410,23785,80.3412,45.9264,35.6,24.1,HLSR1671_ref_Pacnes_phage_NC028967_cov.tsv
NC_028967.1,1,29605,10,633,2.13815,0.0285087,36.1,14.8,HLSR1672_ref_Pacnes_phage_NC028967_cov.tsv
NC_028967.1,1,29605,10,454,1.53352,0.0285763,37.2,24.0,HLSR1673_ref_Pacnes_phage_NC028967_cov.tsv
NC_028967.1,1,29605,428,13401,45.266,1.26175,36.8,14.7,HLSR1674_ref_Pacnes_phage_NC028967_cov.tsv
NC_028967.1,1,29605,40,3260,11.0117,0.131836,35.5,18.6,HLSR1675_ref_Pacnes_phage_NC028967_cov.tsv
NC_028967.1,1,29605,2,189,0.638406,0.00682317,32.1,40.0,HLSR1676_ref_Pacnes_phage_NC028967_cov.tsv
NC_028967.1,1,29605,56,3228,10.9036,0.177639,35.1,21.8,HLSR1677_ref_Pacnes_phage_NC028967_cov.tsv
NC_028967.1,1,29605,13798,26302,88.8431,45.5158,35.4,17.0,HLSR1678_ref_Pacnes_phage_NC028967_cov.tsv
NC_028967.1,1,29605,14,772,2.60767,0.0459382,37.0,25.3,HLSR1679_ref_Pacnes_phage_NC028967_cov.tsv
NC_028967.1,1,29605,10,539,1.82064,0.0275629,36.7,11.4,HLSR1680_ref_Pacnes_phage_NC028967_cov.tsv
NC_028967.1,1,29605,460,16251,54.8928,1.42466,36.5,26.5,HLSR1681_ref_Pacnes_phage_NC028967_cov.tsv
NC_028967.1,1,29605,1706,19888,67.1778,5.34758,35.6,16.0,HLSR1682_ref_Pacnes_phage_NC028967_cov.tsv
NC_028967.1,1,29605,1728,22559,76.2,5.42834,33.7,18.9,MET0012_ref_Pacnes_phage_NC028967_cov.tsv
NC_028967.1,1,29605,45610,28694,96.9228,129.622,33.9,22.7,MET0050_ref_Pacnes_phage_NC028967_cov.tsv
NC_028967.1,1,29605,172606,27325,92.2986,489.945,33.7,20.8,MET0074_ref_Pacnes_phage_NC028967_cov.tsv
NC_028967.1,1,29605,9634,26527,89.6031,28.2018,33.3,22.5,MET0092_ref_Pacnes_phage_NC028967_cov.tsv
NC_028967.1,1,29605,2,112,0.378314,0.00682317,35.1,24.0,MET0185_ref_Pacnes_phage_NC028967_cov.tsv
NC_028967.1,1,29605,355166,28492,96.2405,1164.41,34.9,16.4,MET0204_ref_Pacnes_phage_NC028967_cov.tsv
NC_028967.1,1,29605,804512,28389,95.8926,2621.54,35.6,18.5,MET0288_ref_Pacnes_phage_NC028967_cov.tsv
NC_028967.1,1,29605,11726,27261,92.0824,38.4877,35.2,17.2,MET0305_ref_Pacnes_phage_NC028967_cov.tsv
NC_028967.1,1,29605,184,13001,43.9149,0.85972,36.5,10.1,PAH_Individual105_ref_Pacnes_phage_NC028967_cov.tsv
NC_028967.1,1,29605,234,14873,50.2381,1.11589,36.4,10.8,PAH_Individual11_ref_Pacnes_phage_NC028967_cov.tsv
NC_028967.1,1,29605,3318,25728,86.9042,15.0454,34.2,10.9,PAH_Individual12_ref_Pacnes_phage_NC028967_cov.tsv
NC_028967.1,1,29605,2172,25061,84.6512,10.3759,33.6,8.36,PAH_Individual26_ref_Pacnes_phage_NC028967_cov.tsv
NC_028967.1,1,29605,878,21598,72.9539,4.17885,36.1,7.92,PAH_Individual27_ref_Pacnes_phage_NC028967_cov.tsv
NC_028967.1,1,29605,2092,24722,83.5062,9.90968,33.7,8.24,PAH_Individual446_ref_Pacnes_phage_NC028967_cov.tsv
NC_028967.1,1,29605,64,4772,16.1189,0.286641,36.4,9.72,PAH_Individual477_ref_Pacnes_phage_NC028967_cov.tsv
NC_028967.1,1,29605,6,695,2.34758,0.0268198,31.6,10.7,PAH_Individual491_ref_Pacnes_phage_NC028967_cov.tsv
NC_028967.1,1,29605,34,3438,11.6129,0.165445,32.6,8.41,PAH_Individual501_ref_Pacnes_phage_NC028967_cov.tsv
NC_028967.1,1,29605,310,16388,55.3555,1.51316,36.1,6.71,PAH_Individual511_ref_Pacnes_phage_NC028967_cov.tsv
NC_028967.1,1,29605,1218,22497,75.9905,5.68522,33.4,9.48,PAH_Individual518_ref_Pacnes_phage_NC028967_cov.tsv
NC_028967.1,1,29605,4722,24771,83.6717,22.2219,36.1,11.5,PAH_Individual533_ref_Pacnes_phage_NC028967_cov.tsv
NC_028967.1,1,29605,88,7571,25.5734,0.429083,35.7,10.9,PAH_Individual54_ref_Pacnes_phage_NC028967_cov.tsv
NC_028967.1,1,29605,252,14273,48.2115,1.17865,33.2,10.9,PAH_Individual59_ref_Pacnes_phage_NC028967_cov.tsv
NC_028967.1,1,29605,7306,27243,92.0216,33.8122,36.2,14.9,PAH_Individual75_ref_Pacnes_phage_NC028967_cov.tsv
NC_028967.1,1,29605,602,17744,59.9358,2.79737,35.7,12.7,PAH_Individual7_ref_Pacnes_phage_NC028967_cov.tsv
NC_028967.1,1,29605,98,8412,28.4141,0.465293,36.1,11.8,PAH_Individual94_ref_Pacnes_phage_NC028967_cov.tsv
NC_028967.1,1,29605,66,5277,17.8247,0.300524,33.8,15.4,PAH_Individual97_ref_Pacnes_phage_NC028967_cov.tsv
NC_028967.1,1,29605,14,1647,5.56325,0.0681979,36.6,11.9,SCC-DE-002-HS2_ref_Pacnes_phage_NC028967_cov.tsv
NC_028967.1,1,29605,0,0,0.0,0.0,0.0,0.0,SCC-DE-005-HS1_ref_Pacnes_phage_NC028967_cov.tsv
NC_028967.1,1,29605,0,0,0.0,0.0,0.0,0.0,SCC-DE-005-HS2_ref_Pacnes_phage_NC028967_cov.tsv
NC_028967.1,1,29605,2490,27513,92.9336,9.50336,36.5,23.4,SCC-DE-007-HS1_ref_Pacnes_phage_NC028967_cov.tsv
NC_028967.1,1,29605,8904,27978,94.5043,33.7379,36.5,17.9,SCC-DE-007-HS2_ref_Pacnes_phage_NC028967_cov.tsv
NC_028967.1,1,29605,20,2028,6.85019,0.0779936,36.5,18.3,SCC-DE-008-HS1_ref_Pacnes_phage_NC028967_cov.tsv
NC_028967.1,1,29605,0,0,0.0,0.0,0.0,0.0,SCC-DE-009-HS1_ref_Pacnes_phage_NC028967_cov.tsv
NC_028967.1,1,29605,8,873,2.94883,0.0330012,36.5,11.8,SCC-DE-009-HS2_ref_Pacnes_phage_NC028967_cov.tsv
NC_028967.1,1,29605,804,23220,78.4327,3.14879,36.6,19.3,SCC-DE-010-HS2_ref_Pacnes_phage_NC028967_cov.tsv
NC_028967.1,1,29605,16,1799,6.07668,0.0640095,36.5,15.0,SCC-DE-011-HS1_ref_Pacnes_phage_NC028967_cov.tsv
NC_028967.1,1,29605,8,709,2.39487,0.0312109,36.3,14.0,SCC-DE-011-HS2_ref_Pacnes_phage_NC028967_cov.tsv
NC_028967.1,1,29605,0,0,0.0,0.0,0.0,0.0,SCC-DE-012-HS2_ref_Pacnes_phage_NC028967_cov.tsv
NC_028967.1,1,29605,0,0,0.0,0.0,0.0,0.0,SCC-DE-014-HS2_ref_Pacnes_phage_NC028967_cov.tsv
NC_028967.1,1,29605,2796,26455,89.3599,10.7071,36.5,19.5,SCC-DE-016-HS2_ref_Pacnes_phage_NC028967_cov.tsv
NC_028967.1,1,29605,340,13903,46.9617,1.2381,36.6,24.6,SCC-DE-019-HS1_ref_Pacnes_phage_NC028967_cov.tsv
NC_028967.1,1,29605,306,16517,55.7913,1.43912,36.6,15.3,SCC-DE-022-HS2_ref_Pacnes_phage_NC028967_cov.tsv
NC_028967.1,1,29605,32,3264,11.0252,0.129944,36.6,12.6,SCC-DE-025-HS1_ref_Pacnes_phage_NC028967_cov.tsv
NC_028967.1,1,29605,448,19949,67.3839,1.94207,36.7,16.0,SCC-DE-026-HS1_ref_Pacnes_phage_NC028967_cov.tsv
NC_028967.1,1,29605,120,7483,25.2761,0.469042,36.6,23.2,SCC-DE-026-HS2_ref_Pacnes_phage_NC028967_cov.tsv
NC_028967.1,1,29605,264,15916,53.7612,1.01881,36.5,15.9,SCC-DE-027-HS1_ref_Pacnes_phage_NC028967_cov.tsv
NC_028967.1,1,29605,72,6286,21.2329,0.278602,36.6,15.2,SCC-DE-028-HS2_ref_Pacnes_phage_NC028967_cov.tsv
NC_028967.1,1,29605,2,203,0.685695,0.010201,36.7,40.0,SCC-DE-029-HS1_ref_Pacnes_phage_NC028967_cov.tsv
NC_028967.1,1,29605,0,0,0.0,0.0,0.0,0.0,SCC-DE-033-HS2_ref_Pacnes_phage_NC028967_cov.tsv
NC_028967.1,1,29605,4,601,2.03006,0.020402,36.8,16.0,SCC-DE-035-HS1_ref_Pacnes_phage_NC028967_cov.tsv
NC_028967.1,1,29605,190,7232,24.4283,0.516332,36.4,24.2,HLSR1663_ref_Pacnes_phage_NC028967_cov.tsv
NC_028967.1,1,29605,4,444,1.49975,0.0203006,36.7,33.0,SCC-DE-035-HS2_ref_Pacnes_phage_NC028967_cov.tsv
NC_028967.1,1,29605,1056,22449,75.8284,4.92474,36.6,22.2,SCC-DE-036-HS1_ref_Pacnes_phage_NC028967_cov.tsv
NC_028967.1,1,29605,100,9605,32.4438,0.478534,36.7,17.5,SCC-DE-036-HS2_ref_Pacnes_phage_NC028967_cov.tsv
NC_028967.1,1,29605,2104,23744,80.2027,9.79284,36.6,15.2,SCC-DE-039-HS1_ref_Pacnes_phage_NC028967_cov.tsv
NC_028967.1,1,29605,20,2297,7.75882,0.0942746,36.7,23.8,SCC-DE-042-HS1_ref_Pacnes_phage_NC028967_cov.tsv
NC_028967.1,1,29605,32,3336,11.2684,0.143692,36.7,15.9,SCC-DE-042-HS2_ref_Pacnes_phage_NC028967_cov.tsv
NC_028967.1,1,29605,56,5463,18.453,0.266475,36.6,12.8,SCC-DE-044-HS1_ref_Pacnes_phage_NC028967_cov.tsv
NC_028967.1,1,29605,454,19110,64.5499,2.14795,36.6,18.6,SCC-DE-050-HS1_ref_Pacnes_phage_NC028967_cov.tsv
NC_028967.1,1,29605,34,3399,11.4812,0.1519,36.5,16.4,SCC-DE-052-HS1_ref_Pacnes_phage_NC028967_cov.tsv
NC_028967.1,1,29605,0,0,0.0,0.0,0.0,0.0,SCC-DE-054-HS1_ref_Pacnes_phage_NC028967_cov.tsv
NC_028967.1,1,29605,2,212,0.716095,0.00884986,36.5,8.0,SCC-DE-055-HS1_ref_Pacnes_phage_NC028967_cov.tsv
NC_028967.1,1,29605,11204,26763,90.4003,45.9243,36.7,15.7,SCC-DE-064-HS1_ref_Pacnes_phage_NC028967_cov.tsv
NC_028967.1,1,29605,6,740,2.49958,0.0284074,36.6,21.3,SCC-DE-064-HS2_ref_Pacnes_phage_NC028967_cov.tsv
NC_028967.1,1,29605,58,6040,20.402,0.254889,36.8,19.0,SCC-DE-067-HS2_ref_Pacnes_phage_NC028967_cov.tsv
NC_028967.1,1,29605,10,890,3.00625,0.0423915,36.5,16.2,SCC-DE-068-HS2_ref_Pacnes_phage_NC028967_cov.tsv
NC_028967.1,1,29605,22,2428,8.20132,0.0957946,36.5,11.9,SCC-DE-071-HS2_ref_Pacnes_phage_NC028967_cov.tsv
NC_028967.1,1,29605,2556,26019,87.8872,10.9377,36.7,17.5,SCC-DE-074-HS1_ref_Pacnes_phage_NC028967_cov.tsv
NC_028967.1,1,29605,0,0,0.0,0.0,0.0,0.0,SCC-DE-080-HS1_ref_Pacnes_phage_NC028967_cov.tsv
NC_028967.1,1,29605,148,10015,33.8287,0.690458,36.0,10.1,PAH_Individual74_ref_Pacnes_phage_NC028967_cov.tsv
NC_028967.1,1,29605,490,5530,18.6793,1.5117,34.9,5.76,FDT01081cheek_ref_Pacnes_phage_NC028967_cov.tsv
NC_028967.1,1,29605,14628,27860,94.1057,69.7502,36.0,20.3,V55G_ref_Pacnes_phage_NC028967_cov.tsv
NC_028967.1,1,29605,74,3889,13.1363,0.18078,36.7,23.4,ConcatenatedReads_8AA_TP_3_all_ref_Pacnes_phage_NC028967_cov.tsv
NC_028967.1,1,29605,58,5226,17.6524,0.284378,36.4,13.8,PAH_Individual440_ref_Pacnes_phage_NC028967_cov.tsv
NC_028967.1,1,29605,144,4405,14.8792,0.436514,35.2,6.1,FDT0967cheek_ref_Pacnes_phage_NC028967_cov.tsv
NC_028967.1,1,29605,3620,13888,46.911,11.0116,35.1,10.2,FDT01026cheek_ref_Pacnes_phage_NC028967_cov.tsv
NC_028967.1,1,29605,3578,19418,65.5903,10.8325,35.2,7.08,FDT01103cheek_ref_Pacnes_phage_NC028967_cov.tsv
NC_028967.1,1,29605,210,4961,16.7573,0.62101,34.5,5.5,FDT0909cheek_ref_Pacnes_phage_NC028967_cov.tsv
NC_028967.1,1,29605,78,7627,25.7625,0.360581,36.8,13.7,SCC-DE-067-HS1_ref_Pacnes_phage_NC028967_cov.tsv
NC_028967.1,1,29605,0,0,0.0,0.0,0.0,0.0,HLSR1656_ref_Pacnes_phage_NC028967_cov.tsv
NC_028967.1,1,29605,748,8323,28.1135,2.29275,35.0,9.66,FDT01008cheek_ref_Pacnes_phage_NC028967_cov.tsv
NC_028967.1,1,29605,10,643,2.17193,0.0293531,34.0,3.8,FDT0912cheek_ref_Pacnes_phage_NC028967_cov.tsv
NC_028967.1,1,29605,4094,25110,84.8168,12.775,36.0,19.6,HLSR1658_ref_Pacnes_phage_NC028967_cov.tsv
NC_028967.1,1,29605,13370,18527,62.5806,41.1441,35.1,6.61,FDT01037cheek_ref_Pacnes_phage_NC028967_cov.tsv
NC_028967.1,1,29605,10,2124,7.17446,0.0822834,29.2,11.6,HLSR1631_ref_Pacnes_phage_NC028967_cov.tsv
NC_028967.1,1,29605,354,8110,27.394,1.05242,35.6,7.25,FDT0977cheek_ref_Pacnes_phage_NC028967_cov.tsv
NC_028967.1,1,29605,181354,28070,94.8151,577.473,34.6,19.0,MET0136_ref_Pacnes_phage_NC028967_cov.tsv
NC_028967.1,1,29605,3096,14168,47.8568,9.46347,35.2,5.2,FDT01106cheek_ref_Pacnes_phage_NC028967_cov.tsv
NC_028967.1,1,29605,53802,28869,97.5139,250.011,36.3,17.3,V48D_ref_Pacnes_phage_NC028967_cov.tsv
NC_028967.1,1,29605,706,8806,29.745,2.11914,34.9,5.22,FDT01165cheek_ref_Pacnes_phage_NC028967_cov.tsv
NC_028967.1,1,29605,590,6329,21.3781,1.76176,33.7,5.86,FDT01044cheek_ref_Pacnes_phage_NC028967_cov.tsv
NC_028967.1,1,29605,54,2702,9.12684,0.161054,35.0,17.5,FDT0905cheek_ref_Pacnes_phage_NC028967_cov.tsv
NC_028967.1,1,29605,182,12024,40.6148,0.82655,36.5,17.5,SCC-DE-052-HS2_ref_Pacnes_phage_NC028967_cov.tsv
NC_028967.1,1,29605,24,1460,4.9316,0.092079,34.4,20.6,PAH_Individual8_ref_Pacnes_phage_NC028967_cov.tsv
NC_028967.1,1,29605,75550,28309,95.6224,360.281,36.2,16.5,V38G_ref_Pacnes_phage_NC028967_cov.tsv
NC_028967.1,1,29605,3792,25123,84.8607,17.4968,36.2,17.7,V3G_ref_Pacnes_phage_NC028967_cov.tsv
NC_028967.1,1,29605,320,6925,23.3913,0.985104,35.3,4.51,FDT01098cheek_ref_Pacnes_phage_NC028967_cov.tsv
NC_028967.1,1,29605,17646,25607,86.4955,83.7077,36.2,17.7,V56D_ref_Pacnes_phage_NC028967_cov.tsv
NC_028967.1,1,29605,3268,15663,52.9066,10.017,34.9,3.72,FDT01101cheek_ref_Pacnes_phage_NC028967_cov.tsv
NC_028967.1,1,29605,5264,22829,77.112,24.2111,36.1,16.1,V5D_ref_Pacnes_phage_NC028967_cov.tsv
NC_028967.1,1,29605,16056,27587,93.1836,75.5857,36.2,16.1,V37G_ref_Pacnes_phage_NC028967_cov.tsv
NC_028967.1,1,29605,22,1340,4.52626,0.0666104,35.0,10.5,FDT01161cheek_ref_Pacnes_phage_NC028967_cov.tsv
NC_028967.1,1,29605,1462,9400,31.7514,4.33906,35.1,8.37,FDT0972cheek_ref_Pacnes_phage_NC028967_cov.tsv
NC_028967.1,1,29605,1808,8355,28.2216,5.56879,34.6,3.34,FDT0899cheek_ref_Pacnes_phage_NC028967_cov.tsv
NC_028967.1,1,29605,0,0,0.0,0.0,0.0,0.0,SCC-DE-017-HS1_ref_Pacnes_phage_NC028967_cov.tsv
NC_028967.1,1,29605,8,715,2.41513,0.0344874,36.3,22.5,V7D_ref_Pacnes_phage_NC028967_cov.tsv
NC_028967.1,1,29605,5034,27637,93.3525,23.2542,36.2,17.0,V53D_ref_Pacnes_phage_NC028967_cov.tsv
NC_028967.1,1,29605,78854,27192,91.8493,375.027,36.2,18.6,V54D_ref_Pacnes_phage_NC028967_cov.tsv
NC_028967.1,1,29605,222,4016,13.5653,0.679446,34.7,11.6,FDT01099cheek_ref_Pacnes_phage_NC028967_cov.tsv
NC_028967.1,1,29605,12296,26579,89.7788,57.4444,36.2,18.5,V44G_ref_Pacnes_phage_NC028967_cov.tsv
NC_028967.1,1,29605,63566,28435,96.048,296.115,36.3,16.6,V47D_ref_Pacnes_phage_NC028967_cov.tsv
NC_028967.1,1,29605,84,2651,8.95457,0.259787,34.4,9.29,FDT01100cheek_ref_Pacnes_phage_NC028967_cov.tsv
NC_028967.1,1,29605,110,6356,21.4693,0.351123,36.5,21.6,HLSR1657_ref_Pacnes_phage_NC028967_cov.tsv
NC_028967.1,1,29605,83418,26816,90.5793,273.89,35.6,18.3,MET0221_ref_Pacnes_phage_NC028967_cov.tsv
NC_028967.1,1,29605,18110,28834,97.3957,84.932,36.2,15.5,V40G_ref_Pacnes_phage_NC028967_cov.tsv
NC_028967.1,1,29605,2,181,0.611383,0.00611383,30.8,23.0,FDT01133cheek_ref_Pacnes_phage_NC028967_cov.tsv
NC_028967.1,1,29605,52,1573,5.31329,0.162236,34.3,3.19,FDT0942cheek_ref_Pacnes_phage_NC028967_cov.tsv
NC_028967.1,1,29605,44,3845,12.9877,0.171897,36.5,19.4,SCC-DE-015-HS1_ref_Pacnes_phage_NC028967_cov.tsv
NC_028967.1,1,29605,36,1649,5.57001,0.110725,34.7,8.67,FDT0869cheek_ref_Pacnes_phage_NC028967_cov.tsv
NC_028967.1,1,29605,23142,28632,96.7134,105.004,36.3,18.9,V43G_ref_Pacnes_phage_NC028967_cov.tsv
NC_028967.1,1,29605,86,1731,5.84699,0.266104,34.9,3.42,FDT0873cheek_ref_Pacnes_phage_NC028967_cov.tsv
NC_028967.1,1,29605,8,613,2.0706,0.0239149,33.4,0.0,FDT0984cheek_ref_Pacnes_phage_NC028967_cov.tsv
NC_028967.1,1,29605,35520,27177,91.7987,171.352,36.1,16.8,V41D_ref_Pacnes_phage_NC028967_cov.tsv
NC_028967.1,1,29605,48,4490,15.1664,0.188144,36.6,21.4,SCC-DE-018-HS1_ref_Pacnes_phage_NC028967_cov.tsv
NC_028967.1,1,29605,982,10293,34.7678,2.96751,35.4,7.17,FDT0951cheek_ref_Pacnes_phage_NC028967_cov.tsv
NC_028967.1,1,29605,12,1015,3.42847,0.0436075,36.4,25.2,SCC-DE-023-HS2_ref_Pacnes_phage_NC028967_cov.tsv
NC_028967.1,1,29605,28,1105,3.73248,0.0832292,34.9,11.9,FDT0917cheek_ref_Pacnes_phage_NC028967_cov.tsv
NC_028967.1,1,29605,7578,27049,91.3663,18.7597,36.5,21.1,ConcatenatedReads_17PA_TP_3_all_ref_Pacnes_phage_NC028967_cov.tsv
NC_028967.1,1,29605,335756,28472,96.1729,1083.24,35.1,17.3,MET0238_ref_Pacnes_phage_NC028967_cov.tsv
NC_028967.1,1,29605,216,4080,13.7815,0.661679,34.5,8.43,FDT01108cheek_ref_Pacnes_phage_NC028967_cov.tsv
NC_028967.1,1,29605,960,11854,40.0405,2.92549,34.8,6.13,FDT0952cheek_ref_Pacnes_phage_NC028967_cov.tsv
NC_028967.1,1,29605,3058,12307,41.5707,9.27789,35.0,8.47,FDT0886cheek_ref_Pacnes_phage_NC028967_cov.tsv
NC_028967.1,1,29605,2110,25272,85.364,6.90394,34.8,24.1,HLSR1666_ref_Pacnes_phage_NC028967_cov.tsv
NC_028967.1,1,29605,20,2003,6.76575,0.0763047,36.6,27.4,SCC-DE-018-HS2_ref_Pacnes_phage_NC028967_cov.tsv
NC_028967.1,1,29605,82,3602,12.1669,0.249384,34.1,7.9,FDT0947cheek_ref_Pacnes_phage_NC028967_cov.tsv
NC_028967.1,1,29605,1336,21868,73.8659,3.29096,36.5,13.3,ConcatenatedReads_19PA_TP_1_all_ref_Pacnes_phage_NC028967_cov.tsv
NC_028967.1,1,29605,9536,27827,93.9943,41.2921,36.7,20.2,SCC-DE-070-HS1_ref_Pacnes_phage_NC028967_cov.tsv
NC_028967.1,1,29605,174,3161,10.6773,0.533018,34.5,9.52,FDT0950cheek_ref_Pacnes_phage_NC028967_cov.tsv
NC_028967.1,1,29605,2,498,1.68215,0.0168215,26.7,3.0,HLSR1610_ref_Pacnes_phage_NC028967_cov.tsv
NC_028967.1,1,29605,198318,26148,88.3229,626.288,34.8,12.9,FDT01140cheek_ref_Pacnes_phage_NC028967_cov.tsv
NC_028967.1,1,29605,58,1898,6.41108,0.175815,34.3,4.31,FDT01078cheek_ref_Pacnes_phage_NC028967_cov.tsv
NC_028967.1,1,29605,132,2809,9.48826,0.404898,35.2,9.82,FDT01015cheek_ref_Pacnes_phage_NC028967_cov.tsv
NC_028967.1,1,29605,8,719,2.42864,0.0242864,34.6,6.75,FDT01071cheek_ref_Pacnes_phage_NC028967_cov.tsv
NC_028967.1,1,29605,190,4659,15.7372,0.576524,35.6,11.8,FDT0980cheek_ref_Pacnes_phage_NC028967_cov.tsv
NC_028967.1,1,29605,1292,10638,35.9331,3.92799,34.9,7.1,FDT01069cheek_ref_Pacnes_phage_NC028967_cov.tsv
NC_028967.1,1,29605,42366,22961,77.5578,133.111,35.4,5.81,FDT0868cheek_ref_Pacnes_phage_NC028967_cov.tsv
NC_028967.1,1,29605,201244,28519,96.3317,960.236,36.1,20.1,V46D_ref_Pacnes_phage_NC028967_cov.tsv
NC_028967.1,1,29605,198,3187,10.7651,0.61493,35.2,4.94,FDT01178cheek_ref_Pacnes_phage_NC028967_cov.tsv
NC_028967.1,1,29605,2144,18765,63.3846,6.4505,35.2,11.7,FDT0925cheek_ref_Pacnes_phage_NC028967_cov.tsv
NC_028967.1,1,29605,38,3454,11.6669,0.175004,36.3,6.16,PAH_Individual437_ref_Pacnes_phage_NC028967_cov.tsv
NC_028967.1,1,29605,16052,28389,95.8926,77.4984,36.3,14.8,V40D_ref_Pacnes_phage_NC028967_cov.tsv
NC_028967.1,1,29605,892,19885,67.1677,2.25354,34.4,21.4,ConcatenatedReads_6PA_TP_1_all_ref_Pacnes_phage_NC028967_cov.tsv
NC_028967.1,1,29605,1674,12203,41.2194,5.12832,35.3,13.5,FDT01154cheek_ref_Pacnes_phage_NC028967_cov.tsv
NC_028967.1,1,29605,524,11295,38.1523,1.60196,34.6,6.44,FDT01057cheek_ref_Pacnes_phage_NC028967_cov.tsv
NC_028967.1,1,29605,862,20739,70.0524,3.81405,36.5,12.7,PAH_Individual431_ref_Pacnes_phage_NC028967_cov.tsv
NC_028967.1,1,29605,430,7117,24.0399,1.3066,35.0,10.3,FDT01179cheek_ref_Pacnes_phage_NC028967_cov.tsv
NC_028967.1,1,29605,58,2622,8.85661,0.136497,36.9,21.9,ConcatenatedReads_25AA_TP_1_all_ref_Pacnes_phage_NC028967_cov.tsv
NC_028967.1,1,29605,6500,26228,88.5931,15.7739,36.3,22.8,ConcatenatedReads_23PA_TP_1_all_ref_Pacnes_phage_NC028967_cov.tsv
NC_028967.1,1,29605,888,10645,35.9568,2.68998,35.0,8.03,FDT0893cheek_ref_Pacnes_phage_NC028967_cov.tsv
NC_028967.1,1,29605,36,1707,5.76592,0.0880594,36.9,21.6,ConcatenatedReads_23AA_TP_1_all_ref_Pacnes_phage_NC028967_cov.tsv
NC_028967.1,1,29605,118,4791,16.1831,0.280932,36.8,19.1,ConcatenatedReads_11AA_TP_3_all_ref_Pacnes_phage_NC028967_cov.tsv
NC_028967.1,1,29605,1764,9073,30.6469,5.37028,35.3,7.27,FDT0895cheek_ref_Pacnes_phage_NC028967_cov.tsv
NC_028967.1,1,29605,740,22447,75.8217,2.45121,34.9,22.1,AN06_Pore_WGS_ref_Pacnes_phage_NC028967_cov.tsv
NC_028967.1,1,29605,1766,25829,87.2454,5.72998,35.1,18.7,AN07_Pore_WGS_ref_Pacnes_phage_NC028967_cov.tsv
NC_028967.1,1,29605,12,1145,3.86759,0.0407364,36.3,15.8,AN05_Pore_WGS_ref_Pacnes_phage_NC028967_cov.tsv
NC_028967.1,1,29605,86,5090,17.193,0.261881,36.5,14.6,HLSR1660_ref_Pacnes_phage_NC028967_cov.tsv
NC_028967.1,1,29605,2,138,0.466137,0.00682317,37.6,8.0,HLSR1604_ref_Pacnes_phage_NC028967_cov.tsv
NC_028967.1,1,29605,4,368,1.24303,0.0169904,36.5,5.5,SCC-DE-015-HS2_ref_Pacnes_phage_NC028967_cov.tsv
NC_028967.1,1,29605,274218,28870,97.5173,856.442,35.0,20.5,MET0157_ref_Pacnes_phage_NC028967_cov.tsv
NC_028967.1,1,29605,1624,22177,74.9096,5.10073,35.8,16.1,HLSR1661_ref_Pacnes_phage_NC028967_cov.tsv
NC_028967.1,1,29605,752,8723,29.4646,2.31971,34.5,7.97,FDT01073cheek_ref_Pacnes_phage_NC028967_cov.tsv
NC_028967.1,1,29605,1574,24181,81.6788,7.09323,36.5,17.9,SCC-DE-056-HS1_ref_Pacnes_phage_NC028967_cov.tsv
NC_028967.1,1,29605,14,511,1.72606,0.0436413,31.2,9.14,FDT0981cheek_ref_Pacnes_phage_NC028967_cov.tsv
NC_028967.1,1,29605,128028,28642,96.7472,591.517,36.3,16.6,V47G_ref_Pacnes_phage_NC028967_cov.tsv
NC_028967.1,1,29605,193466,24220,81.8105,601.903,35.3,7.62,FDT01009cheek_ref_Pacnes_phage_NC028967_cov.tsv
NC_028967.1,1,29605,1894,7938,26.813,5.78585,34.5,4.38,FDT01072cheek_ref_Pacnes_phage_NC028967_cov.tsv
NC_028967.1,1,29605,78,4746,16.0311,0.197264,34.2,21.4,ConcatenatedReads_6AA_TP_1_all_ref_Pacnes_phage_NC028967_cov.tsv
NC_028967.1,1,29605,928,9234,31.1907,2.85712,34.4,8.31,FDT0944cheek_ref_Pacnes_phage_NC028967_cov.tsv
NC_028967.1,1,29605,122,2878,9.72133,0.375274,34.6,4.43,FDT01134cheek_ref_Pacnes_phage_NC028967_cov.tsv
NC_028967.1,1,29605,1788,8668,29.2788,5.50444,35.4,4.07,FDT0870cheek_ref_Pacnes_phage_NC028967_cov.tsv
NC_028967.1,1,29605,0,0,0.0,0.0,0.0,0.0,FDT01110cheek_ref_Pacnes_phage_NC028967_cov.tsv
NC_028967.1,1,29605,71578,28246,95.4096,344.35,35.9,20.5,V46G_ref_Pacnes_phage_NC028967_cov.tsv
NC_028967.1,1,29605,34284,24389,82.3814,160.435,36.0,15.7,V5G_ref_Pacnes_phage_NC028967_cov.tsv
NC_028967.1,1,29605,8084,26482,89.4511,36.779,36.2,16.0,V19G_ref_Pacnes_phage_NC028967_cov.tsv
NC_028967.1,1,29605,34,3748,12.66,0.164601,35.8,18.0,V58G_ref_Pacnes_phage_NC028967_cov.tsv
NC_028967.1,1,29605,58,2860,9.66053,0.139368,36.8,21.1,ConcatenatedReads_9AA_TP_1_all_ref_Pacnes_phage_NC028967_cov.tsv
NC_028967.1,1,29605,330048,28955,97.8044,1534.99,36.1,16.2,V48G_ref_Pacnes_phage_NC028967_cov.tsv
NC_028967.1,1,29605,3392,25848,87.3096,16.1587,36.2,14.8,V19D_ref_Pacnes_phage_NC028967_cov.tsv
NC_028967.1,1,29605,8984,27124,91.6197,42.3105,36.2,17.5,V51G_ref_Pacnes_phage_NC028967_cov.tsv
NC_028967.1,1,29605,13452,25600,86.4719,64.9376,35.7,17.3,V56G_ref_Pacnes_phage_NC028967_cov.tsv
NC_028967.1,1,29605,90074,28245,95.4062,222.653,36.3,16.2,ConcatenatedReads_15PA_TP_5_all_ref_Pacnes_phage_NC028967_cov.tsv
NC_028967.1,1,29605,222014,28085,94.8657,1072.87,36.1,17.1,V51D_ref_Pacnes_phage_NC028967_cov.tsv
NC_028967.1,1,29605,2,147,0.496538,0.0060125,32.9,3.0,FDT0971cheek_ref_Pacnes_phage_NC028967_cov.tsv
NC_028967.1,1,29605,828,10955,37.0039,2.49938,34.8,6.85,FDT01055cheek_ref_Pacnes_phage_NC028967_cov.tsv
NC_028967.1,1,29605,27210,24119,81.4693,83.1489,34.6,15.0,FDT01029cheek_ref_Pacnes_phage_NC028967_cov.tsv
NC_028967.1,1,29605,14836,28129,95.0144,36.9773,35.6,20.1,ConcatenatedReads_JSB_TP_2_all_ref_Pacnes_phage_NC028967_cov.tsv
NC_028967.1,1,29605,132,2255,7.61696,0.4152,35.0,9.74,FDT01149cheek_ref_Pacnes_phage_NC028967_cov.tsv
NC_028967.1,1,29605,3238,22315,75.3758,7.99949,36.3,17.8,ConcatenatedReads_10PA_TP_5_all_ref_Pacnes_phage_NC028967_cov.tsv
NC_028967.1,1,29605,808,20174,68.1439,2.01375,36.6,20.4,ConcatenatedReads_12PA_TP_4_all_ref_Pacnes_phage_NC028967_cov.tsv
NC_028967.1,1,29605,12938,26791,90.4948,60.3829,33.4,14.9,PAH_Individual482_ref_Pacnes_phage_NC028967_cov.tsv
NC_028967.1,1,29605,176,3385,11.4339,0.538862,35.1,12.9,FDT01094cheek_ref_Pacnes_phage_NC028967_cov.tsv
NC_028967.1,1,29605,126,3707,12.5215,0.380814,35.0,13.1,FDT0973cheek_ref_Pacnes_phage_NC028967_cov.tsv
NC_028967.1,1,29605,8704,19594,66.1848,26.6631,34.9,8.82,FDT01096cheek_ref_Pacnes_phage_NC028967_cov.tsv
NC_028967.1,1,29605,77262,24297,82.0706,237.28,35.0,6.83,FDT01032cheek_ref_Pacnes_phage_NC028967_cov.tsv
NC_028967.1,1,29605,2454,12547,42.3814,7.53474,35.1,7.88,FDT01104cheek_ref_Pacnes_phage_NC028967_cov.tsv
NC_028967.1,1,29605,14,205,0.692451,0.0401959,36.2,18.4,FDT0902cheek_ref_Pacnes_phage_NC028967_cov.tsv
NC_028967.1,1,29605,204,3682,12.4371,0.623746,35.1,7.33,FDT01159cheek_ref_Pacnes_phage_NC028967_cov.tsv
NC_028967.1,1,29605,290,12946,43.7291,0.728458,34.6,24.8,ConcatenatedReads_1AA_TP_4_all_ref_Pacnes_phage_NC028967_cov.tsv
NC_028967.1,1,29605,21364,26870,90.7617,100.653,36.2,17.5,V54G_ref_Pacnes_phage_NC028967_cov.tsv
NC_028967.1,1,29605,2880,12415,41.9355,8.69961,35.0,4.41,FDT01033cheek_ref_Pacnes_phage_NC028967_cov.tsv
NC_028967.1,1,29605,2030,15957,53.8997,6.18541,35.0,9.1,FDT01080cheek_ref_Pacnes_phage_NC028967_cov.tsv
NC_028967.1,1,29605,0,0,0.0,0.0,0.0,0.0,FDT01079cheek_ref_Pacnes_phage_NC028967_cov.tsv
NC_028967.1,1,29605,1764,25082,84.7222,5.7972,35.5,21.0,AN19_Swab_WGS_ref_Pacnes_phage_NC028967_cov.tsv
NC_028967.1,1,29605,58772,23111,78.0645,180.608,35.0,6.2,FDT01035cheek_ref_Pacnes_phage_NC028967_cov.tsv
NC_028967.1,1,29605,1034,24732,83.5399,4.95866,36.3,19.2,V4D_ref_Pacnes_phage_NC028967_cov.tsv
NC_028967.1,1,29605,8782,26061,88.029,40.5327,36.3,17.8,V8G_ref_Pacnes_phage_NC028967_cov.tsv
NC_028967.1,1,29605,7662,26527,89.6031,35.1575,36.0,17.7,V8D_ref_Pacnes_phage_NC028967_cov.tsv
NC_028967.1,1,29605,410,18255,61.6619,1.82685,36.4,16.9,V42G_ref_Pacnes_phage_NC028967_cov.tsv
NC_028967.1,1,29605,3100,25440,85.9314,14.6,36.1,20.3,V9G_ref_Pacnes_phage_NC028967_cov.tsv
NC_028967.1,1,29605,16,1740,5.87739,0.0725891,36.3,10.6,V57D_ref_Pacnes_phage_NC028967_cov.tsv
NC_028967.1,1,29605,842,22062,74.5212,3.82824,36.3,16.7,V13G_ref_Pacnes_phage_NC028967_cov.tsv
NC_028967.1,1,29605,35364,27959,94.4401,164.044,36.3,17.2,V38D_ref_Pacnes_phage_NC028967_cov.tsv
NC_028967.1,1,29605,35364,27959,94.4401,164.044,36.3,17.2,V2G_ref_Pacnes_phage_NC028967_cov.tsv
NC_028967.1,1,29605,11168,26507,89.5356,52.521,36.2,19.9,V9D_ref_Pacnes_phage_NC028967_cov.tsv
NC_028967.1,1,29605,7314,27979,94.5077,34.2255,36.1,16.4,V53G_ref_Pacnes_phage_NC028967_cov.tsv
NC_028967.1,1,29605,8,715,2.41513,0.0344874,36.3,22.5,V12D_ref_Pacnes_phage_NC028967_cov.tsv
NC_028967.1,1,29605,618,19756,66.732,2.93741,36.2,15.7,V35D_ref_Pacnes_phage_NC028967_cov.tsv
NC_028967.1,1,29605,18306,26746,90.3428,86.1211,36.1,14.7,V52D_ref_Pacnes_phage_NC028967_cov.tsv
NC_028967.1,1,29605,1034,24732,83.5399,4.95866,36.3,19.2,V10D_ref_Pacnes_phage_NC028967_cov.tsv
NC_028967.1,1,29605,696,21292,71.9203,3.02888,36.3,19.4,V41G_ref_Pacnes_phage_NC028967_cov.tsv
NC_028967.1,1,29605,410,18255,61.6619,1.82685,36.4,16.9,V33D_ref_Pacnes_phage_NC028967_cov.tsv
NC_028967.1,1,29605,1338,24749,83.5974,6.124,36.2,18.6,V44D_ref_Pacnes_phage_NC028967_cov.tsv
NC_028967.1,1,29605,618,19756,66.732,2.93741,36.2,15.7,V45G_ref_Pacnes_phage_NC028967_cov.tsv
NC_028967.1,1,29605,1326,19935,67.3366,6.06317,36.2,16.3,V45D_ref_Pacnes_phage_NC028967_cov.tsv
NC_028967.1,1,29605,184,12167,41.0978,0.789765,36.3,19.2,V42D_ref_Pacnes_phage_NC028967_cov.tsv
NC_028967.1,1,29605,2,104,0.351292,0.00702584,35.6,42.0,V7G_ref_Pacnes_phage_NC028967_cov.tsv
NC_028967.1,1,29605,184,12167,41.0978,0.789765,36.3,19.2,V32G_ref_Pacnes_phage_NC028967_cov.tsv
NC_028967.1,1,29605,32,2700,9.12008,0.148488,36.1,22.6,V36D_ref_Pacnes_phage_NC028967_cov.tsv
NC_028967.1,1,29605,1326,19935,67.3366,6.06317,36.2,16.3,V34G_ref_Pacnes_phage_NC028967_cov.tsv
NC_028967.1,1,29605,4796,26294,88.8161,23.086,36.2,21.3,V55D_ref_Pacnes_phage_NC028967_cov.tsv
NC_028967.1,1,29605,7996,25463,86.0091,37.4309,36.3,17.6,V3D_ref_Pacnes_phage_NC028967_cov.tsv
NC_028967.1,1,29605,32,2700,9.12008,0.148488,36.1,22.6,V57G_ref_Pacnes_phage_NC028967_cov.tsv
NC_028967.1,1,29605,696,21292,71.9203,3.02888,36.3,19.4,V32D_ref_Pacnes_phage_NC028967_cov.tsv
NC_028967.1,1,29605,75550,28309,95.6224,360.281,36.2,16.5,V30D_ref_Pacnes_phage_NC028967_cov.tsv
NC_028967.1,1,29605,410,18677,63.0873,1.83253,36.4,19.1,V27G_ref_Pacnes_phage_NC028967_cov.tsv
NC_028967.1,1,29605,6462,26187,88.4547,29.3222,36.1,15.7,V52G_ref_Pacnes_phage_NC028967_cov.tsv
NC_028967.1,1,29605,1646,25188,85.0802,7.1366,36.2,19.9,V4G_ref_Pacnes_phage_NC028967_cov.tsv
NC_028967.1,1,29605,11636,27566,93.1126,52.6312,36.2,19.5,V43D_ref_Pacnes_phage_NC028967_cov.tsv
NC_028967.1,1,29605,16056,27587,93.1836,75.5857,36.2,16.1,V29G_ref_Pacnes_phage_NC028967_cov.tsv
NC_028967.1,1,29605,572,21598,72.9539,2.51039,36.3,17.5,V13D_ref_Pacnes_phage_NC028967_cov.tsv
NC_028967.1,1,29605,108,7084,23.9284,0.50022,35.9,16.3,V23G_ref_Pacnes_phage_NC028967_cov.tsv
NC_028967.1,1,29605,16,1740,5.87739,0.0725891,36.3,10.6,V35G_ref_Pacnes_phage_NC028967_cov.tsv
NC_028967.1,1,29605,1314,22187,74.9434,6.20561,36.2,15.0,V23D_ref_Pacnes_phage_NC028967_cov.tsv
NC_028967.1,1,29605,1646,25188,85.0802,7.1366,36.2,19.9,V10G_ref_Pacnes_phage_NC028967_cov.tsv
NC_028967.1,1,29605,10,1042,3.51968,0.0450937,36.4,14.4,V58D_ref_Pacnes_phage_NC028967_cov.tsv
NC_028967.1,1,29605,1444,26597,89.8396,6.43834,36.3,18.4,V25G_ref_Pacnes_phage_NC028967_cov.tsv
NC_028967.1,1,29605,2368,27059,91.4001,11.1542,36.2,17.3,V25D_ref_Pacnes_phage_NC028967_cov.tsv
NC_028967.1,1,29605,1732,21874,73.8862,8.1877,36.2,15.2,V15G_ref_Pacnes_phage_NC028967_cov.tsv
NC_028967.1,1,29605,16052,28389,95.8926,77.4984,36.3,14.8,V30G_ref_Pacnes_phage_NC028967_cov.tsv
NC_028967.1,1,29605,23142,28632,96.7134,105.004,36.3,18.9,V34D_ref_Pacnes_phage_NC028967_cov.tsv
NC_028967.1,1,29605,682,22058,74.5077,2.99102,36.3,18.7,V1D_ref_Pacnes_phage_NC028967_cov.tsv
NC_028967.1,1,29605,18110,28834,97.3957,84.932,36.2,15.5,V31D_ref_Pacnes_phage_NC028967_cov.tsv
NC_028967.1,1,29605,34,3748,12.66,0.164601,35.8,18.0,V37D_ref_Pacnes_phage_NC028967_cov.tsv
NC_028967.1,1,29605,2630,25821,87.2184,11.1167,36.2,19.3,V21G_ref_Pacnes_phage_NC028967_cov.tsv
NC_028967.1,1,29605,74,3618,12.2209,0.181456,36.9,19.1,ConcatenatedReads_17AB_TP_1_all_ref_Pacnes_phage_NC028967_cov.tsv
NC_028967.1,1,29605,34284,24389,82.3814,160.435,36.0,15.7,V11G_ref_Pacnes_phage_NC028967_cov.tsv
NC_028967.1,1,29605,468,18792,63.4758,1.99932,36.1,15.3,V26D_ref_Pacnes_phage_NC028967_cov.tsv
NC_028967.1,1,29605,388,19376,65.4484,1.82402,35.8,16.7,V14D_ref_Pacnes_phage_NC028967_cov.tsv
NC_028967.1,1,29605,20034,23146,78.1827,94.2131,36.2,15.6,V15D_ref_Pacnes_phage_NC028967_cov.tsv
NC_028967.1,1,29605,84,6135,20.7229,0.355413,36.5,20.0,V14G_ref_Pacnes_phage_NC028967_cov.tsv
NC_028967.1,1,29605,318,18099,61.1349,1.52559,36.3,16.5,V28D_ref_Pacnes_phage_NC028967_cov.tsv
NC_028967.1,1,29605,4840,27308,92.2412,22.2267,36.3,17.3,V20G_ref_Pacnes_phage_NC028967_cov.tsv
NC_028967.1,1,29605,2332,25058,84.6411,11.0768,36.2,19.7,V18D_ref_Pacnes_phage_NC028967_cov.tsv
NC_028967.1,1,29605,7314,27197,91.8662,33.7707,36.2,17.8,V20D_ref_Pacnes_phage_NC028967_cov.tsv
NC_028967.1,1,29605,742,22877,77.2741,3.52035,36.2,17.7,V18G_ref_Pacnes_phage_NC028967_cov.tsv
NC_028967.1,1,29605,2,104,0.351292,0.00702584,35.6,42.0,V12G_ref_Pacnes_phage_NC028967_cov.tsv
NC_028967.1,1,29605,3112,26896,90.8495,14.3525,36.2,16.5,V29D_ref_Pacnes_phage_NC028967_cov.tsv
NC_028967.1,1,29605,5264,22829,77.112,24.2111,36.1,16.1,V11D_ref_Pacnes_phage_NC028967_cov.tsv
NC_028967.1,1,29605,368,17209,58.1287,1.74656,36.2,17.8,V27D_ref_Pacnes_phage_NC028967_cov.tsv
NC_028967.1,1,29605,140,11494,38.8245,0.685019,36.1,14.7,V16G_ref_Pacnes_phage_NC028967_cov.tsv
NC_028967.1,1,29605,11636,27566,93.1126,52.6312,36.2,19.5,V33G_ref_Pacnes_phage_NC028967_cov.tsv
NC_028967.1,1,29605,44,4353,14.7036,0.221111,36.6,14.3,V16D_ref_Pacnes_phage_NC028967_cov.tsv
NC_028967.1,1,29605,35520,27177,91.7987,171.352,36.1,16.8,V31G_ref_Pacnes_phage_NC028967_cov.tsv
NC_028967.1,1,29605,1726,26514,89.5592,7.93072,36.2,17.7,V1G_ref_Pacnes_phage_NC028967_cov.tsv
NC_028967.1,1,29605,206,13230,44.6884,0.909779,36.4,18.5,V28G_ref_Pacnes_phage_NC028967_cov.tsv
NC_028967.1,1,29605,24738,27423,92.6296,60.9097,36.5,25.0,ConcatenatedReads_22PA_TP_1_all_ref_Pacnes_phage_NC028967_cov.tsv
NC_028967.1,1,29605,86,3558,12.0182,0.200777,36.8,25.1,ConcatenatedReads_13AA_TP_4_all_ref_Pacnes_phage_NC028967_cov.tsv
NC_028967.1,1,29605,62656,24319,82.1449,154.517,36.5,20.4,ConcatenatedReads_7AA_TP_5_all_ref_Pacnes_phage_NC028967_cov.tsv
NC_028967.1,1,29605,36,1936,6.53944,0.0894444,36.2,24.9,ConcatenatedReads_5AA_TP_1_all_ref_Pacnes_phage_NC028967_cov.tsv
NC_028967.1,1,29605,74100,28035,94.6968,181.39,36.7,25.0,ConcatenatedReads_1PA_TP_5_all_ref_Pacnes_phage_NC028967_cov.tsv
NC_028967.1,1,29605,20054,28176,95.1731,49.1082,36.5,21.7,ConcatenatedReads_25PA_TP_1_all_ref_Pacnes_phage_NC028967_cov.tsv
NC_028967.1,1,29605,18,944,3.18865,0.0435062,37.0,14.4,ConcatenatedReads_4AC_TP_1_all_ref_Pacnes_phage_NC028967_cov.tsv
NC_028967.1,1,29605,102,4800,16.2135,0.242054,36.8,26.2,ConcatenatedReads_12AA_TP_3_all_ref_Pacnes_phage_NC028967_cov.tsv
NC_028967.1,1,29605,112,5618,18.9765,0.270664,36.1,20.1,ConcatenatedReads_4PA_TP_2_all_ref_Pacnes_phage_NC028967_cov.tsv
