SampleName,total_defense_genes,defense_system_types,unique_types,unique_subtypes
7PB4N_16YC48,20,7,6,7
7AB3N_X1950,19,6,4,6
8PB4C_25YD85,14,4,4,4
2PA3C_Z05_58_16YB_H358,13,3,3,3
2PA1N_PN47,12,6,5,6
7PB4N_16YC40,12,7,5,7
7PB4N_16YC41,12,7,5,7
0CC1C_S1C47,10,6,6,6
5PB3C_24YB73,10,6,6,6
5PB3K_24YB50,10,6,6,6
8PB4C_25YD84,10,3,3,3
0CC1K_S1B11,9,5,5,5
0CC1K_S1B18,9,5,5,5
0CC1N_S1D91,9,5,5,5
0CC2C_S1B84,9,5,5,5
0CC2C_S1B85,9,5,5,5
0CC2F_S1C01,9,5,5,5
0CC2F_S1C03,9,5,5,5
0CC2F_S1C04,9,5,5,5
0CC2F_S1C05,9,5,5,5
0CC2F_S1C10,9,5,5,5
0CC2F_S1C11,9,5,5,5
0CC2F_S1C18,9,5,5,5
0CC2F_S1C19,9,5,5,5
0CC2F_S1C22,9,5,5,5
0CC2F_S1C23,9,5,5,5
0CC2F_S1C24,9,5,5,5
0CC2K_S1A50,9,5,5,5
0CC2K_S1A58,9,5,5,5
0CC2K_S1A63,9,5,5,5
0CC2K_S1A64,9,5,5,5
0CC2K_S1A67,9,5,5,5
0CC2K_S1A68,9,5,5,5
0CC2K_S1A70,9,5,5,5
0CC2K_S1A71,9,5,5,5
0CC2N_S1D60,9,5,5,5
1PA1K_X0282,9,6,6,6
1PB2C_S1A75,9,5,5,5
1PB2C_S1A76,9,5,5,5
1PB2C_S1A79,9,5,5,5
1PB2C_S1A80,9,5,5,5
1PB2C_S1A81,9,5,5,5
1PB2C_S1A84,9,5,5,5
1PB2C_S1A86,9,5,5,5
1PB2C_S1A89,9,5,5,5
1PB2C_S1A93,9,5,5,5
1PB2F_S1B49,9,5,5,5
1PB2F_S1B50,9,5,5,5
1PB2F_S1B52,9,5,5,5
1PB2F_S1B54,9,5,5,5
1PB2F_S1B58,9,5,5,5
1PB2F_S1B60,9,5,5,5
1PB2F_S1B62,9,5,5,5
1PB2F_S1B63,9,5,5,5
1PB2F_S1B64,9,5,5,5
1PB2F_S1B65,9,5,5,5
1PB2F_S1B67,9,5,5,5
1PB2F_S1B68,9,5,5,5
1PB2F_S1B69,9,5,5,5
1PB2F_S1B70,9,5,5,5
1PB2F_S1B71,9,5,5,5
1PB2N_S1C76,9,5,5,5
1PB2N_S1C78,9,5,5,5
1PB2N_S1C80,9,5,5,5
1PB2N_S1C85,9,5,5,5
1PB2N_S1C86,9,5,5,5
1PB2N_S1C89,9,5,5,5
1PB3C_23YAC15,9,5,5,5
1PB3C_23YAC17,9,5,5,5
1PB3C_23YAC19,9,5,5,5
1PB3F_23YAC1,9,5,5,5
1PB3F_23YAC2,9,5,5,5
1PB3F_23YAC4,9,5,5,5
1PB3F_23YAC5,9,5,5,5
1PB3F_23YAC6,9,5,5,5
1PB3N_23YAC11,9,5,5,5
1PB3N_23YAC8,9,5,5,5
2AA1N_X0225,9,5,5,5
2AA1N_X0226,9,5,5,5
2AA1N_X0521,9,5,5,5
2AA1N_X0523,9,5,5,5
2AA1N_X0527,9,5,5,5
2AA1N_X0528,9,5,5,5
2PA3C_Z05_45_16YB_E545,9,5,5,5
2PB1C_S1D07,9,5,5,5
2PB1C_S1D12,9,5,5,5
2PB1F_S1A10,9,5,5,5
2PB1F_S1A17,9,5,5,5
2PB1F_S1A18,9,5,5,5
2PB1K_S1C50,9,5,5,5
2PB1K_S1C53,9,5,5,5
2PB1K_S1C54,9,5,5,5
2PB1K_S1C59,9,5,5,5
2PB1K_S1C64,9,5,5,5
2PB1K_S1C69,9,5,5,5
2PB1N_S1B28,9,5,5,5
2PB1N_S1B31,9,5,5,5
2PB1N_S1B34,9,5,5,5
2PB1N_S1B38,9,5,5,5
2PB1N_S1B39,9,5,5,5
2PB1N_S1B43,9,5,5,5
2PB1N_S1B46,9,5,5,5
2PB1N_S1B47,9,5,5,5
3AA2F_X0713,9,5,5,5
3PA2C_X0773,9,5,5,5
3PA2C_X0779,9,5,5,5
3PA2F_X0850,9,5,5,5
3PA2F_X0851,9,5,5,5
3PA2F_X0853,9,5,5,5
3PA2F_X0856,9,5,5,5
3PA2F_X0857,9,5,5,5
3PA2F_X0864,9,5,5,5
3PA2F_X0865,9,5,5,5
3PA2F_X0870,9,5,5,5
3PA2F_X0871,9,5,5,5
3PA2F_X0872,9,5,5,5
3PA2N_X0979,9,5,5,5
4AA1K_X1395,9,5,5,5
4AA1K_X1531,9,5,5,5
4AA1K_X1546,9,5,5,5
4AA1N_X1638,9,5,5,5
4AA1N_X1647,9,5,5,5
4PA2C_X1102,9,5,5,5
4PA2C_X1103,9,5,5,5
4PA2C_X1104,9,5,5,5
4PA2C_X1105,9,5,5,5
4PA2C_X1106,9,5,5,5
4PA2C_X1108,9,5,5,5
4PA2C_X1113,9,5,5,5
4PA2C_X1115,9,5,5,5
4PA2C_X1116,9,5,5,5
4PA2C_X1117,9,5,5,5
4PA2C_X1118,9,5,5,5
4PA2C_X1119,9,5,5,5
4PA2C_X1120,9,5,5,5
4PA2C_X1121,9,5,5,5
4PA2C_X1123,9,5,5,5
4PA2C_X1124,9,5,5,5
4PA2F_X1049,9,5,5,5
4PA2F_X1051,9,5,5,5
4PA2F_X1052,9,5,5,5
4PA2F_X1054,9,5,5,5
4PA2F_X1055,9,5,5,5
4PA2F_X1057,9,5,5,5
4PA2F_X1058,9,5,5,5
4PA2F_X1059,9,5,5,5
4PA2F_X1061,9,5,5,5
4PA2F_X1062,9,5,5,5
4PA2F_X1063,9,5,5,5
4PA2F_X1064,9,5,5,5
4PA2F_X1065,9,5,5,5
4PA2F_X1066,9,5,5,5
4PA2F_X1067,9,5,5,5
4PA2F_X1068,9,5,5,5
4PA2F_X1069,9,5,5,5
4PA2F_X1070,9,5,5,5
4PA2F_X1071,9,5,5,5
4PA2F_X1072,9,5,5,5
4PA2F_X1109,9,5,5,5
4PA2F_X1110,9,5,5,5
4PA2F_X1111,9,5,5,5
4PA2K_X1001,9,5,5,5
4PA2K_X1002,9,5,5,5
4PA2K_X1003,9,5,5,5
4PA2K_X1004,9,5,5,5
4PA2K_X1005,9,5,5,5
4PA2K_X1006,9,5,5,5
4PA2K_X1007,9,5,5,5
4PA2K_X1008,9,5,5,5
4PA2K_X1009,9,5,5,5
4PA2K_X1010,9,5,5,5
4PA2K_X1011,9,5,5,5
4PA2K_X1012,9,5,5,5
4PA2K_X1013,9,5,5,5
4PA2K_X1014,9,5,5,5
4PA2K_X1015,9,5,5,5
4PA2K_X1016,9,5,5,5
4PA2K_X1017,9,5,5,5
4PA2K_X1018,9,5,5,5
4PA2K_X1019,9,5,5,5
4PA2K_X1020,9,5,5,5
4PA2K_X1021,9,5,5,5
4PA2K_X1023,9,5,5,5
4PA2K_X1024,9,5,5,5
4PA2N_X0937,9,5,5,5
4PA2N_X0938,9,5,5,5
4PA2N_X0940,9,5,5,5
4PA2N_X0944,9,5,5,5
4PA2N_X0945,9,5,5,5
4PA2N_X0946,9,5,5,5
4PA2N_X0947,9,5,5,5
4PA2N_X0948,9,5,5,5
4PA2N_X0962,9,5,5,5
4PA2N_X0963,9,5,5,5
4PA2N_X0964,9,5,5,5
4PA2N_X0965,9,5,5,5
4PA2N_X0966,9,5,5,5
4PA2N_X0967,9,5,5,5
4PA2N_X0968,9,5,5,5
4PA2N_X0969,9,5,5,5
4PA2N_X0970,9,5,5,5
4PA2N_X0971,9,5,5,5
4PA2N_X0972,9,5,5,5
5AA1F_X1126,9,5,5,5
5PA1F_X1138,9,5,5,5
5PA1F_X1140,9,5,5,5
5PA1F_X1145,9,5,5,5
5PA1K_X1247,9,5,5,5
5PA1N_X1155,9,5,5,5
5PA1N_X1162,9,5,5,5
5PA1N_X1164,9,5,5,5
5PA1N_X1170,9,5,5,5
5PA1N_X1171,9,5,5,5
5PB3C_24YB74,9,5,5,5
5PB3C_24YB79,9,5,5,5
5PB3C_24YB80,9,5,5,5
5PB3C_24YB88,9,5,5,5
5PB3C_24YB90,9,5,5,5
5PB3F_24YB14,9,5,5,5
5PB3F_24YB16,9,5,5,5
5PB3F_24YB20,9,5,5,5
5PB3F_24YB21,9,5,5,5
5PB3K_24YB49,9,5,5,5
5PB3K_24YB51,9,5,5,5
5PB3K_24YB55,9,5,5,5
5PB3K_24YB61,9,5,5,5
5PB3K_24YB62,9,5,5,5
5PB3K_24YB65,9,5,5,5
5PB3K_24YB66,9,5,5,5
5PB3K_24YB69,9,5,5,5
5PB3K_24YB71,9,5,5,5
5PB3N_24YB35,9,5,5,5
7AB1F_X1249,9,5,5,5
7AB1F_X1250,9,5,5,5
7AB1F_X1253,9,5,5,5
7AB1F_X1316,9,5,5,5
7AB1F_X1319,9,5,5,5
7AB1N_X1173,9,5,5,5
7AB1N_X1177,9,5,5,5
7AB1N_X1178,9,5,5,5
7AB1N_X1179,9,5,5,5
7AB1N_X1182,9,5,5,5
7AB1N_X1184,9,5,5,5
7AB1N_X1186,9,5,5,5
7AB1N_X1189,9,5,5,5
7PA1C_X0826,9,5,5,5
7PA1C_X0827,9,5,5,5
7PA1C_X0830,9,5,5,5
7PA1C_X0831,9,5,5,5
7PA1C_X0832,9,5,5,5
7PA1C_X0843,9,5,5,5
7PA1C_X0845,9,5,5,5
7PA1C_X1401,9,5,5,5
7PA1C_X1402,9,5,5,5
7PA1C_X1403,9,5,5,5
7PA1C_X1406,9,5,5,5
7PA1C_X1407,9,5,5,5
7PA1C_X1408,9,5,5,5
7PA1C_X1409,9,5,5,5
7PA1C_X1671,9,5,5,5
7PA1C_X1672,9,5,5,5
7PA1F_X0903,9,5,5,5
7PA1F_X0904,9,5,5,5
7PA1F_X0905,9,5,5,5
7PA1F_X0906,9,5,5,5
7PA1F_X0916,9,5,5,5
7PA1F_X0918,9,5,5,5
7PA1F_X0921,9,5,5,5
7PA1F_X0923,9,5,5,5
7PA1K_X1075,9,5,5,5
7PA1K_X1077,9,5,5,5
7PA1K_X1085,9,5,5,5
7PA1K_X1089,9,5,5,5
7PA1K_X1093,9,5,5,5
7PA1N_X1041,9,5,5,5
7PA3C_X1762,9,5,5,5
7PA3C_X1765,9,5,5,5
7PA3C_X1767,9,5,5,5
7PA3C_X1768,9,5,5,5
7PA3C_X1769,9,5,5,5
7PA3C_X1772,9,5,5,5
7PA3C_X1776,9,5,5,5
7PA3C_X1784,9,5,5,5
7PA3C_X1788,9,5,5,5
7PA3C_X1790,9,5,5,5
7PA3C_X1792,9,5,5,5
7PA3F_X1705,9,5,5,5
7PA3F_X1706,9,5,5,5
7PA3F_X1713,9,5,5,5
7PA3F_X1715,9,5,5,5
7PA3F_X1716,9,5,5,5
7PA3F_X1717,9,5,5,5
7PA3N_X1731,9,5,5,5
7PA3N_X1742,9,5,5,5
7PA3N_X1753,9,5,5,5
7PB4C_16YC86,9,5,5,5
7PB4C_16YC89,9,5,5,5
7PB4C_16YC93,9,5,5,5
7PB4C_16YC95,9,5,5,5
7PB4C_Z01_1_23YDC_A11,9,5,5,5
7PB4C_Z01_5_23YDC_A55,9,5,5,5
7PB4F_16YC20,9,5,5,5
7PB4F_16YC21,9,5,5,5
7PB4F_16YC4,9,5,5,5
7PB4F_16YC8,9,5,5,5
7PB4F_Z01_10_23YDC_A1010,9,5,5,5
7PB4F_Z01_14_23YDC_B214,9,5,5,5
7PB4F_Z01_16_23YDC_B416,9,5,5,5
7PB4F_Z01_6_23YDC_A66,9,5,5,5
7PB4F_Z01_8_23YDC_A88,9,5,5,5
7PB4K_16YC49,9,5,5,5
7PB4K_16YC55,9,5,5,5
7PB4K_16YC57,9,5,5,5
7PB4K_16YC59,9,5,5,5
7PB4K_16YC63,9,5,5,5
7PB4K_16YC64,9,5,5,5
7PB4K_16YC68,9,5,5,5
7PB4N_16YC45,9,5,5,5
8AB1F_25YH11,9,5,5,5
8AB3F_24YA10,9,5,5,5
8AB3F_24YA12,9,5,5,5
8AB3F_24YA14,9,5,5,5
8AB3F_24YA24,9,5,5,5
8AB3F_24YA3,9,5,5,5
8AB3F_24YA4,9,5,5,5
8AB3F_24YA5,9,5,5,5
8AB4F_25YA12,9,5,5,5
8AB4K_25YA55,9,2,2,2
8AC1C_25YC7,9,5,5,5
8AC1C_X0425,9,5,5,5
8PA3N_25YE26,9,5,5,5
8PA3N_25YE45,9,5,5,5
0CC1C_S1C26,8,1,1,1
0CC1C_S1C27,8,1,1,1
0CC1C_S1C30,8,1,1,1
0CC1C_S1C32,8,1,1,1
0CC1C_S1C36,8,1,1,1
0CC1F_S1A27,8,1,1,1
0CC1F_S1A30,8,1,1,1
0CC1F_S1A32,8,1,1,1
0CC1F_S1A34,8,1,1,1
0CC1F_S1A38,8,1,1,1
0CC1F_S1A42,8,1,1,1
0CC1F_S1A43,8,1,1,1
0CC1F_S1A45,8,1,1,1
0CC1F_S1A46,8,1,1,1
0CC1K_S1B01,8,5,5,5
0CC1K_S1B04,8,1,1,1
0CC1K_S1B06,8,1,1,1
0CC1K_S1B07,8,1,1,1
0CC1K_S1B10,8,1,1,1
0CC1K_S1B13,8,1,1,1
0CC1K_S1B15,8,1,1,1
0CC1K_S1B16,8,1,1,1
0CC1K_S1B24,8,1,1,1
0CC2C_S1B78,8,1,1,1
0CC2K_S1A52,8,1,1,1
0CC2K_S1A53,8,1,1,1
0CC2K_S1A56,8,1,1,1
0CC2K_S1A59,8,1,1,1
0CC2K_S1A61,8,1,1,1
0CC2K_S1A62,8,1,1,1
0CC2K_S1A65,8,1,1,1
0CC2K_S1A66,8,1,1,1
0CC2K_S1A72,8,1,1,1
0CC2N_S1D52,8,1,1,1
0CC2N_S1D53,8,1,1,1
0CC2N_S1D56,8,1,1,1
0CC2N_S1D59,8,1,1,1
0CC2N_S1D66,8,1,1,1
0CC2N_S1D71,8,1,1,1
1AA3N_X1837,8,1,1,1
1AA4C_Z03_53_23YCC_G1053,8,4,4,4
1PB2C_S1A74,8,1,1,1
1PB2C_S1A77,8,1,1,1
1PB2C_S1A87,8,1,1,1
2AA1K_X0108,8,1,1,1
2AA3K_23YBC18,8,5,5,5
2AB1C_X0332,8,1,1,1
2AB1K_X0306,8,1,1,1
2AB1K_X0309,8,1,1,1
2PA1C_X0635,8,1,1,1
2PA1C_X0638,8,1,1,1
2PA1C_X0639,8,1,1,1
2PA1C_X0643,8,1,1,1
2PA1C_X0644,8,1,1,1
2PA1C_X0655,8,1,1,1
2PA1C_X0656,8,1,1,1
2PA1C_X0657,8,1,1,1
2PA1C_X0661,8,1,1,1
2PA1F_X0337,8,1,1,1
2PA1F_X0340,8,1,1,1
2PA1F_X0345,8,1,1,1
2PA1F_X0346,8,1,1,1
2PA1F_X0347,8,1,1,1
2PA1F_X0349,8,1,1,1
2PA1F_X0350,8,1,1,1
2PA1F_X0351,8,1,1,1
2PA1F_X0353,8,1,1,1
2PA1F_X0356,8,1,1,1
2PA1F_X0357,8,1,1,1
2PA1F_X0358,8,1,1,1
2PA1F_X0359,8,1,1,1
2PA1F_X0360,8,1,1,1
2PA1F_X0361,8,1,1,1
2PA1K_X0234,8,1,1,1
2PA1K_X0235,8,1,1,1
2PA1K_X0236,8,1,1,1
2PA1K_X0237,8,1,1,1
2PA1K_X0240,8,1,1,1
2PA1K_X0241,8,1,1,1
2PA1K_X0242,8,1,1,1
2PA1K_X0243,8,1,1,1
2PA1K_X0244,8,1,1,1
2PA1K_X0245,8,1,1,1
2PA1K_X0246,8,1,1,1
2PA1K_X0247,8,1,1,1
2PA1K_X0248,8,1,1,1
2PA1K_X0249,8,1,1,1
2PA1K_X0250,8,1,1,1
2PA1K_X0252,8,1,1,1
2PA1K_X0253,8,1,1,1
2PA1K_X0254,8,1,1,1
2PA1K_X0255,8,1,1,1
2PA1K_X0256,8,1,1,1
2PA1K_X0257,8,1,1,1
2PA1K_X0258,8,1,1,1
2PA1K_X0260,8,1,1,1
2PA1K_X0262,8,1,1,1
2PA1K_X0263,8,1,1,1
2PA1N_PN34,8,1,1,1
2PA1N_PN35,8,1,1,1
2PA1N_PN45,8,1,1,1
2PA1N_PN46,8,1,1,1
2PA1N_PN54,8,1,1,1
2PA1N_PN55,8,1,1,1
2PA1N_PN56,8,1,1,1
2PA1N_PN57,8,1,1,1
2PA1N_PN59,8,1,1,1
2PA1N_PN60,8,1,1,1
2PA3C_Z03_56_23YCC_B856,8,1,1,1
2PA3C_Z05_38_16YB_F238,8,1,1,1
2PA3C_Z05_42_16YB_F642,8,1,1,1
2PA3C_Z05_49_16YB_G449,8,1,1,1
2PA3C_Z05_55_16YB_G1155,8,1,1,1
2PA3C_Z05_59_16YB_H1159,8,1,1,1
2PA3C_Z05_60_16YB_H1260,8,1,1,1
2PA3C_Z05_65_16YB_H965,8,1,1,1
2PA3F_Z01_25_23YDC_C125,8,1,1,1
2PA3F_Z01_26_23YDC_C226,8,1,1,1
2PA3F_Z01_27_23YDC_C327,8,1,1,1
2PA3F_Z01_28_23YDC_C428,8,1,1,1
2PA3F_Z01_29_23YDC_C529,8,1,1,1
2PA3F_Z01_30_23YDC_C630,8,1,1,1
2PA3F_Z01_31_23YDC_C731,8,1,1,1
2PA3F_Z01_32_23YDC_C832,8,1,1,1
2PA3F_Z01_33_23YDC_C933,8,1,1,1
2PA3F_Z01_34_23YDC_C1034,8,1,1,1
2PA3F_Z01_35_23YDC_C1135,8,1,1,1
2PA3F_Z01_37_23YDC_D137,8,1,1,1
2PA3F_Z01_39_23YDC_D339,8,1,1,1
2PA3F_Z01_40_23YDC_D440,8,1,1,1
2PA3F_Z01_41_23YDC_D541,8,1,1,1
2PA3F_Z01_42_23YDC_D642,8,1,1,1
2PA3F_Z01_50_23YDC_E250,8,1,1,1
2PA3F_Z01_53_23YDC_E553,8,1,1,1
2PA3F_Z01_54_23YDC_E654,8,1,1,1
2PA3F_Z01_55_23YDC_E755,8,1,1,1
2PA3F_Z01_56_23YDC_E856,8,1,1,1
2PA3F_Z01_57_23YDC_E957,8,1,1,1
2PA3F_Z01_58_23YDC_E1058,8,1,1,1
2PA3F_Z01_59_23YDC_E1159,8,1,1,1
2PA3F_Z01_60_23YDC_E1260,8,1,1,1
2PA3F_Z05_10_16YB_B710,8,1,1,1
2PA3F_Z05_12_16YB_B1212,8,1,1,1
2PA3F_Z05_14_16YB_C214,8,1,1,1
2PA3F_Z05_15_16YB_C315,8,1,1,1
2PA3F_Z05_17_16YB_C517,8,1,1,1
2PA3F_Z05_18_16YB_C618,8,1,1,1
2PA3F_Z05_19_16YB_C719,8,1,1,1
2PA3F_Z05_1_16YB_A21,8,1,1,1
2PA3F_Z05_3_16YB_A43,8,1,1,1
2PA3F_Z05_4_16YB_A64,8,1,1,1
2PA3F_Z05_8_16YB_B38,8,1,1,1
2PA3F_Z05_9_16YB_B49,8,1,1,1
2PA3N_Z05_26_16YB_D226,8,1,1,1
2PA3N_Z05_30_16YB_D630,8,1,1,1
2PA3N_Z05_33_16YB_D933,8,1,1,1
2PA3N_Z05_34_16YB_D1034,8,1,1,1
2PA3N_Z05_36_16YB_D1236,8,1,1,1
2PB1C_S1D04,8,1,1,1
2PB1C_S1D06,8,1,1,1
2PB1F_S1A02,8,1,1,1
2PB1F_S1A03,8,1,1,1
2PB1F_S1A04,8,1,1,1
2PB1F_S1A06,8,1,1,1
2PB1F_S1A07,8,1,1,1
2PB1F_S1A08,8,1,1,1
2PB1F_S1A09,8,1,1,1
2PB1F_S1A11,8,1,1,1
2PB1F_S1A12,8,1,1,1
2PB1F_S1A14,8,1,1,1
2PB1F_S1A16,8,1,1,1
2PB1F_S1A19,8,1,1,1
2PB1F_S1A21,8,1,1,1
2PB1F_S1A22,8,1,1,1
2PB1F_S1A23,8,1,1,1
2PB1F_S1A24,8,1,1,1
2PB1K_S1C56,8,1,1,1
2PB1K_S1C57,8,1,1,1
2PB1K_S1C58,8,1,1,1
2PB1K_S1C61,8,5,5,5
2PB1K_S1C63,8,1,1,1
2PB1K_S1C67,8,5,5,5
2PB1N_S1B27,8,1,1,1
2PB1N_S1B33,8,1,1,1
2PB1N_S1B35,8,5,5,5
2PB1N_S1B37,8,5,5,5
2PB1N_S1B42,8,5,5,5
2PB1N_S1B45,8,5,5,5
3AB2F_X0701,8,5,5,5
3PA2C_X0777,8,5,5,5
3PA2C_X0778,8,5,5,5
3PA2C_X0789,8,5,5,5
3PA2C_X0790,8,5,5,5
3PA2C_X0791,8,5,5,5
3PA2C_X0792,8,5,5,5
3PA2C_X0794,8,5,5,5
3PA2F_X0855,8,5,5,5
3PA2F_X0863,8,5,5,5
3PA2F_X0866,8,5,5,5
3PA2F_X0867,8,5,5,5
3PA2F_X0869,8,5,5,5
3PA2N_X0977,8,5,5,5
3PA2N_X0987,8,5,5,5
5PB3C_24YB78,8,1,1,1
7AB1F_X1314,8,1,1,1
7AB1K_X1191,8,1,1,1
7AB1K_X1192,8,1,1,1
7AB1K_X1196,8,1,1,1
7AB1K_X1274,8,1,1,1
7AB1N_X1175,8,1,1,1
7AB1N_X1176,8,1,1,1
7AB1N_X1185,8,1,1,1
7AB1N_X1254,8,1,1,1
7AB1N_X1255,8,1,1,1
7AB1N_X1256,8,1,1,1
7AB3C_X1933,8,1,1,1
7AB3C_X1944,8,1,1,1
7AB3K_X1901,8,1,1,1
7AB3K_X1902,8,1,1,1
7AB3K_X1904,8,1,1,1
7AB3K_X1905,8,1,1,1
7AB3K_X1906,8,1,1,1
7AB3K_X1907,8,1,1,1
7AB3K_X1908,8,1,1,1
7AB3K_X1909,8,1,1,1
7AB3K_X1913,8,1,1,1
7AB3K_X1914,8,1,1,1
7AB3K_X1915,8,1,1,1
7AB3K_X1916,8,1,1,1
7AB3K_X1917,8,1,1,1
7AB3K_X1919,8,1,1,1
7AB3K_X1920,8,1,1,1
7AB3K_X1921,8,1,1,1
7AB3K_X1924,8,1,1,1
7AB3K_X1925,8,1,1,1
7AB3K_X1926,8,1,1,1
7AB3K_X1927,8,1,1,1
7AB3K_X1928,8,1,1,1
7AB3K_X1930,8,1,1,1
7AB3K_X1931,8,1,1,1
7AB3N_X1802,8,1,1,1
7AB3N_X1803,8,1,1,1
7AB3N_X1951,8,1,1,1
7AB3N_X1952,8,1,1,1
7AB3N_X1954,8,1,1,1
7AB3N_X1955,8,1,1,1
7AB3N_X1957,8,1,1,1
7AB3N_X1958,8,1,1,1
7AB3N_X1960,8,1,1,1
7AB3N_X1961,8,1,1,1
7AB3N_X1962,8,1,1,1
7AB3N_X1963,8,1,1,1
7AB3N_X1964,8,1,1,1
7AB3N_X1965,8,1,1,1
7AB3N_X1966,8,1,1,1
7AB3N_X1967,8,1,1,1
7AB3N_X1968,8,1,1,1
7AB3N_X1969,8,1,1,1
7AB3N_X1970,8,1,1,1
7AB3N_X1974,8,1,1,1
7AB3N_X1975,8,1,1,1
7AB3N_X1976,8,1,1,1
7AB3N_X1977,8,1,1,1
7AB3N_X1978,8,1,1,1
7AB3N_X1979,8,1,1,1
7AB3N_X1981,8,1,1,1
7AB3N_X1982,8,1,1,1
7AB3N_X1984,8,1,1,1
7AB3N_X1985,8,1,1,1
7AB3N_X1986,8,1,1,1
7AB3N_X1987,8,1,1,1
7AB3N_X1988,8,1,1,1
7AB3N_X1990,8,1,1,1
7AB3N_X1991,8,1,1,1
7AB3N_X1992,8,1,1,1
7AB3N_X1993,8,1,1,1
7AB3N_X1994,8,1,1,1
7AB3N_X1995,8,1,1,1
7PA1C_X0825,8,1,1,1
7PA1C_X0828,8,1,1,1
7PA1C_X0829,8,1,1,1
7PA1C_X0833,8,1,1,1
7PA1C_X0834,8,1,1,1
7PA1C_X0835,8,1,1,1
7PA1C_X0844,8,1,1,1
7PA1C_X0846,8,1,1,1
7PA1C_X0847,8,1,1,1
7PA1C_X0848,8,1,1,1
7PA1C_X1404,8,1,1,1
7PA1C_X1405,8,1,1,1
7PA1C_X1410,8,1,1,1
7PA1C_X1411,8,1,1,1
7PA1F_X0901,8,1,1,1
7PA1F_X0902,8,1,1,1
7PA1F_X0907,8,1,1,1
7PA1F_X0909,8,1,1,1
7PA1F_X0910,8,1,1,1
7PA1F_X0911,8,1,1,1
7PA1F_X0912,8,1,1,1
7PA1F_X0913,8,1,1,1
7PA1F_X0914,8,1,1,1
7PA1F_X0915,8,1,1,1
7PA1F_X0917,8,1,1,1
7PA1F_X0919,8,1,1,1
7PA1F_X0922,8,1,1,1
7PA1F_X0924,8,1,1,1
7PA1K_X1074,8,1,1,1
7PA1K_X1076,8,1,1,1
7PA1K_X1078,8,1,1,1
7PA1K_X1079,8,1,1,1
7PA1K_X1080,8,1,1,1
7PA1K_X1081,8,1,1,1
7PA1K_X1082,8,1,1,1
7PA1K_X1087,8,1,1,1
7PA1K_X1088,8,1,1,1
7PA1K_X1090,8,1,1,1
7PA1K_X1094,8,1,1,1
7PA1N_X1026,8,1,1,1
7PA1N_X1027,8,1,1,1
7PA1N_X1028,8,1,1,1
7PA1N_X1029,8,1,1,1
7PA1N_X1030,8,1,1,1
7PA1N_X1031,8,1,1,1
7PA1N_X1032,8,1,1,1
7PA1N_X1033,8,1,1,1
7PA1N_X1034,8,1,1,1
7PA1N_X1036,8,1,1,1
7PA1N_X1037,8,1,1,1
7PA1N_X1038,8,1,1,1
7PA1N_X1039,8,1,1,1
7PA1N_X1040,8,1,1,1
7PA1N_X1042,8,1,1,1
7PA1N_X1043,8,1,1,1
7PA1N_X1044,8,1,1,1
7PA1N_X1045,8,1,1,1
7PA1N_X1046,8,1,1,1
7PA1N_X1047,8,1,1,1
7PA1N_X1048,8,1,1,1
7PA3C_X1758,8,1,1,1
7PA3C_X1759,8,1,1,1
7PA3C_X1760,8,1,1,1
7PA3C_X1761,8,1,1,1
7PA3C_X1763,8,1,1,1
7PA3C_X1764,8,1,1,1
7PA3C_X1766,8,1,1,1
7PA3C_X1770,8,1,1,1
7PA3C_X1771,8,1,1,1
7PA3C_X1773,8,1,1,1
7PA3C_X1774,8,1,1,1
7PA3C_X1775,8,1,1,1
7PA3C_X1777,8,1,1,1
7PA3C_X1778,8,1,1,1
7PA3C_X1779,8,1,1,1
7PA3C_X1780,8,1,1,1
7PA3C_X1781,8,1,1,1
7PA3C_X1782,8,1,1,1
7PA3C_X1783,8,1,1,1
7PA3C_X1785,8,1,1,1
7PA3C_X1786,8,1,1,1
7PA3C_X1787,8,1,1,1
7PA3C_X1789,8,1,1,1
7PA3C_X1791,8,1,1,1
7PA3C_X1793,8,1,1,1
7PA3C_X1794,8,1,1,1
7PA3C_X1795,8,1,1,1
7PA3F_X1703,8,1,1,1
7PA3F_X1704,8,1,1,1
7PA3F_X1707,8,1,1,1
7PA3F_X1709,8,1,1,1
7PA3F_X1710,8,1,1,1
7PA3F_X1711,8,1,1,1
7PA3F_X1712,8,1,1,1
7PA3F_X1714,8,1,1,1
7PA3F_X1718,8,1,1,1
7PA3F_X1719,8,1,1,1
7PA3F_X1720,8,1,1,1
7PA3F_X1721,8,1,1,1
7PA3K_X1701,8,1,1,1
7PA3N_X1723,8,1,1,1
7PA3N_X1725,8,1,1,1
7PA3N_X1726,8,1,1,1
7PA3N_X1727,8,1,1,1
7PA3N_X1729,8,1,1,1
7PA3N_X1733,8,1,1,1
7PA3N_X1735,8,1,1,1
7PA3N_X1737,8,1,1,1
7PA3N_X1741,8,1,1,1
7PA3N_X1743,8,1,1,1
7PA3N_X1745,8,1,1,1
7PA3N_X1747,8,1,1,1
7PA3N_X1749,8,1,1,1
7PA3N_X1750,8,1,1,1
7PA3N_X1751,8,1,1,1
7PA3N_X1755,8,1,1,1
7PA3N_X1756,8,1,1,1
7PB4C_16YC81,8,1,1,1
7PB4F_16YC2,8,1,1,1
7PB4F_Z01_11_23YDC_A1111,8,1,1,1
7PB4F_Z01_12_23YDC_A1212,8,1,1,1
7PB4F_Z01_13_23YDC_B113,8,1,1,1
7PB4F_Z01_15_23YDC_B315,8,1,1,1
7PB4F_Z01_7_23YDC_A77,8,1,1,1
7PB4F_Z01_9_23YDC_A99,8,1,1,1
7PB4K_16YC60,8,1,1,1
7PB4K_Z01_19_23YDC_B719,8,1,1,1
8AB1F_25YH2,8,1,1,1
8AB1F_25YH24,8,1,1,1
8AB1F_25YH5,8,1,1,1
8AB1N_25YH25,8,1,1,1
8AB1N_25YH26,8,1,1,1
8AB1N_25YH27,8,1,1,1
8AB1N_25YH28,8,1,1,1
8AB1N_25YH29,8,1,1,1
8AB1N_25YH30,8,1,1,1
8AB1N_25YH31,8,1,1,1
8AB1N_25YH34,8,1,1,1
8AB1N_25YH35,8,1,1,1
8AB1N_25YH36,8,1,1,1
8AB1N_25YH37,8,1,1,1
8AB1N_25YH38,8,1,1,1
8AB1N_25YH39,8,1,1,1
8AB1N_25YH40,8,1,1,1
8AB1N_25YH41,8,1,1,1
8AB1N_25YH42,8,1,1,1
8AB1N_25YH43,8,1,1,1
8AB1N_25YH47,8,1,1,1
8AB1N_25YH48,8,1,1,1
8AB3C_24YA71,8,1,1,1
8AB3F_24YA1,8,1,1,1
8AB3F_24YA13,8,1,1,1
8AB3F_24YA19,8,1,1,1
8AB3F_24YA9,8,1,1,1
8AB3K_24YA49,8,1,1,1
8AB3K_24YA51,8,1,1,1
8AB3K_24YA52,8,1,1,1
8AB3K_24YA53,8,1,1,1
8AB3K_24YA54,8,1,1,1
8AB3K_24YA56,8,1,1,1
8AB3K_24YA60,8,1,1,1
8AB3K_24YA64,8,1,1,1
8AB3K_24YA65,8,1,1,1
8AB3K_24YA67,8,1,1,1
8AB3N_24YA25,8,1,1,1
8AB3N_24YA26,8,1,1,1
8AB3N_24YA27,8,1,1,1
8AB3N_24YA28,8,1,1,1
8AB3N_24YA29,8,1,1,1
8AB3N_24YA30,8,1,1,1
8AB3N_24YA31,8,1,1,1
8AB3N_24YA34,8,1,1,1
8AB3N_24YA35,8,1,1,1
8AB3N_24YA36,8,1,1,1
8AB3N_24YA37,8,1,1,1
8AB3N_24YA38,8,1,1,1
8AB3N_24YA39,8,1,1,1
8AB3N_24YA40,8,1,1,1
8AB3N_24YA41,8,1,1,1
8AB3N_24YA42,8,1,1,1
8AB3N_24YA43,8,1,1,1
8AB3N_24YA44,8,1,1,1
8AB3N_24YA45,8,1,1,1
8AB3N_24YA46,8,1,1,1
8AB3N_24YA48,8,1,1,1
8AB4C_25YA84,8,1,1,1
8AB4F_25YA10,8,1,1,1
8AB4F_25YA11,8,1,1,1
8AB4F_25YA16,8,1,1,1
8AB4F_25YA21,8,1,1,1
8AB4F_25YA24,8,1,1,1
8AB4F_25YA3,8,1,1,1
8AB4F_25YA4,8,1,1,1
8AB4F_25YA5,8,1,1,1
8AB4F_25YA6,8,1,1,1
8AB4K_25YA49,8,1,1,1
8AB4K_25YA50,8,1,1,1
8AB4K_25YA51,8,1,1,1
8AB4K_25YA56,8,1,1,1
8AB4K_25YA58,8,1,1,1
8AB4K_25YA59,8,1,1,1
8AB4K_25YA60,8,1,1,1
8AB4K_25YA61,8,1,1,1
8AB4K_25YA62,8,1,1,1
8AB4K_25YA66,8,1,1,1
8AB4K_25YA67,8,1,1,1
8AB4K_25YA71,8,1,1,1
8AB4K_25YA72,8,1,1,1
8AB4N_25YA25,8,1,1,1
8AB4N_25YA26,8,1,1,1
8AB4N_25YA27,8,1,1,1
8AB4N_25YA28,8,1,1,1
8AB4N_25YA29,8,1,1,1
8AB4N_25YA30,8,1,1,1
8AB4N_25YA33,8,1,1,1
8AB4N_25YA34,8,1,1,1
8AB4N_25YA35,8,1,1,1
8AB4N_25YA36,8,1,1,1
8AB4N_25YA38,8,1,1,1
8AB4N_25YA39,8,1,1,1
8AB4N_25YA40,8,1,1,1
8AB4N_25YA42,8,1,1,1
8AB4N_25YA43,8,1,1,1
8AC1C_X0407,8,1,1,1
8AC1C_X0436,8,1,1,1
8AC1_S-84,8,1,1,1
8AC4C_23YAC73,8,1,1,1
8AC4C_23YAC74,8,1,1,1
8AC4C_23YAC76,8,1,1,1
8AC4C_23YAC79,8,1,1,1
8AC4C_23YAC80,8,1,1,1
8AC4C_23YAC81,8,1,1,1
8AC4C_23YAC82,8,1,1,1
8AC4C_23YAC83,8,1,1,1
8AC4C_9YC66,8,1,1,1
8AC4C_9YC67,8,1,1,1
8AC4C_9YC68,8,1,1,1
8AC4C_9YC69,8,1,1,1
8AC4C_9YC72,8,1,1,1
8AC4C_9YC73,8,1,1,1
8AC4C_9YC77,8,1,1,1
8AC4C_9YC79,8,1,1,1
8AC4C_9YC84,8,1,1,1
8AC4C_9YC85,8,1,1,1
8AC4C_9YC86,8,1,1,1
8AC4C_9YC88,8,1,1,1
8AC4C_9YC89,8,1,1,1
8AC4C_9YC92,8,1,1,1
8AC4C_9YC93,8,1,1,1
8AC4C_9YC94,8,1,1,1
8AC4C_9YC95,8,1,1,1
8AC4C_9YC96,8,1,1,1
8AC4N_23YBC61,8,1,1,1
8AC4N_9YC12,8,1,1,1
8AC4N_9YC23,8,1,1,1
8PA3C_25YE73,8,1,1,1
8PA3C_25YE74,8,1,1,1
8PA3C_25YE76,8,1,1,1
8PA3C_25YE77,8,1,1,1
8PA3C_25YE79,8,1,1,1
8PA3C_25YE83,8,1,1,1
8PA3C_25YE85,8,1,1,1
8PA3C_25YE86,8,1,1,1
8PA3C_25YE87,8,1,1,1
8PA3C_25YE91,8,1,1,1
8PA3C_25YE93,8,1,1,1
8PA3C_25YE95,8,1,1,1
8PA3C_25YE96,8,1,1,1
8PA3F_25YE1,8,1,1,1
8PA3F_25YE10,8,1,1,1
8PA3F_25YE11,8,1,1,1
8PA3F_25YE12,8,1,1,1
8PA3F_25YE13,8,1,1,1
8PA3F_25YE14,8,1,1,1
8PA3F_25YE15,8,1,1,1
8PA3F_25YE16,8,1,1,1
8PA3F_25YE17,8,1,1,1
8PA3F_25YE18,8,1,1,1
8PA3F_25YE19,8,1,1,1
8PA3F_25YE2,8,1,1,1
8PA3F_25YE20,8,1,1,1
8PA3F_25YE21,8,1,1,1
8PA3F_25YE22,8,1,1,1
8PA3F_25YE24,8,1,1,1
8PA3F_25YE3,8,1,1,1
8PA3F_25YE4,8,1,1,1
8PA3F_25YE5,8,1,1,1
8PA3F_25YE6,8,1,1,1
8PA3F_25YE7,8,1,1,1
8PA3F_25YE8,8,1,1,1
8PA3F_25YE9,8,1,1,1
8PA3K_25YE49,8,1,1,1
8PA3K_25YE50,8,1,1,1
8PA3K_25YE52,8,1,1,1
8PA3K_25YE54,8,1,1,1
8PA3K_25YE55,8,1,1,1
8PA3K_25YE56,8,1,1,1
8PA3K_25YE57,8,1,1,1
8PA3K_25YE58,8,1,1,1
8PA3K_25YE59,8,1,1,1
8PA3K_25YE61,8,1,1,1
8PA3K_25YE62,8,1,1,1
8PA3K_25YE64,8,1,1,1
8PA3K_25YE67,8,1,1,1
8PA3K_25YE68,8,1,1,1
8PA3K_25YE69,8,1,1,1
8PA3K_25YE70,8,1,1,1
8PA3K_25YE71,8,1,1,1
8PA3K_25YE72,8,1,1,1
8PA3N_25YE25,8,1,1,1
8PA3N_25YE28,8,1,1,1
8PA3N_25YE29,8,1,1,1
8PA3N_25YE31,8,1,1,1
8PA3N_25YE33,8,1,1,1
8PA3N_25YE34,8,1,1,1
8PA3N_25YE35,8,1,1,1
8PA3N_25YE36,8,1,1,1
8PA3N_25YE38,8,1,1,1
8PA3N_25YE39,8,1,1,1
8PA3N_25YE40,8,1,1,1
8PA3N_25YE41,8,1,1,1
8PA3N_25YE42,8,1,1,1
8PA3N_25YE43,8,1,1,1
8PA3N_25YE44,8,1,1,1
8PA3N_25YE46,8,1,1,1
8PB4C_25YD91,8,1,1,1
8PB4F_25YD1,8,1,1,1
8PB4F_25YD11,8,1,1,1
8PB4F_25YD12,8,1,1,1
8PB4F_25YD17,8,1,1,1
8PB4F_25YD19,8,1,1,1
8PB4F_25YD20,8,1,1,1
8PB4F_25YD6,8,1,1,1
8PB4F_25YD9,8,1,1,1
8PB4K_25YD54,8,1,1,1
8PB4N_25YD35,8,1,1,1
8PB4N_25YD41,8,1,1,1
8PB4N_25YD45,8,1,1,1
8PB4N_25YD48,8,1,1,1
1AA1K_X0169,7,4,4,4
1AA1K_X0178,7,4,4,4
1AA1K_X0181,7,4,4,4
1AA1K_X0191,7,4,4,4
1AA1N_X0569,7,4,4,4
1AA1N_X0588,7,4,4,4
1AA1N_X0592,7,4,4,4
1AA3C_X1878,7,4,4,4
1AA3K_X1804,7,4,4,4
1AA3K_X1814,7,4,4,4
1AA3K_X1819,7,4,4,4
1AA3K_X1820,7,4,4,4
1AA3K_X1826,7,4,4,4
1AA3K_X1827,7,4,4,4
1AA3K_X1828,7,4,4,4
1AA3K_X1830,7,4,4,4
1AA3K_X1833,7,4,4,4
1AA3K_X1834,7,4,4,4
1AA4C_Z04_55_16YA_G125C,7,4,4,4
1PA1C_X0685,7,4,4,4
1PA1C_X0690,7,4,4,4
1PA1C_X0691,7,4,4,4
1PA1F_X0366,7,4,4,4
1PA1F_X0367,7,4,4,4
1PA1F_X0368,7,4,4,4
1PA1F_X0369,7,4,4,4
1PA1F_X0370,7,4,4,4
1PA1F_X0371,7,4,4,4
1PA1F_X0372,7,4,4,4
1PA1F_X0373,7,4,4,4
1PA1F_X0375,7,4,4,4
1PA1F_X0377,7,4,4,4
1PA1F_X0378,7,4,4,4
1PA1F_X0379,7,4,4,4
1PA1F_X0380,7,4,4,4
1PA1F_X0382,7,4,4,4
1PA1F_X0383,7,4,4,4
1PA1F_X0384,7,4,4,4
1PA1F_X0386,7,4,4,4
1PA1F_X0388,7,4,4,4
1PA1F_X0389,7,4,4,4
1PA1F_X0390,7,4,4,4
1PA1F_X0391,7,4,4,4
1PA1F_X0393,7,4,4,4
1PA1F_X0395,7,4,4,4
1PA1K_X0266,7,4,4,4
1PA1K_X0268,7,4,4,4
1PA1K_X0269,7,4,4,4
1PA1K_X0270,7,4,4,4
1PA1K_X0272,7,4,4,4
1PA1K_X0275,7,4,4,4
1PA1K_X0276,7,4,4,4
1PA1K_X0277,7,4,4,4
1PA1K_X0278,7,4,4,4
1PA1K_X0279,7,4,4,4
1PA1K_X0283,7,4,4,4
1PA1K_X0284,7,4,4,4
1PA1K_X0285,7,4,4,4
1PA1K_X0286,7,4,4,4
1PA1K_X0288,7,4,4,4
1PA1K_X0289,7,4,4,4
1PA1K_X0291,7,4,4,4
1PA1K_X0292,7,4,4,4
1PA1K_X0294,7,4,4,4
1PA1K_X0295,7,4,4,4
1PA1N_PN66,7,4,4,4
1PA1N_PN67,7,4,4,4
1PA1N_PN68,7,4,4,4
1PA1N_PN69,7,4,4,4
1PA1N_PN70,7,4,4,4
1PA1N_PN71,7,4,4,4
1PA1N_PN72,7,4,4,4
1PA1N_PN73,7,4,4,4
1PA1N_PN74,7,4,4,4
1PA1N_PN75,7,4,4,4
1PA1N_PN76,7,4,4,4
1PA1N_PN77,7,4,4,4
1PA1N_PN78,7,4,4,4
1PA1N_PN79,7,4,4,4
1PA1N_PN80,7,4,4,4
1PA1N_PN82,7,4,4,4
1PA1N_PN83,7,4,4,4
1PA1N_PN84,7,4,4,4
1PA1N_PN85,7,4,4,4
1PA1N_PN86,7,4,4,4
1PA1N_PN87,7,4,4,4
1PA1N_PN88,7,4,4,4
1PA1N_PN89,7,4,4,4
1PA1N_PN90,7,4,4,4
1PA1N_PN91,7,4,4,4
1PA1N_PN92,7,4,4,4
1PA1N_PN93,7,4,4,4
1PA1N_PN94,7,4,4,4
1PA1N_PN95,7,4,4,4
1PA2C_X0925,7,4,4,4
1PA2C_X0926,7,4,4,4
1PA2C_X0927,7,4,4,4
1PA2C_X0928,7,4,4,4
1PA2C_X0930,7,4,4,4
1PA2C_X0932,7,4,4,4
1PA2C_X0933,7,4,4,4
1PA2C_X0934,7,4,4,4
1PA2C_X0935,7,4,4,4
1PA2C_X0936,7,4,4,4
1PA2C_X0949,7,4,4,4
1PA2C_X0950,7,4,4,4
1PA2C_X0951,7,4,4,4
1PA2C_X0952,7,4,4,4
1PA2C_X0955,7,4,4,4
1PA2C_X0956,7,4,4,4
1PA2C_X0957,7,4,4,4
1PA2C_X0958,7,4,4,4
1PA2C_X0959,7,4,4,4
1PA2C_X0960,7,4,4,4
1PA2F_X0725,7,4,4,4
1PA2F_X0726,7,4,4,4
1PA2F_X0727,7,4,4,4
1PA2F_X0728,7,4,4,4
1PA2F_X0729,7,4,4,4
1PA2F_X0730,7,4,4,4
1PA2F_X0731,7,4,4,4
1PA2F_X0732,7,4,4,4
1PA2F_X0733,7,4,4,4
1PA2F_X0734,7,4,4,4
1PA2F_X0735,7,4,4,4
1PA2F_X0736,7,4,4,4
1PA2F_X0737,7,4,4,4
1PA2F_X0738,7,4,4,4
1PA2F_X0742,7,4,4,4
1PA2F_X0743,7,4,4,4
1PA2F_X0745,7,4,4,4
1PA2F_X0747,7,4,4,4
1PA2F_X0748,7,4,4,4
1PA2K_X0801,7,4,4,4
1PA2K_X0802,7,4,4,4
1PA2K_X0803,7,4,4,4
1PA2K_X0804,7,4,4,4
1PA2K_X0805,7,4,4,4
1PA2K_X0806,7,4,4,4
1PA2K_X0807,7,4,4,4
1PA2K_X0809,7,4,4,4
1PA2K_X0810,7,4,4,4
1PA2K_X0812,7,4,4,4
1PA2K_X0814,7,4,4,4
1PA2K_X0815,7,4,4,4
1PA2K_X0816,7,4,4,4
1PA2K_X0817,7,4,4,4
1PA2K_X0818,7,4,4,4
1PA2K_X0819,7,4,4,4
1PA2K_X0821,7,4,4,4
1PA2K_X0822,7,4,4,4
1PA2K_X0823,7,4,4,4
1PA2K_X0824,7,4,4,4
1PA4C_24YD62,7,4,4,4
1PA4C_24YD63,7,4,4,4
1PA4C_24YD64,7,4,4,4
1PA4C_24YD65,7,4,4,4
1PA4C_24YD66,7,4,4,4
1PA4C_24YD67,7,4,4,4
1PA4C_24YD68,7,4,4,4
1PA4C_24YD69,7,4,4,4
1PA4C_24YD73,7,4,4,4
1PA4C_24YD76,7,4,4,4
1PA4C_24YD78,7,4,4,4
1PA4C_24YD79,7,4,4,4
1PA4F_24YD12,7,4,4,4
1PA4F_24YD14,7,4,4,4
1PA4F_24YD16,7,4,4,4
1PA4F_24YD17,7,4,4,4
1PA4F_24YD20,7,4,4,4
1PA4F_24YD7,7,4,4,4
1PA4F_24YD8,7,4,4,4
1PA4N_24YD22,7,4,4,4
1PA4N_24YD23,7,4,4,4
1PA4N_24YD24,7,4,4,4
1PA4N_24YD25,7,4,4,4
1PA4N_24YD26,7,4,4,4
1PA4N_24YD28,7,4,4,4
1PA4N_24YD29,7,4,4,4
1PA4N_24YD34,7,4,4,4
1PA4N_24YD35,7,4,4,4
1PA4N_24YD37,7,4,4,4
1PA4N_24YD38,7,4,4,4
1PA4N_24YD40,7,4,4,4
1PA4N_24YD41,7,4,4,4
1PA4N_24YD50,7,4,4,4
1PA4N_24YD51,7,4,4,4
1PA4N_24YD52,7,4,4,4
1PA4N_24YD53,7,4,4,4
1PA4N_24YD54,7,4,4,4
1PA4N_24YD55,7,4,4,4
1PA4N_24YD56,7,4,4,4
1PA4N_24YD57,7,4,4,4
1PA4N_24YD60,7,4,4,4
1PB2F_S1B57,7,4,4,4
2AA1F_AF10,7,4,4,4
2AA1N_X0227,7,4,4,4
2AA1N_X0228,7,4,4,4
2AA1N_X0230,7,4,4,4
2AA1N_X0231,7,4,4,4
2AA1N_X0232,7,4,4,4
2AA1N_X0233,7,4,4,4
2AA1N_X0513,7,4,4,4
2AA1N_X0516,7,4,4,4
2AA1N_X0517,7,4,4,4
2AA1N_X0518,7,4,4,4
2AA1N_X0522,7,4,4,4
2AA1N_X0525,7,4,4,4
2AA1N_X0526,7,4,4,4
2AA3C_23YAC92,7,4,4,4
2AA3K_9YD57,7,4,4,4
2AA3N_23YBC55,7,4,4,4
2AA3N_9YD25,7,4,4,4
2AA3N_9YD27,7,4,4,4
2AA3N_9YD37,7,4,4,4
2AB1K_X0307,7,4,4,4
2AB1K_X0310,7,4,4,4
2PA1C_X0634,7,4,4,4
2PA1C_X0637,7,4,4,4
2PA1C_X0641,7,4,4,4
2PA1C_X0642,7,4,4,4
2PA1C_X0645,7,4,4,4
2PA1C_X0646,7,4,4,4
2PA1C_X0649,7,4,4,4
2PA1C_X0650,7,4,4,4
2PA1C_X0659,7,4,4,4
2PA1C_X0660,7,4,4,4
2PA1F_X0336,7,4,4,4
2PA1F_X0342,7,4,4,4
2PA1K_X0238,7,4,4,4
2PA1K_X0261,7,1,1,1
2PA1N_PN36,7,4,4,4
2PA1N_PN37,7,4,4,4
2PA1N_PN38,7,4,4,4
2PA1N_PN40,7,4,4,4
2PA1N_PN49,7,4,4,4
2PA1N_PN52,7,4,4,4
2PA1N_PN61,7,4,4,4
2PA1N_PN63,7,4,4,4
2PA3C_Z05_25_16YB_F1125,7,4,4,4
2PA3C_Z05_46_16YB_E746,7,4,4,4
2PA3C_Z05_47_16YB_E847,7,4,4,4
2PA3C_Z05_48_16YB_E948,7,4,4,4
2PA3C_Z05_54_16YB_G1054,7,4,4,4
2PA3F_Z05_13_16YB_C113,7,4,4,4
2PA3N_Z01_44_23YDC_D844,7,4,4,4
2PA3N_Z05_22_16YB_C1022,7,4,4,4
2PA3N_Z05_27_16YB_D327,7,4,4,4
2PB1C_S1D01,7,4,4,4
2PB1C_S1D02,7,4,4,4
2PB1F_S1A13,7,4,4,4
3AB2N_X0749,7,4,4,4
3PA2C_X0780,7,4,4,4
3PA2C_X0782,7,4,4,4
3PA2C_X0783,7,4,4,4
3PA2C_X0786,7,4,4,4
3PA2C_X0787,7,4,4,4
3PA2C_X0795,7,4,4,4
3PA2F_X0849,7,4,4,4
3PA2F_X0862,7,4,4,4
3PA2N_X0974,7,4,4,4
3PA2N_X0978,7,4,4,4
3PA2N_X0981,7,4,4,4
3PA2N_X0982,7,4,4,4
3PA2N_X0983,7,4,4,4
3PA2N_X0984,7,4,4,4
3PA2N_X0985,7,4,4,4
3PA2N_X0989,7,4,4,4
3PA2N_X0990,7,4,4,4
3PA2N_X0993,7,4,4,4
3PA2N_X0994,7,4,4,4
3PA2N_X0995,7,4,4,4
5PA1F_X1127,7,4,4,4
5PA1F_X1128,7,4,4,4
5PA1F_X1129,7,4,4,4
5PA1F_X1131,7,4,4,4
5PA1F_X1133,7,4,4,4
5PA1F_X1134,7,4,4,4
5PA1F_X1135,7,4,4,4
5PA1F_X1139,7,4,4,4
5PA1F_X1142,7,4,4,4
5PA1F_X1144,7,4,4,4
5PA1F_X1148,7,4,4,4
5PA1K_X1234,7,4,4,4
5PA1K_X1236,7,4,4,4
5PA1K_X1244,7,4,4,4
5PA1N_X1149,7,4,4,4
5PA1N_X1153,7,4,4,4
5PA1N_X1165,7,4,4,4
5PA1N_X1172,7,4,4,4
5PB3F_24YB13,7,4,4,4
5PB3F_24YB23,7,4,4,4
5PB3F_24YB6,7,4,4,4
5PB3K_24YB57,7,4,4,4
5PB3N_24YB27,7,4,4,4
6PA1C_X0604,7,4,4,4
6PA1C_X0608,7,4,4,4
6PA1C_X0610,7,4,4,4
6PA1C_X0614,7,4,4,4
6PA1C_X0618,7,4,4,4
6PA1N_PN02,7,4,4,4
6PA1N_PN03,7,4,4,4
6PA1N_PN04,7,4,4,4
6PA1N_PN05,7,4,4,4
6PA1N_PN06,7,4,4,4
6PA1N_PN07,7,4,4,4
6PA1N_PN08,7,4,4,4
6PA1N_PN09,7,4,4,4
6PA1N_PN10,7,4,4,4
6PA1N_PN11,7,4,4,4
6PA1N_PN13,7,4,4,4
6PA1N_PN14,7,4,4,4
6PA1N_PN15,7,4,4,4
6PA1N_PN16,7,4,4,4
6PA1N_PN17,7,4,4,4
6PA1N_PN18,7,4,4,4
6PA1N_PN21,7,4,4,4
6PA1N_PN22,7,4,4,4
6PA1N_PN23,7,4,4,4
6PA1N_PN24,7,4,4,4
6PA1N_PN25,7,4,4,4
6PA1N_PN26,7,4,4,4
6PA1N_PN27,7,4,4,4
6PA1N_PN28,7,4,4,4
6PA1N_PN29,7,4,4,4
6PA1N_PN30,7,4,4,4
6PA1N_PN31,7,4,4,4
7PA3C_X1796,7,4,4,4
7PA3N_X1738,7,4,4,4
7PB4C_16YC92,7,4,3,4
7PB4K_16YC58,7,4,4,4
7PB4K_Z01_24_23YDC_B1123,7,4,4,4
1PA1K_X0273,6,4,4,4
2PA1N_PN42,6,3,3,3
7PB4F_16YC24,6,4,3,4
1AA4K_Z03_74_23YCC_F674,5,5,5,5
7AA4F_9YB24,5,3,3,3
8PB1N_25YC74,5,5,4,5
8PB4C_25YD73,4,2,2,2
1AA4F_Z03_25_23YCC_E125,3,3,3,3
1AA4F_Z03_82_16YA_B1082,3,3,3,3
7PB4N_16YC39,3,3,3,3
8PB1N_25YC78,3,3,3,3
8PB1N_25YC80,3,3,3,3
0CC1C_S1C25,2,2,2,2
0CC1C_S1C28,2,2,2,2
0CC1C_S1C31,2,2,2,2
0CC1C_S1C34,2,2,2,2
0CC1C_S1C37,2,2,2,2
0CC1C_S1C45,2,2,2,2
0CC1C_S1C46,2,2,2,2
0CC1F_S1A26,2,2,2,2
0CC1F_S1A29,2,2,2,2
0CC1F_S1A31,2,2,2,2
0CC1F_S1A33,2,2,2,2
0CC1F_S1A35,2,2,2,2
0CC1F_S1A36,2,2,2,2
0CC1F_S1A39,2,2,2,2
0CC1F_S1A47,2,2,2,2
0CC1K_S1B08,2,2,2,2
0CC1K_S1B23,2,2,2,2
0CC1N_S1D74,2,2,2,2
0CC1N_S1D82,2,2,2,2
0CC1N_S1D85,2,2,2,2
0CC1N_S1D86,2,2,2,2
0CC1N_S1D89,2,2,2,2
0CC1N_S1D92,2,2,2,2
1AA1C_X0471,2,2,2,2
1AA1C_X0484,2,2,2,2
1AA1C_X0486,2,2,2,2
1AA1C_X0493,2,2,2,2
1AA1C_X0494,2,2,2,2
1AA1F_AF70,2,2,2,2
1AA1F_AF71,2,2,2,2
1AA1F_AF79,2,2,2,2
1AA1F_AF81,2,2,2,2
1AA1F_AF90,2,2,2,2
1AA1F_AF91,2,2,2,2
1AA1K_X0166,2,2,2,2
1AA1K_X0177,2,2,2,2
1AA1K_X0180,2,2,2,2
1AA1K_X0190,2,2,2,2
1AA1N_X0579,2,2,2,2
1AA3C_X1883,2,2,2,2
1AA3K_X1806,2,2,2,2
1AA3K_X1815,2,2,2,2
1AA3K_X1822,2,2,2,2
1AA4C_Z04_23_16YA_H1023,2,2,2,2
1AA4F_Z04_2_16YA_C32,2,2,2,2
1AA4K_Z03_72_23YCC_F372,2,2,2,2
1AA4K_Z03_73_23YCC_F573,2,2,2,2
1AA4K_Z03_75_23YCC_F775,2,2,2,2
1AA4N_Z03_34_23YCC_E1034,2,2,2,2
1PA1C_X0682,2,2,2,2
1PA1C_X0683,2,2,2,2
1PA1C_X0684,2,2,2,2
1PA1F_X0376,2,2,2,2
1PA1F_X0385,2,2,2,2
1PA1F_X0394,2,2,2,2
1PB2F_S1B59,2,2,2,2
1PB2N_S1C73,2,2,2,2
1PB2N_S1C74,2,2,2,2
1PB2N_S1C75,2,2,2,2
1PB2N_S1C82,2,2,2,2
1PB2N_S1C83,2,2,2,2
1PB2N_S1C87,2,2,2,2
1PB2N_S1C90,2,2,2,2
1PB2N_S1C94,2,2,2,2
1PB3C_23YAC13,2,2,2,2
1PB3C_23YAC14,2,2,2,2
1PB3C_23YAC24,2,2,2,2
1PB3N_23YAC10,2,2,2,2
2AA1C_X0406,2,2,2,2
2AA1C_X0679,2,2,2,2
2AA1F_AF02,2,2,2,2
2AA1F_AF03,2,2,2,2
2AA1F_AF05,2,2,2,2
2AA1F_AF06,2,2,2,2
2AA1F_AF07,2,2,2,2
2AA1F_AF09,2,2,2,2
2AA1F_AF11,2,2,2,2
2AA1F_AF12,2,2,2,2
2AA1F_AF16,2,2,2,2
2AA1F_AF18,2,2,2,2
2AA1F_AF19,2,2,2,2
2AA1F_AF21,2,2,2,2
2AA1F_AF23,2,2,2,2
2AA1F_AF24,2,2,2,2
2AA1F_AF26,2,2,2,2
2AA1F_AF27,2,2,2,2
2AA1F_AF28,2,2,2,2
2AA1N_X0229,2,2,2,2
2AA1N_X0514,2,2,2,2
2AA1N_X0519,2,2,2,2
2AA1N_X0524,2,2,2,2
2AA1N_X0529,2,2,2,2
2AA1N_X0530,2,2,2,2
2AA3K_23YBC13,2,2,2,2
2AA3K_23YBC16,2,2,2,2
2AA3K_23YBC20,2,2,2,2
2AA3K_23YBC21,2,2,2,2
2AA3K_23YBC22,2,2,2,2
2AA3K_9YD51,2,2,2,2
2AA3K_9YD52,2,2,2,2
2AA3K_9YD54,2,2,2,2
2AA3K_9YD56,2,2,2,2
2AA3K_9YD58,2,2,2,2
2AA3K_9YD59,2,2,2,2
2AA3K_9YD61,2,2,2,2
2AA3K_9YD63,2,2,2,2
2AA3K_9YD66,2,2,2,2
2AA3K_9YD68,2,2,2,2
2AA3K_9YD69,2,2,2,2
2AA3K_9YD70,2,2,2,2
2AA3K_9YD71,2,2,2,2
2AA3N_23YBC49,2,2,2,2
2AA3N_23YBC50,2,2,2,2
2AA3N_23YBC52,2,2,2,2
2AA3N_23YBC53,2,2,2,2
2AA3N_23YBC54,2,2,2,2
2AA3N_23YBC56,2,2,2,2
2AA3N_23YBC58,2,2,2,2
2AA3N_23YBC59,2,2,2,2
2AA3N_23YBC60,2,2,2,2
2AA3N_9YD26,2,2,2,2
2AA3N_9YD28,2,2,2,2
2AA3N_9YD29,2,2,2,2
2AA3N_9YD30,2,2,2,2
2AA3N_9YD31,2,2,2,2
2AA3N_9YD35,2,2,2,2
2AA3N_9YD36,2,2,2,2
2AA3N_9YD38,2,2,2,2
2AA3N_9YD39,2,2,2,2
2AA3N_9YD40,2,2,2,2
2AA3N_9YD41,2,2,2,2
2AA3N_9YD42,2,2,2,2
2AA3N_9YD44,2,2,2,2
2AA3N_9YD47,2,2,2,2
2PB1C_S1D03,2,2,2,2
2PB1C_S1D14,2,2,2,2
2PB1K_S1C70,2,2,2,2
2PB1N_S1B36,2,2,2,2
2PB1N_S1B48,2,2,2,2
3AB2C_S2R268,2,2,2,2
3PA2C_X0793,2,2,2,2
3PA2C_X0796,2,2,2,2
3PA2F_X0852,2,2,2,2
3PA2F_X0860,2,2,2,2
3PA2N_X0973,2,2,2,2
3PA2N_X0976,2,2,2,2
3PA2N_X0980,2,2,2,2
3PA2N_X0986,2,2,2,2
3PA2N_X0992,2,2,2,2
3PA2N_X0996,2,2,2,2
4AA1F_X1338,2,2,2,2
4AA1F_X1355,2,2,2,2
4AA1F_X1356,2,2,2,2
4AA1F_X1357,2,2,2,2
4AA1F_X1463,2,2,2,2
4AA1F_X1466,2,2,2,2
4AA1F_X1481,2,2,2,2
4AA1F_X1482,2,2,2,2
4AA1F_X1484,2,2,2,2
4AA1K_X1527,2,2,2,2
4AA1K_X1528,2,2,2,2
4AA1K_X1530,2,2,2,2
4AA1K_X1532,2,2,2,2
4AA1K_X1538,2,2,2,2
4AA1K_X1539,2,2,2,2
4AA1K_X1544,2,2,2,2
4AA1N_X1646,2,2,2,2
4AB1K_X1658,2,2,2,2
4AB1K_X1660,2,2,2,2
5AA1K_X1302,2,2,2,2
5AA1K_X1305,2,2,2,2
5AA1K_X1306,2,2,2,2
5PA1F_X1130,2,2,2,2
5PA1F_X1132,2,2,2,2
5PA1F_X1147,2,2,2,2
5PA1K_X1226,2,2,2,2
5PA1K_X1228,2,2,2,2
5PA1K_X1229,2,2,2,2
5PA1K_X1231,2,2,2,2
5PA1K_X1233,2,2,2,2
5PA1K_X1237,2,2,2,2
5PA1K_X1238,2,2,2,2
5PA1K_X1239,2,2,2,2
5PA1K_X1243,2,2,2,2
5PA1K_X1245,2,2,2,2
5PA1K_X1246,2,2,2,2
5PA1N_X1157,2,2,2,2
5PA1N_X1167,2,2,2,2
5PB3C_24YB76,2,2,2,2
5PB3C_24YB91,2,2,2,2
5PB3K_24YB72,2,2,2,2
5PB3N_24YB33,2,2,2,2
5PB3N_24YB34,2,2,2,2
5PB3N_24YB40,2,2,2,2
5PB3N_24YB41,2,2,2,2
5PB3N_24YB43,2,2,2,2
5PB3N_24YB44,2,2,2,2
5PB3N_24YB47,2,2,2,2
6AA1C_X0438,2,2,2,2
6AA1C_X0439,2,2,2,2
6AA1C_X0441,2,2,2,2
6AA1C_X0444,2,2,2,2
6AA1C_X0445,2,2,2,2
6AA1C_X0446,2,2,2,2
6AA1C_X0448,2,2,2,2
6AA1C_X0450,2,2,2,2
6AA1C_X0451,2,2,2,2
6AA1C_X0452,2,2,2,2
6AA1C_X0455,2,2,2,2
6AA1C_X0456,2,2,2,2
6AA1C_X0458,2,2,2,2
6AA1C_X0459,2,2,2,2
6AA1C_X0460,2,2,2,2
6AA1C_X0461,2,2,2,2
6AA1C_X0680,2,2,2,2
6AA1C_X0681,2,2,2,2
6AA1F_AF35,2,2,2,2
6AA1F_AF36,2,2,2,2
6AA1F_AF37,2,2,2,2
6AA1F_AF39,2,2,2,2
6AA1F_AF41,2,2,2,2
6AA1F_AF42,2,2,2,2
6AA1F_AF43,2,2,2,2
6AA1F_AF44,2,2,2,2
6AA1F_AF47,2,2,2,2
6AA1F_AF48,2,2,2,2
6AA1F_AF49,2,2,2,2
6AA1F_AF50,2,2,2,2
6AA1F_AF51,2,2,2,2
6AA1F_AF53,2,2,2,2
6AA1F_AF54,2,2,2,2
6AA1F_AF55,2,2,2,2
6AA1F_AF56,2,2,2,2
6AA1F_AF57,2,2,2,2
6AA1F_AF58,2,2,2,2
6AA1F_AF60,2,2,2,2
6AA1F_AF62,2,2,2,2
6AA1F_AF63,2,2,2,2
6AA1F_X0596,2,2,2,2
6AA1K_X0137,2,2,2,2
6AA1K_X0138,2,2,2,2
6AA1K_X0139,2,2,2,2
6AA1K_X0141,2,2,2,2
6AA1K_X0143,2,2,2,2
6AA1K_X0144,2,2,2,2
6AA1K_X0147,2,2,2,2
6AA1K_X0148,2,2,2,2
6AA1K_X0149,2,2,2,2
6AA1K_X0151,2,2,2,2
6AA1K_X0152,2,2,2,2
6AA1K_X0153,2,2,2,2
6AA1K_X0155,2,2,2,2
6AA1K_X0159,2,2,2,2
6AA1K_X0160,2,2,2,2
6AA1K_X0161,2,2,2,2
6AA1K_X0162,2,2,2,2
6AA1K_X0163,2,2,2,2
6AA1N_X0534,2,2,2,2
6AA1N_X0535,2,2,2,2
6AA1N_X0537,2,2,2,2
6AA1N_X0544,2,2,2,2
6AA1N_X0545,2,2,2,2
6AA1N_X0546,2,2,2,2
6AA1N_X0547,2,2,2,2
6AA1N_X0548,2,2,2,2
6AA1N_X0551,2,2,2,2
6AA1N_X0552,2,2,2,2
6AA1N_X0553,2,2,2,2
6AA1N_X0554,2,2,2,2
6AA1N_X0556,2,2,2,2
6AA1N_X0557,2,2,2,2
6AA1N_X0558,2,2,2,2
6AA1N_X0559,2,2,2,2
6AA1N_X0562,2,2,2,2
7AA1C_X1372,2,2,2,2
7AA1K_X1662,2,2,2,2
7AA1K_X1663,2,2,2,2
7AA1K_X1666,2,2,2,2
7AA1K_X1667,2,2,2,2
7AA1N_X1425,2,2,2,2
7AA1N_X1426,2,2,2,2
7AA1N_X1427,2,2,2,2
7AA1N_X1428,2,2,2,2
7AA1N_X1429,2,2,2,2
7AA1N_X1430,2,2,2,2
7AA1N_X1432,2,2,2,2
7AA1N_X1433,2,2,2,2
7AA1N_X1434,2,2,2,2
7AA1N_X1447,2,2,2,2
7AA1N_X1448,2,2,2,2
7AA1N_X1449,2,2,2,2
7AA1N_X1450,2,2,2,2
7AA1N_X1451,2,2,2,2
7AA1N_X1452,2,2,2,2
7AA1N_X1453,2,2,2,2
7AA1N_X1454,2,2,2,2
7AA1N_X1455,2,2,2,2
7AA1N_X1456,2,2,2,2
7AA1N_X1457,2,2,2,2
7AA1N_X1458,2,2,2,2
7AA1N_X1459,2,2,2,2
7AA1N_X1460,2,2,2,2
7AA4F_23YAC67,2,2,2,2
7AA4F_23YAC70,2,2,2,2
7AA4F_9YB10,2,2,2,2
7AA4F_9YB11,2,2,2,2
7AA4F_9YB14,2,2,2,2
7AA4F_9YB17,2,2,2,2
7AA4F_9YB19,2,2,2,2
7AA4F_9YB2,2,2,2,2
7AA4F_9YB20,2,2,2,2
7AA4F_9YB22,2,2,2,2
7AA4F_9YB23,2,2,2,2
7AA4F_9YB3,2,2,2,2
7AA4F_9YB6,2,2,2,2
7AA4F_9YB9,2,2,2,2
7AA4K_9YB60,2,2,2,2
7AA4K_9YB61,2,2,2,2
7AA4K_9YB62,2,2,2,2
7AA4K_9YB63,2,2,2,2
7AA4K_9YB64,2,2,2,2
7AA4K_9YB65,2,2,2,2
7AA4K_9YB66,2,2,2,2
7AA4K_9YB67,2,2,2,2
7AA4N_23YAC61,2,2,2,2
7AA4N_23YAC62,2,2,2,2
7AA4N_23YAC63,2,2,2,2
7AA4N_23YAC64,2,2,2,2
7AA4N_23YAC65,2,2,2,2
7AA4N_23YAC66,2,2,2,2
7AA4N_9YB49,2,2,2,2
7AA4N_9YB50,2,2,2,2
7AA4N_9YB52,2,2,2,2
7AA4N_9YB53,2,2,2,2
7AA4N_9YB54,2,2,2,2
7AA4N_9YB55,2,2,2,2
7AA4N_9YB56,2,2,2,2
7AA4N_9YB58,2,2,2,2
7AB1N_X1188,2,2,2,2
7AB3F_X1949,2,2,2,2
7AB3K_X1912,2,2,2,2
7AB3K_X1918,2,2,2,2
7AB3K_X1922,2,2,2,2
7PA3F_X1722,2,2,2,2
7PB4C_16YC73,2,2,2,2
7PB4C_16YC74,2,2,2,2
7PB4C_16YC76,2,2,2,2
7PB4C_16YC77,2,2,2,2
7PB4C_16YC78,2,2,2,2
7PB4C_16YC82,2,2,2,2
7PB4C_16YC83,2,2,2,2
7PB4C_16YC84,2,2,2,2
7PB4C_16YC85,2,2,2,2
7PB4C_16YC87,2,2,2,2
7PB4C_16YC88,2,2,2,2
7PB4C_16YC96,2,2,2,2
7PB4C_Z01_3_23YDC_A33,2,2,2,2
7PB4C_Z01_4_23YDC_A44,2,2,2,2
7PB4F_16YC11,2,2,2,2
7PB4F_16YC13,2,2,2,2
7PB4F_16YC17,2,2,2,2
7PB4F_16YC18,2,2,2,2
7PB4F_16YC19,2,2,2,2
7PB4F_16YC3,2,2,2,2
7PB4F_16YC6,2,2,2,2
7PB4F_16YC7,2,2,2,2
7PB4F_16YC9,2,2,2,2
7PB4K_16YC51,2,2,2,2
7PB4K_16YC54,2,2,2,2
7PB4K_16YC56,2,2,2,2
7PB4K_16YC61,2,2,2,2
7PB4K_16YC65,2,2,2,2
7PB4K_16YC66,2,2,2,2
7PB4K_16YC67,2,2,2,2
7PB4K_16YC69,2,2,2,2
7PB4K_Z01_20_23YDC_B820,2,2,2,2
7PB4K_Z01_21_23YDC_B921,2,2,2,2
7PB4K_Z01_22_23YDC_B1022,2,2,2,2
7PB4N_16YC25,2,2,2,2
7PB4N_16YC26,2,2,2,2
7PB4N_16YC27,2,2,2,2
7PB4N_16YC28,2,2,2,2
7PB4N_16YC29,2,2,2,2
7PB4N_16YC30,2,2,2,2
7PB4N_16YC31,2,2,2,2
7PB4N_16YC32,2,2,2,2
7PB4N_16YC34,2,2,2,2
7PB4N_16YC37,2,2,2,2
7PB4N_16YC38,2,2,2,2
7PB4N_16YC42,2,2,2,2
7PB4N_16YC43,2,2,2,2
7PB4N_16YC46,2,2,2,2
7PB4N_Z01_17_23YDC_B517,2,2,2,2
7PB4N_Z01_18_23YDC_B618,2,2,2,2
8AB1C_25YH73,2,2,2,2
8AB1C_25YH77,2,2,2,2
8AB1C_25YH78,2,2,2,2
8AB1C_25YH79,2,2,2,2
8AB1C_25YH80,2,2,2,2
8AB1C_25YH81,2,2,2,2
8AB1C_25YH82,2,2,2,2
8AB1C_25YH83,2,2,2,2
8AB1C_25YH84,2,2,2,2
8AB1C_25YH85,2,2,2,2
8AB1C_25YH86,2,2,2,2
8AB1C_25YH87,2,2,2,2
8AB1C_25YH88,2,2,2,2
8AB1C_25YH89,2,2,2,2
8AB1C_25YH92,2,2,2,2
8AB1C_25YH95,2,2,2,2
8AB1C_25YH96,2,2,2,2
8AB1F_25YH1,2,2,2,2
8AB1F_25YH10,2,2,2,2
8AB1F_25YH12,2,2,2,2
8AB1F_25YH13,2,2,2,2
8AB1F_25YH14,2,2,2,2
8AB1F_25YH15,2,2,2,2
8AB1F_25YH16,2,2,2,2
8AB1F_25YH18,2,2,2,2
8AB1F_25YH20,2,2,2,2
8AB1F_25YH21,2,2,2,2
8AB1F_25YH22,2,2,2,2
8AB1F_25YH23,2,2,2,2
8AB1F_25YH3,2,2,2,2
8AB1F_25YH6,2,2,2,2
8AB1F_25YH7,2,2,2,2
8AB1F_25YH8,2,2,2,2
8AB1K_25YH53,2,2,2,2
8AB1K_25YH55,2,2,2,2
8AB1K_25YH60,2,2,2,2
8AB1K_25YH64,2,2,2,2
8AB1N_25YH45,2,2,2,2
8AB3C_24YA80,2,2,2,2
8AB3C_24YA81,2,2,2,2
8AB3C_24YA82,2,2,2,2
8AB3C_24YA83,2,2,2,2
8AB3C_24YA84,2,2,2,2
8AB3C_24YA86,2,2,2,2
8AB3C_24YA87,2,2,2,2
8AB3C_24YA88,2,2,2,2
8AB3C_24YA89,2,2,2,2
8AB3C_24YA90,2,2,2,2
8AB3C_24YA91,2,2,2,2
8AB3C_24YA92,2,2,2,2
8AB3F_24YA11,2,2,2,2
8AB3F_24YA15,2,2,2,2
8AB3F_24YA16,2,2,2,2
8AB3F_24YA17,2,2,2,2
8AB3F_24YA2,2,2,2,2
8AB3F_24YA21,2,2,2,2
8AB3F_24YA23,2,2,2,2
8AB3F_24YA6,2,2,2,2
8AB3F_24YA7,2,2,2,2
8AB3F_24YA8,2,2,2,2
8AB3N_24YA33,2,2,2,2
8AB4C_25YA74,2,2,2,2
8AB4C_25YA80,2,2,2,2
8AB4C_25YA83,2,2,2,2
8AB4C_25YA86,2,2,2,2
8AB4C_25YA91,2,2,2,2
8AB4C_25YA94,2,2,2,2
8AB4C_25YA96,2,2,2,2
8AB4F_25YA1,2,2,2,2
8AB4F_25YA17,2,2,2,2
8AB4F_25YA7,2,2,2,2
8AB4F_25YA8,2,2,2,2
8AB4F_25YA9,2,2,2,2
8AB4K_25YA53,2,2,2,2
8AB4K_25YA63,2,2,2,2
8AB4K_25YA64,2,2,2,2
8AC1C_25YC6,2,2,2,2
8AC4F_9YC4,2,2,2,2
8PA3C_25YE88,2,2,2,2
8PA3C_25YE89,2,2,2,2
8PA3C_25YE90,2,2,2,2
8PA3C_25YE92,2,2,2,2
8PA3C_25YE94,2,2,2,2
8PA3N_25YE27,2,2,2,2
8PA3N_25YE37,2,2,2,2
8PA3N_25YE47,2,2,2,2
8PB1N_25YC55,2,2,2,2
8PB1N_25YC56,2,2,2,2
8PB1N_25YC57,2,2,2,2
8PB1N_25YC58,2,2,2,2
8PB1N_25YC60,2,2,2,2
8PB1N_25YC62,2,2,2,2
8PB1N_25YC63,2,2,2,2
8PB1N_25YC65,2,2,2,2
8PB1N_25YC66,2,2,2,2
8PB1N_25YC67,2,2,2,2
8PB1N_25YC68,2,2,2,2
8PB1N_25YC69,2,2,2,2
8PB1N_25YC70,2,2,2,2
8PB1N_25YC71,2,2,2,2
8PB1N_25YC72,2,2,2,2
8PB1N_25YC73,2,2,2,2
8PB1N_25YC76,2,2,2,2
8PB1N_25YC77,2,2,2,2
8PB1N_25YC79,2,2,2,2
8PB1N_25YC81,2,2,2,2
8PB1N_25YC82,2,2,2,2
8PB1N_25YC83,2,2,2,2
8PB1N_25YC85,2,2,2,2
8PB1N_25YC86,2,2,2,2
8PB1N_25YC87,2,2,2,2
8PB1N_25YC88,2,2,2,2
8PB1N_25YC89,2,2,2,2
8PB1N_25YC90,2,2,2,2
8PB1N_25YC91,2,2,2,2
8PB1N_25YC92,2,2,2,2
8PB1N_25YC93,2,2,2,2
8PB1N_25YC94,2,2,2,2
8PB1N_25YC95,2,2,2,2
8PB1N_25YC96,2,2,2,2
8PB4C_25YD74,2,2,2,2
8PB4C_25YD79,2,2,2,2
8PB4C_25YD80,2,2,2,2
8PB4C_25YD81,2,2,2,2
8PB4C_25YD82,2,2,2,2
8PB4C_25YD87,2,2,2,2
8PB4C_25YD89,2,2,2,2
8PB4C_25YD90,2,2,2,2
8PB4C_25YD93,2,2,2,2
8PB4C_25YD94,2,2,2,2
8PB4C_25YD96,2,2,2,2
8PB4F_25YD10,2,2,2,2
8PB4F_25YD13,2,2,2,2
8PB4F_25YD14,2,2,2,2
8PB4F_25YD15,2,2,2,2
8PB4F_25YD16,2,2,2,2
8PB4F_25YD21,2,2,2,2
8PB4F_25YD22,2,2,2,2
8PB4F_25YD23,2,2,2,2
8PB4F_25YD24,2,2,2,2
8PB4F_25YD3,2,2,2,2
8PB4F_25YD8,2,2,2,2
0CC2N_S1D54,1,1,1,1
0CC2N_S1D58,1,1,1,1
0CC2N_S1D69,1,1,1,1
1AA1C_X0466,1,1,1,1
1AA1C_X0467,1,1,1,1
1AA1C_X0472,1,1,1,1
1AA1C_X0477,1,1,1,1
1AA1C_X0479,1,1,1,1
1AA1C_X0491,1,1,1,1
1AA1C_X0492,1,1,1,1
1AA1F_AF88,1,1,1,1
1AA1F_AF93,1,1,1,1
1AA1K_X0167,1,1,1,1
1AA1K_X0168,1,1,1,1
1AA1K_X0170,1,1,1,1
1AA1K_X0173,1,1,1,1
1AA1K_X0176,1,1,1,1
1AA1K_X0182,1,1,1,1
1AA1K_X0183,1,1,1,1
1AA1K_X0184,1,1,1,1
1AA1K_X0186,1,1,1,1
1AA1K_X0192,1,1,1,1
1AA1K_X0193,1,1,1,1
1AA1K_X0194,1,1,1,1
1AA1K_X0195,1,1,1,1
1AA1N_X0566,1,1,1,1
1AA1N_X0567,1,1,1,1
1AA1N_X0568,1,1,1,1
1AA1N_X0571,1,1,1,1
1AA1N_X0574,1,1,1,1
1AA1N_X0580,1,1,1,1
1AA1N_X0581,1,1,1,1
1AA1N_X0582,1,1,1,1
1AA1N_X0583,1,1,1,1
1AA1N_X0584,1,1,1,1
1AA1N_X0586,1,1,1,1
1AA1N_X0587,1,1,1,1
1AA1N_X0590,1,1,1,1
1AA1N_X0591,1,1,1,1
1AA1N_X0593,1,1,1,1
1AA1N_X0594,1,1,1,1
1AA3C_X1871,1,1,1,1
1AA3C_X1872,1,1,1,1
1AA3F_X1801,1,1,1,1
1AA3K_X1810,1,1,1,1
1AA3K_X1817,1,1,1,1
1AA3K_X1818,1,1,1,1
1AA3K_X1824,1,1,1,1
1AA3K_X1825,1,1,1,1
1AA3K_X1831,1,1,1,1
1AA3N_X1838,1,1,1,1
1AA3N_X1839,1,1,1,1
1AA3N_X1840,1,1,1,1
1AA3N_X1843,1,1,1,1
1AA3N_X1844,1,1,1,1
1AA3N_X1845,1,1,1,1
1AA3N_X1847,1,1,1,1
1AA3N_X1848,1,1,1,1
1AA3N_X1850,1,1,1,1
1AA3N_X1853,1,1,1,1
1AA3N_X1854,1,1,1,1
1AA3N_X1855,1,1,1,1
1AA3N_X1857,1,1,1,1
1AA3N_X1860,1,1,1,1
1AA3N_X1862,1,1,1,1
1AA3N_X1863,1,1,1,1
1AA3N_X1864,1,1,1,1
1AA4C_Z04_22_16YA_H922,1,1,1,1
1AA4C_Z04_24_16YA_H1124,1,1,1,1
1AA4C_Z04_38_16YA_H238,1,1,1,1
1AA4C_Z04_49_16YA_F749,1,1,1,1
1AA4C_Z04_50_16YA_F850,1,1,1,1
1AA4C_Z04_51_16YA_F951,1,1,1,1
1AA4C_Z04_52_16YA_F1052,1,1,1,1
1AA4C_Z04_53_16YA_F1153,1,1,1,1
1AA4C_Z04_54_16YA_F1254,1,1,1,1
1AA4F_Z04_28_16YA_F428,1,1,1,1
1AA4F_Z04_29_16YA_F529,1,1,1,1
1AA4K_Z04_13_16YA_D113,1,1,1,1
1AA4K_Z04_14_16YA_D214,1,1,1,1
1AA4K_Z04_15_16YA_D315,1,1,1,1
1AA4K_Z04_19_16YA_D719,1,1,1,1
1AA4K_Z04_30_16YA_E630,1,1,1,1
1AA4K_Z04_31_16YA_E731,1,1,1,1
1AA4K_Z04_32_16YA_E832,1,1,1,1
1AA4N_Z04_4_16YA_C54,1,1,1,1
1AA4N_Z04_6_16YA_C86,1,1,1,1
1AA4N_Z04_7_16YA_C97,1,1,1,1
1AA4N_Z04_9_16YA_C119,1,1,1,1
1PA1K_X0274,1,1,1,1
1PB2N_S1C79,1,1,1,1
1PB2N_S1C84,1,1,1,1
1PB2N_S1C88,1,1,1,1
1PB2N_S1C91,1,1,1,1
1PB2N_S1C92,1,1,1,1
1PB2N_S1C95,1,1,1,1
1PB2N_S1C96,1,1,1,1
1PB3N_23YAC12,1,1,1,1
1PB3N_23YAC9,1,1,1,1
2AA1K_X0110,1,1,1,1
2AA1K_X0111,1,1,1,1
2AA1K_X0112,1,1,1,1
2AA1N_X0520,1,1,1,1
2PA1N_PN50,1,1,1,1
2PA1N_PN51,1,1,1,1
4AB1K_X1436,1,1,1,1
6AA1F_AF61,1,1,1,1
6AA1K_X0140,1,1,1,1
6AA1K_X0145,1,1,1,1
6AA1K_X0146,1,1,1,1
6AA1K_X0150,1,1,1,1
6AA1K_X0154,1,1,1,1
6AA1K_X0157,1,1,1,1
6AA1K_X0158,1,1,1,1
6AA1N_X0538,1,1,1,1
6AA1N_X0540,1,1,1,1
6AA1N_X0541,1,1,1,1
6AA1N_X0542,1,1,1,1
6AA1N_X0550,1,1,1,1
6AA1N_X0555,1,1,1,1
6AA1N_X0560,1,1,1,1
7AA4F_23YAC68,1,1,1,1
7AA4F_9YB13,1,1,1,1
8AB1F_25YH9,1,1,1,1
8AB3F_24YA22,1,1,1,1
8AB4C_25YA87,1,1,1,1
8AB4C_25YA89,1,1,1,1
8AB4C_25YA92,1,1,1,1
8AB4F_25YA13,1,1,1,1
8AB4F_25YA14,1,1,1,1
8AB4F_25YA18,1,1,1,1
8PB4K_25YD58,1,1,1,1
